0.00499725,-0.0107422,-0.0166016,1.00098,-3.78418,-5.31006,-2.2583,3017,2159,-6834,
0.00500107,-0.0107422,-0.0166016,1.00098,-3.78418,-5.31006,-2.2583,3012,2159,-6838,
0.00500107,-0.0161133,-0.0141602,1.01758,-1.2207,-2.80762,-0.732422,3011,2160,-6841,
0.00500107,-0.0161133,-0.0141602,1.01758,-1.2207,-2.80762,-0.732422,3010,2160,-6842,
0.00499725,-0.0161133,-0.0141602,1.01758,-1.2207,-2.80762,-0.732422,3008,2163,-6844,
0.00500107,-0.0161133,-0.0141602,1.01758,-1.2207,-2.80762,-0.732422,3006,2165,-6844,
0.00500107,-0.00585938,-0.0112305,1.02002,0.488281,3.05176,2.01416,3004,2166,-6844,
0.00499725,-0.00585938,-0.0112305,1.02002,0.488281,3.05176,2.01416,3002,2167,-6846,
0.00500107,-0.00585938,-0.0112305,1.02002,0.488281,3.05176,2.01416,3004,2167,-6848,
0.00500107,-0.00585938,-0.0112305,1.02002,0.488281,3.05176,2.01416,3006,2168,-6849,
0.00500107,-0.0244141,-0.00585938,0.995605,4.69971,3.35693,-0.915527,3007,2170,-6851,
0.00499725,-0.0244141,-0.00585938,0.995605,4.69971,3.35693,-0.915527,3007,2169,-6854,
0.00500107,-0.0244141,-0.00585938,0.995605,4.69971,3.35693,-0.915527,3009,2167,-6856,
0.00500107,-0.0244141,-0.00585938,0.995605,4.69971,3.35693,-0.915527,3012,2165,-6856,
0.00499725,-0.0234375,-0.012207,0.98877,1.40381,0,-0.183105,3015,2162,-6855,
0.00500107,-0.0234375,-0.012207,0.98877,1.40381,0,-0.183105,3018,2161,-6854,
0.00500107,-0.0234375,-0.012207,0.98877,1.40381,0,-0.183105,3018,2159,-6851,
0.00500107,-0.0234375,-0.012207,0.98877,1.40381,0,-0.183105,3017,2156,-6854,
0.00499725,0.00585938,-0.00146484,1.01807,-1.28174,0.610352,1.46484,3015,2154,-6858,
0.00500107,0.00585938,-0.00146484,1.01807,-1.28174,0.610352,1.46484,3013,2154,-6862,
0.00500107,0.00585938,-0.00146484,1.01807,-1.28174,0.610352,1.46484,3012,2155,-6870,
0.00500107,0.00585938,-0.00146484,1.01807,-1.28174,0.610352,1.46484,3012,2156,-6875,
0.00499725,-0.0126953,-0.00537109,1.00781,2.44141,2.80762,-0.12207,3013,2158,-6877,
0.00500107,-0.0126953,-0.00537109,1.00781,2.44141,2.80762,-0.12207,3014,2157,-6878,
0.00500107,-0.0126953,-0.00537109,1.00781,2.44141,2.80762,-0.12207,3018,2157,-6875,
0.00499725,-0.0126953,-0.00537109,1.00781,2.44141,2.80762,-0.12207,3020,2157,-6870,
0.00500107,-0.0224609,-0.00390625,0.98877,0,2.44141,0.366211,3021,2158,-6868,
0.00500107,-0.0224609,-0.00390625,0.98877,0,2.44141,0.366211,3025,2158,-6865,
0.00500107,-0.0224609,-0.00390625,0.98877,0,2.44141,0.366211,3027,2158,-6862,
0.00499725,-0.0224609,-0.00390625,0.98877,0,2.44141,0.366211,3030,2157,-6862,
0.00500107,-0.0244141,0.00244141,0.995605,-0.366211,-2.2583,-4.02832,3031,2154,-6863,
0.00500107,-0.0244141,0.00244141,0.995605,-0.366211,-2.2583,-4.02832,3032,2150,-6861,
0.00499725,-0.0244141,0.00244141,0.995605,-0.366211,-2.2583,-4.02832,3029,2149,-6861,
0.00500107,-0.0244141,0.00244141,0.995605,-0.366211,-2.2583,-4.02832,3029,2149,-6857,
0.00500107,-0.0263672,-0.0141602,1.01465,-0.915527,-2.56348,-4.39453,3028,2151,-6855,
0.00500107,-0.0263672,-0.0141602,1.01465,-0.915527,-2.56348,-4.39453,3027,2154,-6857,
0.00499725,-0.0263672,-0.0141602,1.01465,-0.915527,-2.56348,-4.39453,3028,2156,-6857,
0.00500107,-0.0263672,-0.0141602,1.01465,-0.915527,-2.56348,-4.39453,3027,2158,-6858,
0.00500107,-0.00976562,-0.0263672,1.02539,0.366211,4.27246,1.34277,3026,2159,-6855,
0.00499725,-0.00976562,-0.0263672,1.02539,0.366211,4.27246,1.34277,3026,2159,-6853,
0.00500107,-0.00976562,-0.0263672,1.02539,0.366211,4.27246,1.34277,3027,2159,-6852,
0.00500107,-0.00976562,-0.0263672,1.02539,0.366211,4.27246,1.34277,3026,2157,-6849,
0.00500107,-0.0380859,-0.0107422,0.977051,5.67627,6.10352,2.99072,3026,2156,-6849,
0.00499725,-0.0380859,-0.0107422,0.977051,5.67627,6.10352,2.99072,3026,2153,-6850,
0.00500107,-0.0380859,-0.0107422,0.977051,5.67627,6.10352,2.99072,3025,2150,-6849,
0.00500107,-0.0380859,-0.0107422,0.977051,5.67627,6.10352,2.99072,3028,2148,-6847,
0.00500107,-0.0458984,0.00683594,0.954102,-0.183105,-3.05176,-0.976562,3030,2146,-6845,
0.00499725,-0.0458984,0.00683594,0.954102,-0.183105,-3.05176,-0.976562,3032,2146,-6846,
0.00500107,-0.0458984,0.00683594,0.954102,-0.183105,-3.05176,-0.976562,3033,2145,-6845,
0.00500107,-0.0458984,0.00683594,0.954102,-0.183105,-3.05176,-0.976562,3033,2146,-6848,
0.00499725,-0.0126953,-0.000976562,1.00781,-6.95801,-9.8877,-5.43213,3030,2149,-6850,
0.00500107,-0.0126953,-0.000976562,1.00781,-6.95801,-9.8877,-5.43213,3026,2150,-6849,
0.00500107,-0.0126953,-0.000976562,1.00781,-6.95801,-9.8877,-5.43213,3023,2152,-6846,
0.00500107,-0.0126953,-0.000976562,1.00781,-6.95801,-9.8877,-5.43213,3020,2154,-6843,
0.00499725,-0.0126953,-0.0332031,1.03857,-1.09863,-4.21143,-3.41797,3018,2154,-6845,
0.00500107,-0.0126953,-0.0332031,1.03857,-1.09863,-4.21143,-3.41797,3015,2154,-6847,
0.00500107,-0.0126953,-0.0332031,1.03857,-1.09863,-4.21143,-3.41797,3012,2155,-6850,
0.00499725,-0.0126953,-0.0332031,1.03857,-1.09863,-4.21143,-3.41797,3010,2155,-6855,
0.00500107,-0.0166016,-0.0151367,1.01172,4.5166,5.12695,3.90625,3009,2155,-6860,
0.00500107,-0.0166016,-0.0151367,1.01172,4.5166,5.12695,3.90625,3011,2156,-6861,
0.00500107,-0.0166016,-0.0151367,1.01172,4.5166,5.12695,3.90625,3013,2156,-6860,
0.00499725,-0.0166016,-0.0151367,1.01172,4.5166,5.12695,3.90625,3016,2155,-6857,
0.00500107,-0.00732422,0.000488281,0.989746,2.99072,4.82178,1.0376,3017,2153,-6854,
0.00500107,-0.00732422,0.000488281,0.989746,2.99072,4.82178,1.0376,3017,2150,-6853,
0.00499725,-0.00732422,0.000488281,0.989746,2.99072,4.82178,1.0376,3017,2149,-6853,
0.00500107,-0.00732422,0.000488281,0.989746,2.99072,4.82178,1.0376,3016,2148,-6854,
0.00500107,-0.0209961,0.00927734,0.998535,0.244141,1.46484,-4.45557,3015,2149,-6854,
0.00500107,-0.0209961,0.00927734,0.998535,0.244141,1.46484,-4.45557,3014,2150,-6851,
0.00499725,-0.0209961,0.00927734,0.998535,0.244141,1.46484,-4.45557,3014,2149,-6848,
0.00500107,-0.0209961,0.00927734,0.998535,0.244141,1.46484,-4.45557,3016,2150,-6845,
0.00500107,-0.0146484,-0.0283203,1.00244,0.427246,0.488281,-1.70898,3019,2152,-6843,
0.00500107,-0.0146484,-0.0283203,1.00244,0.427246,0.488281,-1.70898,3020,2152,-6841,
0.00499725,-0.0146484,-0.0283203,1.00244,0.427246,0.488281,-1.70898,3022,2151,-6838,
0.00500107,-0.0146484,-0.0283203,1.00244,0.427246,0.488281,-1.70898,3023,2148,-6835,
0.00500107,-0.00537109,-0.0170898,0.990234,2.13623,0.915527,3.479,3023,2145,-6831,
0.00499725,-0.00537109,-0.0170898,0.990234,2.13623,0.915527,3.479,3023,2143,-6831,
0.00500107,-0.00537109,-0.0170898,0.990234,2.13623,0.915527,3.479,3023,2141,-6832,
0.00500107,-0.00537109,-0.0170898,0.990234,2.13623,0.915527,3.479,3020,2141,-6833,
0.00500107,-0.00830078,-0.0078125,0.974609,0.915527,-2.01416,2.31934,3018,2141,-6835,
0.00499725,-0.00830078,-0.0078125,0.974609,0.915527,-2.01416,2.31934,3016,2141,-6837,
0.00500107,-0.00830078,-0.0078125,0.974609,0.915527,-2.01416,2.31934,3014,2142,-6839,
0.00500107,-0.00830078,-0.0078125,0.974609,0.915527,-2.01416,2.31934,3013,2142,-6845,
0.00499725,-0.00732422,0.00537109,1.00195,-5.12695,-3.96729,-2.2583,3011,2141,-6848,
0.00500107,-0.00732422,0.00537109,1.00195,-5.12695,-3.96729,-2.2583,3010,2140,-6849,
0.00500107,-0.00732422,0.00537109,1.00195,-5.12695,-3.96729,-2.2583,3009,2140,-6851,
0.00500107,-0.00732422,0.00537109,1.00195,-5.12695,-3.96729,-2.2583,3008,2139,-6850,
0.00499725,-0.00390625,-0.0239258,1.03369,-1.58691,0.793457,-5.43213,3007,2140,-6850,
0.00500107,-0.00390625,-0.0239258,1.03369,-1.58691,0.793457,-5.43213,3005,2141,-6853,
0.00500107,-0.00390625,-0.0239258,1.03369,-1.58691,0.793457,-5.43213,3005,2143,-6853,
0.00499725,-0.00390625,-0.0239258,1.03369,-1.58691,0.793457,-5.43213,3005,2143,-6853,
0.00500107,-0.0366211,-0.0234375,0.996582,7.44629,6.65283,-0.366211,3006,2142,-6855,
0.00500107,-0.0366211,-0.0234375,0.996582,7.44629,6.65283,-0.366211,3008,2141,-6856,
0.00500107,-0.0366211,-0.0234375,0.996582,7.44629,6.65283,-0.366211,3009,2140,-6856,
0.00499725,-0.0366211,-0.0234375,0.996582,7.44629,6.65283,-0.366211,3012,2139,-6860,
0.00500107,-0.0273438,0,0.967285,3.05176,1.52588,4.21143,3014,2140,-6862,
0.00500107,-0.0273438,0,0.967285,3.05176,1.52588,4.21143,3014,2139,-6866,
0.00500107,-0.0273438,0,0.967285,3.05176,1.52588,4.21143,3013,2138,-6870,
0.00499725,-0.0273438,0,0.967285,3.05176,1.52588,4.21143,3012,2138,-6872,
0.00500107,-0.0131836,0.0166016,1.00732,-2.80762,-4.88281,-2.68555,3010,2137,-6874,
0.00500107,-0.0131836,0.0166016,1.00732,-2.80762,-4.88281,-2.68555,3008,2138,-6874,
0.00499725,-0.0131836,0.0166016,1.00732,-2.80762,-4.88281,-2.68555,3009,2137,-6875,
0.00500107,-0.0131836,0.0166016,1.00732,-2.80762,-4.88281,-2.68555,3010,2136,-6877,
0.00500107,0,-0.0185547,1.04883,-0.732422,1.0376,-3.23486,3012,2137,-6875,
0.00500107,0,-0.0185547,1.04883,-0.732422,1.0376,-3.23486,3014,2136,-6874,
0.00499725,0,-0.0185547,1.04883,-0.732422,1.0376,-3.23486,3019,2137,-6872,
0.00500107,0,-0.0185547,1.04883,-0.732422,1.0376,-3.23486,3023,2139,-6869,
0.00500107,-0.00830078,-0.0107422,1.01318,6.53076,10.7422,1.09863,3026,2141,-6868,
0.00499725,-0.00830078,-0.0107422,1.01318,6.53076,10.7422,1.09863,3030,2142,-6867,
0.00500107,-0.00830078,-0.0107422,1.01318,6.53076,10.7422,1.09863,3032,2142,-6868,
0.00500107,-0.00830078,-0.0107422,1.01318,6.53076,10.7422,1.09863,3035,2141,-6867,
0.00500107,-0.0532227,-0.00878906,0.941895,4.94385,4.08936,-0.427246,3038,2140,-6864,
0.00499725,-0.0532227,-0.00878906,0.941895,4.94385,4.08936,-0.427246,3041,2140,-6858,
0.00500107,-0.0532227,-0.00878906,0.941895,4.94385,4.08936,-0.427246,3042,2140,-6853,
0.00500107,-0.0532227,-0.00878906,0.941895,4.94385,4.08936,-0.427246,3044,2140,-6847,
0.00499725,-0.0537109,-0.00537109,0.972656,-5.61523,-8.30078,-3.11279,3043,2141,-6845,
0.00500107,-0.0537109,-0.00537109,0.972656,-5.61523,-8.30078,-3.11279,3040,2144,-6845,
0.00500107,-0.0537109,-0.00537109,0.972656,-5.61523,-8.30078,-3.11279,3036,2148,-6846,
0.00500107,-0.0537109,-0.00537109,0.972656,-5.61523,-8.30078,-3.11279,3031,2151,-6848,
0.00499725,-0.0214844,-0.00244141,1.03076,-2.38037,-6.95801,-5.43213,3027,2152,-6849,
0.00500107,-0.0214844,-0.00244141,1.03076,-2.38037,-6.95801,-5.43213,3023,2153,-6848,
0.00500107,-0.0214844,-0.00244141,1.03076,-2.38037,-6.95801,-5.43213,3019,2153,-6845,
0.00500107,-0.0214844,-0.00244141,1.03076,-2.38037,-6.95801,-5.43213,3017,2153,-6846,
0.00499725,0.0297852,-0.00927734,1.04053,3.35693,3.54004,0.732422,3018,2153,-6847,
0.00500107,0.0297852,-0.00927734,1.04053,3.35693,3.54004,0.732422,3018,2152,-6855,
0.00500107,0.0297852,-0.00927734,1.04053,3.35693,3.54004,0.732422,3020,2150,-6863,
0.00499725,0.0297852,-0.00927734,1.04053,3.35693,3.54004,0.732422,3021,2148,-6867,
0.00500107,0.0332031,0.0131836,1.03516,4.57764,8.72803,2.2583,3022,2145,-6872,
0.00500107,0.0332031,0.0131836,1.03516,4.57764,8.72803,2.2583,3025,2142,-6875,
0.00500107,0.0332031,0.0131836,1.03516,4.57764,8.72803,2.2583,3026,2138,-6876,
0.00499725,0.0332031,0.0131836,1.03516,4.57764,8.72803,2.2583,3027,2134,-6878,
0.00500107,0.00390625,-0.019043,1.01758,5.7373,10.8643,0.183105,3030,2132,-6877,
0.00500107,0.00390625,-0.019043,1.01758,5.7373,10.8643,0.183105,3033,2129,-6872,
0.00499725,0.00390625,-0.019043,1.01758,5.7373,10.8643,0.183105,3037,2128,-6867,
0.00500107,0.00390625,-0.019043,1.01758,5.7373,10.8643,0.183105,3040,2128,-6862,
0.00500107,-0.0263672,-0.0200195,0.961914,9.27734,12.085,1.95312,3042,2126,-6858,
0.00500107,-0.0263672,-0.0200195,0.961914,9.27734,12.085,1.95312,3046,2123,-6855,
0.00499725,-0.0263672,-0.0200195,0.961914,9.27734,12.085,1.95312,3049,2118,-6849,
0.00500107,-0.0263672,-0.0200195,0.961914,9.27734,12.085,1.95312,3055,2111,-6845,
0.00500107,-0.0102539,-0.00146484,0.922852,5.43213,3.23486,1.89209,3058,2106,-6843,
0.00499725,-0.0102539,-0.00146484,0.922852,5.43213,3.23486,1.89209,3063,2102,-6839,
0.00500107,-0.0102539,-0.00146484,0.922852,5.43213,3.23486,1.89209,3065,2098,-6838,
0.00500107,-0.0102539,-0.00146484,0.922852,5.43213,3.23486,1.89209,3068,2094,-6841,
0.00500107,0.0219727,-0.00878906,0.963867,-6.22559,-7.75146,2.62451,3069,2093,-6841,
0.00499725,0.0219727,-0.00878906,0.963867,-6.22559,-7.75146,2.62451,3071,2092,-6841,
0.00500107,0.0219727,-0.00878906,0.963867,-6.22559,-7.75146,2.62451,3072,2093,-6839,
0.00500107,0.0219727,-0.00878906,0.963867,-6.22559,-7.75146,2.62451,3073,2094,-6836,
0.00500107,0.0107422,-0.00683594,1.03125,-5.85938,-4.63867,1.64795,3074,2094,-6833,
0.00499725,0.0107422,-0.00683594,1.03125,-5.85938,-4.63867,1.64795,3075,2094,-6831,
0.00500107,0.0107422,-0.00683594,1.03125,-5.85938,-4.63867,1.64795,3075,2094,-6827,
0.00500107,0.0107422,-0.00683594,1.03125,-5.85938,-4.63867,1.64795,3074,2096,-6825,
0.00499725,-0.034668,0.00292969,1.04688,-0.610352,4.94385,0.671387,3073,2100,-6824,
0.00500107,-0.034668,0.00292969,1.04688,-0.610352,4.94385,0.671387,3075,2103,-6824,
0.00500107,-0.034668,0.00292969,1.04688,-0.610352,4.94385,0.671387,3077,2106,-6827,
0.00500107,-0.034668,0.00292969,1.04688,-0.610352,4.94385,0.671387,3080,2107,-6828,
0.00499725,-0.0771484,0.00537109,1.03516,4.02832,10.2539,4.08936,3085,2105,-6829,
0.00500107,-0.0771484,0.00537109,1.03516,4.02832,10.2539,4.08936,3088,2102,-6828,
0.00500107,-0.0771484,0.00537109,1.03516,4.02832,10.2539,4.08936,3092,2099,-6828,
0.00499725,-0.0771484,0.00537109,1.03516,4.02832,10.2539,4.08936,3094,2096,-6824,
0.00500107,-0.0854492,0.0141602,0.998535,8.48389,10.9253,8.72803,3098,2094,-6821,
0.00500107,-0.0854492,0.0141602,0.998535,8.48389,10.9253,8.72803,3103,2092,-6817,
0.00500107,-0.0854492,0.0141602,0.998535,8.48389,10.9253,8.72803,3107,2088,-6815,
0.00499725,-0.0854492,0.0141602,0.998535,8.48389,10.9253,8.72803,3113,2083,-6817,
0.00500107,-0.0717773,0.0166016,0.970703,5.61523,6.34766,9.76562,3118,2077,-6816,
0.00500107,-0.0717773,0.0166016,0.970703,5.61523,6.34766,9.76562,3120,2072,-6817,
0.00499725,-0.0717773,0.0166016,0.970703,5.61523,6.34766,9.76562,3123,2067,-6817,
0.00500107,-0.0717773,0.0166016,0.970703,5.61523,6.34766,9.76562,3124,2064,-6820,
0.00500107,-0.0703125,0.0078125,0.95166,4.69971,-0.183105,4.82178,3126,2060,-6820,
0.00500107,-0.0703125,0.0078125,0.95166,4.69971,-0.183105,4.82178,3128,2055,-6819,
0.00499725,-0.0703125,0.0078125,0.95166,4.69971,-0.183105,4.82178,3131,2053,-6820,
0.00500107,-0.0703125,0.0078125,0.95166,4.69971,-0.183105,4.82178,3132,2050,-6818,
0.00500107,-0.0537109,-0.0107422,0.966797,0.366211,-3.84521,1.95312,3134,2049,-6820,
0.00500107,-0.0537109,-0.0107422,0.966797,0.366211,-3.84521,1.95312,3134,2049,-6821,
0.00499725,-0.0537109,-0.0107422,0.966797,0.366211,-3.84521,1.95312,3136,2048,-6818,
0.00500107,-0.0537109,-0.0107422,0.966797,0.366211,-3.84521,1.95312,3138,2047,-6818,
0.00500107,-0.0522461,0.019043,1.00439,0.183105,-1.46484,-0.976562,3139,2048,-6818,
0.00499725,-0.0522461,0.019043,1.00439,0.183105,-1.46484,-0.976562,3140,2046,-6816,
0.00500107,-0.0522461,0.019043,1.00439,0.183105,-1.46484,-0.976562,3142,2046,-6815,
0.00500107,-0.0522461,0.019043,1.00439,0.183105,-1.46484,-0.976562,3143,2045,-6815,
0.00500107,-0.0742188,-0.0166016,0.98877,5.5542,-0.488281,-1.95312,3143,2043,-6814,
0.00499725,-0.0742188,-0.0166016,0.98877,5.5542,-0.488281,-1.95312,3143,2041,-6812,
0.00500107,-0.0742188,-0.0166016,0.98877,5.5542,-0.488281,-1.95312,3142,2039,-6811,
0.00500107,-0.0742188,-0.0166016,0.98877,5.5542,-0.488281,-1.95312,3140,2035,-6810,
0.00499725,-0.065918,-0.0107422,0.974609,5.37109,-2.19727,1.09863,3138,2033,-6809,
0.00500107,-0.065918,-0.0107422,0.974609,5.37109,-2.19727,1.09863,3138,2029,-6809,
0.00500107,-0.065918,-0.0107422,0.974609,5.37109,-2.19727,1.09863,3137,2026,-6808,
0.00500107,-0.065918,-0.0107422,0.974609,5.37109,-2.19727,1.09863,3138,2023,-6809,
0.00499725,-0.0307617,0.00195312,1.00488,2.19727,-4.94385,0.549316,3139,2021,-6811,
0.00500107,-0.0307617,0.00195312,1.00488,2.19727,-4.94385,0.549316,3139,2019,-6813,
0.00500107,-0.0307617,0.00195312,1.00488,2.19727,-4.94385,0.549316,3138,2018,-6813,
0.00499725,-0.0307617,0.00195312,1.00488,2.19727,-4.94385,0.549316,3137,2016,-6813,
0.00500107,-0.0185547,0.0258789,1.03662,1.95312,-0.366211,1.28174,3136,2013,-6812,
0.00500107,-0.0185547,0.0258789,1.03662,1.95312,-0.366211,1.28174,3135,2010,-6811,
0.00500107,-0.0185547,0.0258789,1.03662,1.95312,-0.366211,1.28174,3135,2008,-6811,
0.00499725,-0.0185547,0.0258789,1.03662,1.95312,-0.366211,1.28174,3134,2006,-6811,
0.00500107,-0.0571289,0.0366211,0.981445,11.8408,2.62451,-3.17383,3135,2001,-6812,
0.00500107,-0.0571289,0.0366211,0.981445,11.8408,2.62451,-3.17383,3136,1999,-6812,
0.00500107,-0.0571289,0.0366211,0.981445,11.8408,2.62451,-3.17383,3135,1997,-6809,
0.00499725,-0.0571289,0.0366211,0.981445,11.8408,2.62451,-3.17383,3133,1996,-6809,
0.00500107,-0.0351562,0,0.938965,5.43213,-6.40869,-0.610352,3129,1995,-6806,
0.00500107,-0.0351562,0,0.938965,5.43213,-6.40869,-0.610352,3125,1994,-6802,
0.00499725,-0.0351562,0,0.938965,5.43213,-6.40869,-0.610352,3120,1990,-6801,
0.00500107,-0.0351562,0,0.938965,5.43213,-6.40869,-0.610352,3115,1988,-6799,
0.00500107,0.000488281,0.0454102,0.975098,-2.56348,-13.5498,-5.06592,3109,1987,-6798,
0.00500107,0.000488281,0.0454102,0.975098,-2.56348,-13.5498,-5.06592,3104,1987,-6800,
0.00499725,0.000488281,0.0454102,0.975098,-2.56348,-13.5498,-5.06592,3098,1989,-6804,
0.00500107,0.000488281,0.0454102,0.975098,-2.56348,-13.5498,-5.06592,3093,1993,-6808,
0.00500107,-0.0126953,0.027832,1.02588,-10.0098,-22.0947,-11.4136,3087,1996,-6811,
0.00499725,-0.0126953,0.027832,1.02588,-10.0098,-22.0947,-11.4136,3078,2001,-6813,
0.00500107,-0.0126953,0.027832,1.02588,-10.0098,-22.0947,-11.4136,3070,2007,-6814,
0.00500107,-0.0126953,0.027832,1.02588,-10.0098,-22.0947,-11.4136,3062,2012,-6818,
0.00500107,-0.015625,0.0166016,1.09766,-8.30078,-8.30078,0,3053,2016,-6824,
0.00499725,-0.015625,0.0166016,1.09766,-8.30078,-8.30078,0,3045,2020,-6829,
0.00500107,-0.015625,0.0166016,1.09766,-8.30078,-8.30078,0,3037,2024,-6835,
0.00500107,-0.015625,0.0166016,1.09766,-8.30078,-8.30078,0,3033,2028,-6839,
0.00499725,0.0185547,0.0400391,1.0249,12.0239,7.50732,14.3433,3030,2030,-6842,
0.00500107,0.0185547,0.0400391,1.0249,12.0239,7.50732,14.3433,3027,2032,-6844,
0.00500107,0.0185547,0.0400391,1.0249,12.0239,7.50732,14.3433,3026,2033,-6847,
0.00500107,0.0185547,0.0400391,1.0249,12.0239,7.50732,14.3433,3020,2034,-6849,
0.00499725,0.0449219,0.121094,0.881836,-16.7236,-20.3247,-5.24902,3014,2037,-6852,
0.00500107,0.0449219,0.121094,0.881836,-16.7236,-20.3247,-5.24902,3005,2043,-6855,
0.00500107,0.0449219,0.121094,0.881836,-16.7236,-20.3247,-5.24902,2995,2051,-6860,
0.00500107,0.0449219,0.121094,0.881836,-16.7236,-20.3247,-5.24902,2983,2061,-6863,
0.00499725,-0.046875,-0.0161133,0.958008,-36.377,-50.7202,-26.6724,2967,2073,-6864,
0.00500107,-0.046875,-0.0161133,0.958008,-36.377,-50.7202,-26.6724,2949,2088,-6862,
0.00500107,-0.046875,-0.0161133,0.958008,-36.377,-50.7202,-26.6724,2930,2104,-6859,
0.00499725,-0.046875,-0.0161133,0.958008,-36.377,-50.7202,-26.6724,2910,2121,-6858,
0.00500107,0.0253906,-0.0400391,1.01855,-34.0576,-50.5981,-11.0474,2890,2140,-6858,
0.00500107,0.0253906,-0.0400391,1.01855,-34.0576,-50.5981,-11.0474,2867,2159,-6863,
0.00500107,0.0253906,-0.0400391,1.01855,-34.0576,-50.5981,-11.0474,2841,2179,-6867,
0.00499725,0.0253906,-0.0400391,1.01855,-34.0576,-50.5981,-11.0474,2815,2199,-6873,
0.00500107,-0.00195312,-0.0366211,0.886719,-33.6304,-72.876,-7.14111,2788,2222,-6882,
0.00500107,-0.00195312,-0.0366211,0.886719,-33.6304,-72.876,-7.14111,2756,2248,-6889,
0.00499725,-0.00195312,-0.0366211,0.886719,-33.6304,-72.876,-7.14111,2724,2278,-6896,
0.00500107,-0.00195312,-0.0366211,0.886719,-33.6304,-72.876,-7.14111,2689,2311,-6906,
0.00500107,0.11084,0.0625,0.960449,-83.1299,-101.99,-7.08008,2650,2347,-6913,
0.00500107,0.11084,0.0625,0.960449,-83.1299,-101.99,-7.08008,2607,2385,-6923,
0.00499725,0.11084,0.0625,0.960449,-83.1299,-101.99,-7.08008,2560,2426,-6933,
0.00500107,0.11084,0.0625,0.960449,-83.1299,-101.99,-7.08008,2513,2467,-6938,
0.00500107,0.101562,-0.134277,1.14844,-74.4019,-85.3271,-12.3291,2468,2508,-6941,
0.00499725,0.101562,-0.134277,1.14844,-74.4019,-85.3271,-12.3291,2423,2548,-6948,
0.00500107,0.101562,-0.134277,1.14844,-74.4019,-85.3271,-12.3291,2380,2587,-6952,
0.00500107,0.101562,-0.134277,1.14844,-74.4019,-85.3271,-12.3291,2337,2622,-6957,
0.00500107,0.0297852,-0.12207,1.03418,-11.9019,-43.5791,9.76562,2296,2653,-6965,
0.00499725,0.0297852,-0.12207,1.03418,-11.9019,-43.5791,9.76562,2255,2684,-6969,
0.00500107,0.0297852,-0.12207,1.03418,-11.9019,-43.5791,9.76562,2213,2713,-6977,
0.00500107,0.0297852,-0.12207,1.03418,-11.9019,-43.5791,9.76562,2171,2743,-6984,
0.00500107,0.126465,-0.0581055,0.945801,-47.7295,-64.5752,16.1743,2130,2775,-6992,
0.00499725,0.126465,-0.0581055,0.945801,-47.7295,-64.5752,16.1743,2091,2805,-6999,
0.00500107,0.126465,-0.0581055,0.945801,-47.7295,-64.5752,16.1743,2054,2836,-7003,
0.00500107,0.126465,-0.0581055,0.945801,-47.7295,-64.5752,16.1743,2018,2866,-7007,
0.00499725,0.191406,-0.0722656,1.0874,-43.6401,-43.7012,7.44629,1984,2894,-7008,
0.00500107,0.191406,-0.0722656,1.0874,-43.6401,-43.7012,7.44629,1950,2921,-7011,
0.00500107,0.191406,-0.0722656,1.0874,-43.6401,-43.7012,7.44629,1918,2946,-7013,
0.00500107,0.191406,-0.0722656,1.0874,-43.6401,-43.7012,7.44629,1889,2970,-7012,
0.00499725,0.252441,-0.152832,1.10352,-7.08008,-5.00488,1.34277,1863,2992,-7014,
0.00500107,0.252441,-0.152832,1.10352,-7.08008,-5.00488,1.34277,1841,3013,-7012,
0.00500107,0.252441,-0.152832,1.10352,-7.08008,-5.00488,1.34277,1823,3032,-7010,
0.00499725,0.252441,-0.152832,1.10352,-7.08008,-5.00488,1.34277,1807,3048,-7007,
0.00500107,0.190918,-0.0810547,1.01514,16.0522,21.2402,-11.5356,1791,3062,-7003,
0.00500107,0.190918,-0.0810547,1.01514,16.0522,21.2402,-11.5356,1776,3071,-6999,
0.00500107,0.190918,-0.0810547,1.01514,16.0522,21.2402,-11.5356,1767,3077,-6997,
0.00499725,0.190918,-0.0810547,1.01514,16.0522,21.2402,-11.5356,1759,3080,-6997,
0.00500107,0.121582,-0.134766,0.894531,-1.95312,11.1084,-4.88281,1753,3083,-6997,
0.00500107,0.121582,-0.134766,0.894531,-1.95312,11.1084,-4.88281,1750,3090,-6997,
0.00499725,0.121582,-0.134766,0.894531,-1.95312,11.1084,-4.88281,1744,3098,-6996,
0.00500107,0.121582,-0.134766,0.894531,-1.95312,11.1084,-4.88281,1737,3109,-6991,
0.00500107,0.207031,-0.134766,0.918945,-20.4468,-13.0005,4.82178,1729,3121,-6987,
0.00500107,0.207031,-0.134766,0.918945,-20.4468,-13.0005,4.82178,1722,3133,-6984,
0.00499725,0.207031,-0.134766,0.918945,-20.4468,-13.0005,4.82178,1714,3146,-6981,
0.00500107,0.207031,-0.134766,0.918945,-20.4468,-13.0005,4.82178,1707,3159,-6980,
0.00500107,0.224609,-0.0981445,1.03076,-27.0386,-12.7563,1.64795,1699,3173,-6976,
0.00500107,0.224609,-0.0981445,1.03076,-27.0386,-12.7563,1.64795,1693,3186,-6972,
0.00499725,0.224609,-0.0981445,1.03076,-27.0386,-12.7563,1.64795,1689,3198,-6969,
0.00500107,0.224609,-0.0981445,1.03076,-27.0386,-12.7563,1.64795,1689,3212,-6966,
0.00500107,0.193359,-0.0952148,1.03271,-17.7002,46.3257,-19.4092,1693,3225,-6965,
0.00499725,0.193359,-0.0952148,1.03271,-17.7002,46.3257,-19.4092,1698,3238,-6962,
0.00500107,0.193359,-0.0952148,1.03271,-17.7002,46.3257,-19.4092,1704,3251,-6958,
0.00500107,0.193359,-0.0952148,1.03271,-17.7002,46.3257,-19.4092,1711,3266,-6952,
0.00500107,0.00390625,-0.161621,0.892578,-10.376,31.6772,-28.0762,1718,3279,-6946,
0.00499725,0.00390625,-0.161621,0.892578,-10.376,31.6772,-28.0762,1722,3291,-6939,
0.00500107,0.00390625,-0.161621,0.892578,-10.376,31.6772,-28.0762,1727,3302,-6933,
0.00500107,0.00390625,-0.161621,0.892578,-10.376,31.6772,-28.0762,1731,3314,-6929,
0.00499725,0.0673828,-0.12207,0.915527,-21.9727,-14.8926,-8.42285,1730,3327,-6925,
0.00500107,0.0673828,-0.12207,0.915527,-21.9727,-14.8926,-8.42285,1729,3342,-6922,
0.00500107,0.0673828,-0.12207,0.915527,-21.9727,-14.8926,-8.42285,1727,3357,-6919,
0.00500107,0.0673828,-0.12207,0.915527,-21.9727,-14.8926,-8.42285,1721,3373,-6918,
0.00499725,0.176758,-0.173828,0.980957,-33.6914,-28.4424,-12.0239,1715,3389,-6914,
0.00500107,0.176758,-0.173828,0.980957,-33.6914,-28.4424,-12.0239,1708,3407,-6908,
0.00500107,0.176758,-0.173828,0.980957,-33.6914,-28.4424,-12.0239,1701,3423,-6903,
0.00499725,0.176758,-0.173828,0.980957,-33.6914,-28.4424,-12.0239,1693,3440,-6899,
0.00500107,0.146973,-0.246094,1.03564,-35.0342,-5.06592,4.82178,1689,3456,-6899,
0.00500107,0.146973,-0.246094,1.03564,-35.0342,-5.06592,4.82178,1684,3474,-6896,
0.00500107,0.146973,-0.246094,1.03564,-35.0342,-5.06592,4.82178,1681,3491,-6895,
0.00499725,0.146973,-0.246094,1.03564,-35.0342,-5.06592,4.82178,1678,3508,-6894,
0.00500107,0.140625,-0.193848,1.04834,-17.6392,-5.12695,16.1133,1675,3524,-6886,
0.00500107,0.140625,-0.193848,1.04834,-17.6392,-5.12695,16.1133,1673,3540,-6880,
0.00500107,0.140625,-0.193848,1.04834,-17.6392,-5.12695,16.1133,1671,3557,-6872,
0.00499725,0.140625,-0.193848,1.04834,-17.6392,-5.12695,16.1133,1673,3570,-6865,
0.00500107,0.155762,-0.182617,0.995605,-6.04248,13.2446,19.8364,1676,3582,-6864,
0.00500107,0.155762,-0.182617,0.995605,-6.04248,13.2446,19.8364,1680,3592,-6860,
0.00499725,0.155762,-0.182617,0.995605,-6.04248,13.2446,19.8364,1684,3599,-6859,
0.00500107,0.155762,-0.182617,0.995605,-6.04248,13.2446,19.8364,1688,3607,-6856,
0.00500107,0.211914,-0.167969,0.95459,1.64795,4.63867,11.8408,1691,3615,-6853,
0.00500107,0.211914,-0.167969,0.95459,1.64795,4.63867,11.8408,1692,3622,-6851,
0.00499725,0.211914,-0.167969,0.95459,1.64795,4.63867,11.8408,1694,3629,-6846,
0.00500107,0.211914,-0.167969,0.95459,1.64795,4.63867,11.8408,1696,3634,-6844,
0.00500107,0.189941,-0.152344,0.954102,-8.05664,2.62451,7.08008,1699,3637,-6841,
0.00499725,0.189941,-0.152344,0.954102,-8.05664,2.62451,7.08008,1705,3639,-6835,
0.00500107,0.189941,-0.152344,0.954102,-8.05664,2.62451,7.08008,1712,3641,-6833,
0.00500107,0.189941,-0.152344,0.954102,-8.05664,2.62451,7.08008,1721,3643,-6831,
0.00500107,0.131836,-0.165039,0.978516,-6.10352,6.46973,2.80762,1728,3646,-6830,
0.00499725,0.131836,-0.165039,0.978516,-6.10352,6.46973,2.80762,1734,3649,-6831,
0.00500107,0.131836,-0.165039,0.978516,-6.10352,6.46973,2.80762,1740,3650,-6831,
0.00500107,0.131836,-0.165039,0.978516,-6.10352,6.46973,2.80762,1745,3652,-6833,
0.00499725,0.157715,-0.190918,0.972656,0.427246,6.53076,-3.96729,1750,3654,-6829,
0.00500107,0.157715,-0.190918,0.972656,0.427246,6.53076,-3.96729,1754,3657,-6826,
0.00500107,0.157715,-0.190918,0.972656,0.427246,6.53076,-3.96729,1758,3660,-6824,
0.00500107,0.157715,-0.190918,0.972656,0.427246,6.53076,-3.96729,1762,3662,-6819,
0.00499725,0.190918,-0.197754,0.998047,6.83594,19.8364,2.13623,1766,3663,-6819,
0.00500107,0.190918,-0.197754,0.998047,6.83594,19.8364,2.13623,1772,3663,-6813,
0.00500107,0.190918,-0.197754,0.998047,6.83594,19.8364,2.13623,1779,3663,-6808,
0.00500107,0.190918,-0.197754,0.998047,6.83594,19.8364,2.13623,1787,3661,-6803,
0.00499725,0.181641,-0.132324,0.993164,10.6812,33.3862,-10.498,1797,3660,-6796,
0.00500107,0.181641,-0.132324,0.993164,10.6812,33.3862,-10.498,1807,3659,-6791,
0.00500107,0.181641,-0.132324,0.993164,10.6812,33.3862,-10.498,1817,3657,-6785,
0.00499725,0.181641,-0.132324,0.993164,10.6812,33.3862,-10.498,1826,3656,-6779,
0.00500107,0.0898438,-0.20459,0.933594,6.46973,29.2969,-7.62939,1838,3654,-6776,
0.00500107,0.0898438,-0.20459,0.933594,6.46973,29.2969,-7.62939,1852,3652,-6774,
0.00500107,0.0898438,-0.20459,0.933594,6.46973,29.2969,-7.62939,1868,3651,-6774,
0.00499725,0.0898438,-0.20459,0.933594,6.46973,29.2969,-7.62939,1884,3651,-6771,
0.00500107,0.103516,-0.186035,0.92041,-8.78906,11.0474,1.95312,1898,3650,-6770,
0.00500107,0.103516,-0.186035,0.92041,-8.78906,11.0474,1.95312,1909,3651,-6768,
0.00499725,0.103516,-0.186035,0.92041,-8.78906,11.0474,1.95312,1917,3655,-6768,
0.00500107,0.103516,-0.186035,0.92041,-8.78906,11.0474,1.95312,1924,3660,-6763,
0.00500107,0.0844727,-0.20752,0.986816,-21.4844,0.12207,5.7373,1931,3664,-6761,
0.00500107,0.0844727,-0.20752,0.986816,-21.4844,0.12207,5.7373,1940,3667,-6757,
0.00499725,0.0844727,-0.20752,0.986816,-21.4844,0.12207,5.7373,1949,3671,-6750,
0.00500107,0.0844727,-0.20752,0.986816,-21.4844,0.12207,5.7373,1957,3673,-6745,
0.00500107,0.152832,-0.200195,1.04443,-23.0713,13.1226,14.7095,1965,3678,-6737,
0.00499725,0.152832,-0.200195,1.04443,-23.0713,13.1226,14.7095,1973,3684,-6729,
0.00500107,0.152832,-0.200195,1.04443,-23.0713,13.1226,14.7095,1982,3688,-6716,
0.00500107,0.152832,-0.200195,1.04443,-23.0713,13.1226,14.7095,1994,3692,-6703,
0.00500107,0.0761719,-0.179688,1.05176,4.76074,36.438,1.28174,2007,3696,-6693,
0.00499725,0.0761719,-0.179688,1.05176,4.76074,36.438,1.28174,2021,3698,-6685,
0.00500107,0.0761719,-0.179688,1.05176,4.76074,36.438,1.28174,2036,3701,-6678,
0.00500107,0.0761719,-0.179688,1.05176,4.76074,36.438,1.28174,2051,3702,-6674,
0.00500107,0.12793,-0.174316,0.975586,6.10352,40.6494,1.95312,2066,3703,-6668,
0.00499725,0.12793,-0.174316,0.975586,6.10352,40.6494,1.95312,2083,3703,-6661,
0.00500107,0.12793,-0.174316,0.975586,6.10352,40.6494,1.95312,2099,3702,-6654,
0.00500107,0.12793,-0.174316,0.975586,6.10352,40.6494,1.95312,2116,3701,-6650,
0.00499725,0.0107422,-0.165039,0.947266,2.38037,31.5552,-9.39941,2132,3701,-6643,
0.00500107,0.0107422,-0.165039,0.947266,2.38037,31.5552,-9.39941,2149,3699,-6635,
0.00500107,0.0107422,-0.165039,0.947266,2.38037,31.5552,-9.39941,2166,3698,-6628,
0.00500107,0.0107422,-0.165039,0.947266,2.38037,31.5552,-9.39941,2182,3699,-6621,
0.00499725,-0.00830078,-0.20166,0.950684,-6.34766,11.2305,2.99072,2196,3701,-6617,
0.00500107,-0.00830078,-0.20166,0.950684,-6.34766,11.2305,2.99072,2211,3704,-6615,
0.00500107,-0.00830078,-0.20166,0.950684,-6.34766,11.2305,2.99072,2223,3707,-6614,
0.00499725,-0.00830078,-0.20166,0.950684,-6.34766,11.2305,2.99072,2233,3710,-6614,
0.00500107,0.102539,-0.201172,0.975586,-21.3013,1.34277,10.7422,2245,3712,-6613,
0.00500107,0.102539,-0.201172,0.975586,-21.3013,1.34277,10.7422,2254,3715,-6610,
0.00500107,0.102539,-0.201172,0.975586,-21.3013,1.34277,10.7422,2265,3718,-6603,
0.00499725,0.102539,-0.201172,0.975586,-21.3013,1.34277,10.7422,2278,3721,-6595,
0.00500107,0.121094,-0.200195,1.06006,-11.5967,14.6484,11.4746,2289,3724,-6588,
0.00500107,0.121094,-0.200195,1.06006,-11.5967,14.6484,11.4746,2302,3726,-6580,
0.00499725,0.121094,-0.200195,1.06006,-11.5967,14.6484,11.4746,2315,3728,-6572,
0.00500107,0.121094,-0.200195,1.06006,-11.5967,14.6484,11.4746,2331,3730,-6568,
0.00500107,0.0605469,-0.219238,1.05811,9.82666,42.0532,9.8877,2349,3730,-6563,
0.00500107,0.0605469,-0.219238,1.05811,9.82666,42.0532,9.8877,2368,3728,-6559,
0.00499725,0.0605469,-0.219238,1.05811,9.82666,42.0532,9.8877,2389,3726,-6555,
0.00500107,0.0605469,-0.219238,1.05811,9.82666,42.0532,9.8877,2413,3723,-6547,
0.00500107,0.0175781,-0.21875,1.00244,18.2495,53.4668,20.2026,2435,3716,-6538,
0.00500107,0.0175781,-0.21875,1.00244,18.2495,53.4668,20.2026,2459,3710,-6530,
0.00499725,0.0175781,-0.21875,1.00244,18.2495,53.4668,20.2026,2484,3702,-6525,
0.00500107,0.0175781,-0.21875,1.00244,18.2495,53.4668,20.2026,2510,3694,-6523,
0.00500107,0.027832,-0.176758,0.983398,16.2354,59.3872,20.4468,2539,3684,-6518,
0.00499725,0.027832,-0.176758,0.983398,16.2354,59.3872,20.4468,2568,3675,-6513,
0.00500107,0.027832,-0.176758,0.983398,16.2354,59.3872,20.4468,2600,3664,-6502,
0.00500107,0.027832,-0.176758,0.983398,16.2354,59.3872,20.4468,2634,3652,-6488,
0.00500107,-0.0673828,-0.147949,0.945801,3.66211,56.2744,-2.62451,2666,3642,-6476,
0.00499725,-0.0673828,-0.147949,0.945801,3.66211,56.2744,-2.62451,2698,3633,-6460,
0.00500107,-0.0673828,-0.147949,0.945801,3.66211,56.2744,-2.62451,2728,3626,-6447,
0.00500107,-0.0673828,-0.147949,0.945801,3.66211,56.2744,-2.62451,2757,3619,-6433,
0.00499725,-0.0888672,-0.241699,0.969238,-19.043,51.0254,23.6206,2789,3614,-6417,
0.00500107,-0.0888672,-0.241699,0.969238,-19.043,51.0254,23.6206,2823,3608,-6405,
0.00500107,-0.0888672,-0.241699,0.969238,-19.043,51.0254,23.6206,2857,3601,-6391,
0.00500107,-0.0888672,-0.241699,0.969238,-19.043,51.0254,23.6206,2895,3595,-6375,
0.00499725,-0.0878906,-0.249512,0.969727,-26.7334,79.0405,43.5181,2934,3589,-6357,
0.00500107,-0.0878906,-0.249512,0.969727,-26.7334,79.0405,43.5181,2975,3584,-6339,
0.00500107,-0.0878906,-0.249512,0.969727,-26.7334,79.0405,43.5181,3016,3583,-6320,
0.00499725,-0.0878906,-0.249512,0.969727,-26.7334,79.0405,43.5181,3056,3583,-6299,
0.00500107,-0.0732422,-0.23877,1.00781,-29.4189,48.4009,43.6401,3096,3582,-6279,
0.00500107,-0.0732422,-0.23877,1.00781,-29.4189,48.4009,43.6401,3135,3577,-6258,
0.00500107,-0.0732422,-0.23877,1.00781,-29.4189,48.4009,43.6401,3172,3571,-6241,
0.00499725,-0.0732422,-0.23877,1.00781,-29.4189,48.4009,43.6401,3207,3564,-6225,
0.00500107,-0.0239258,-0.207031,1.06738,2.31934,12.6953,26.3672,3241,3555,-6213,
0.00500107,-0.0239258,-0.207031,1.06738,2.31934,12.6953,26.3672,3272,3545,-6201,
0.00500107,-0.0239258,-0.207031,1.06738,2.31934,12.6953,26.3672,3300,3537,-6188,
0.00499725,-0.0239258,-0.207031,1.06738,2.31934,12.6953,26.3672,3326,3526,-6175,
0.00500107,0.00878906,-0.214844,1.02881,35.8276,8.72803,5.12695,3350,3516,-6164,
0.00500107,0.00878906,-0.214844,1.02881,35.8276,8.72803,5.12695,3372,3505,-6157,
0.00499725,0.00878906,-0.214844,1.02881,35.8276,8.72803,5.12695,3391,3492,-6153,
0.00500107,0.00878906,-0.214844,1.02881,35.8276,8.72803,5.12695,3412,3481,-6150,
0.00500107,0.0078125,-0.217773,0.975098,21.3013,2.99072,-10.1318,3430,3469,-6146,
0.00500107,0.0078125,-0.217773,0.975098,21.3013,2.99072,-10.1318,3446,3457,-6143,
0.00499725,0.0078125,-0.217773,0.975098,21.3013,2.99072,-10.1318,3459,3449,-6138,
0.00500107,0.0078125,-0.217773,0.975098,21.3013,2.99072,-10.1318,3470,3439,-6137,
0.00500107,0.00585938,-0.147949,0.970215,31.9214,-10.376,-27.0386,3476,3430,-6138,
0.00499725,0.00585938,-0.147949,0.970215,31.9214,-10.376,-27.0386,3478,3421,-6140,
0.00500107,0.00585938,-0.147949,0.970215,31.9214,-10.376,-27.0386,3479,3410,-6143,
0.00500107,0.00585938,-0.147949,0.970215,31.9214,-10.376,-27.0386,3475,3398,-6146,
0.00500107,-0.0366211,-0.101562,0.868164,53.7109,-17.8833,-50.5371,3469,3387,-6152,
0.00499725,-0.0366211,-0.101562,0.868164,53.7109,-17.8833,-50.5371,3463,3375,-6157,
0.00500107,-0.0366211,-0.101562,0.868164,53.7109,-17.8833,-50.5371,3457,3364,-6164,
0.00500107,-0.0366211,-0.101562,0.868164,53.7109,-17.8833,-50.5371,3445,3354,-6173,
0.00499725,-0.104004,-0.175293,0.813477,3.60107,-39.1846,-58.0444,3433,3347,-6181,
0.00500107,-0.104004,-0.175293,0.813477,3.60107,-39.1846,-58.0444,3418,3345,-6184,
0.00500107,-0.104004,-0.175293,0.813477,3.60107,-39.1846,-58.0444,3399,3346,-6189,
0.00500107,-0.104004,-0.175293,0.813477,3.60107,-39.1846,-58.0444,3379,3353,-6192,
0.00499725,-0.117676,-0.183105,0.945312,-36.9263,-42.2363,-44.9829,3356,3361,-6197,
0.00500107,-0.117676,-0.183105,0.945312,-36.9263,-42.2363,-44.9829,3332,3373,-6205,
0.00500107,-0.117676,-0.183105,0.945312,-36.9263,-42.2363,-44.9829,3308,3386,-6210,
0.00500107,-0.117676,-0.183105,0.945312,-36.9263,-42.2363,-44.9829,3285,3399,-6215,
0.00499725,-0.111328,-0.209961,1.0542,-28.3203,-5.67627,-19.4702,3264,3414,-6220,
0.00500107,-0.111328,-0.209961,1.0542,-28.3203,-5.67627,-19.4702,3245,3427,-6224,
0.00500107,-0.111328,-0.209961,1.0542,-28.3203,-5.67627,-19.4702,3228,3442,-6225,
0.00499725,-0.111328,-0.209961,1.0542,-28.3203,-5.67627,-19.4702,3217,3452,-6226,
0.00500107,-0.0952148,-0.173828,1.02295,8.97217,17.0288,3.78418,3209,3460,-6226,
0.00500107,-0.0952148,-0.173828,1.02295,8.97217,17.0288,3.78418,3202,3465,-6225,
0.00500107,-0.0952148,-0.173828,1.02295,8.97217,17.0288,3.78418,3196,3466,-6227,
0.00499725,-0.0952148,-0.173828,1.02295,8.97217,17.0288,3.78418,3191,3464,-6227,
0.00500107,-0.0556641,-0.169434,0.927734,22.644,13.5498,13.3057,3187,3463,-6224,
0.00500107,-0.0556641,-0.169434,0.927734,22.644,13.5498,13.3057,3184,3460,-6225,
0.00499725,-0.0556641,-0.169434,0.927734,22.644,13.5498,13.3057,3180,3456,-6223,
0.00500107,-0.0556641,-0.169434,0.927734,22.644,13.5498,13.3057,3179,3455,-6218,
0.00500107,-0.0180664,-0.163086,0.932617,-14.0381,12.0239,11.4136,3180,3453,-6216,
0.00500107,-0.0180664,-0.163086,0.932617,-14.0381,12.0239,11.4136,3184,3455,-6212,
0.00499725,-0.0180664,-0.163086,0.932617,-14.0381,12.0239,11.4136,3188,3458,-6209,
0.00500107,-0.0180664,-0.163086,0.932617,-14.0381,12.0239,11.4136,3191,3461,-6208,
0.00500107,0.00683594,-0.137695,0.98877,-13.9771,2.0752,2.13623,3194,3465,-6207,
0.00499725,0.00683594,-0.137695,0.98877,-13.9771,2.0752,2.13623,3195,3468,-6204,
0.00500107,0.00683594,-0.137695,0.98877,-13.9771,2.0752,2.13623,3196,3468,-6201,
0.00500107,0.00683594,-0.137695,0.98877,-13.9771,2.0752,2.13623,3196,3470,-6198,
0.00500107,0.0161133,-0.13623,0.984863,5.12695,-12.5122,-17.9443,3196,3471,-6197,
0.00499725,0.0161133,-0.13623,0.984863,5.12695,-12.5122,-17.9443,3195,3474,-6196,
0.00500107,0.0161133,-0.13623,0.984863,5.12695,-12.5122,-17.9443,3191,3478,-6196,
0.00500107,0.0161133,-0.13623,0.984863,5.12695,-12.5122,-17.9443,3187,3480,-6194,
0.00500107,-0.00195312,-0.120605,0.959473,10.0098,-23.9258,-35.7056,3181,3485,-6195,
0.00499725,-0.00195312,-0.120605,0.959473,10.0098,-23.9258,-35.7056,3172,3489,-6196,
0.00500107,-0.00195312,-0.120605,0.959473,10.0098,-23.9258,-35.7056,3161,3495,-6199,
0.00500107,-0.00195312,-0.120605,0.959473,10.0098,-23.9258,-35.7056,3147,3501,-6205,
0.00499725,-0.0664062,-0.119629,0.915527,12.6953,-26.8555,-46.0205,3131,3508,-6212,
0.00500107,-0.0664062,-0.119629,0.915527,12.6953,-26.8555,-46.0205,3112,3516,-6217,
0.00500107,-0.0664062,-0.119629,0.915527,12.6953,-26.8555,-46.0205,3095,3523,-6223,
0.00500107,-0.0664062,-0.119629,0.915527,12.6953,-26.8555,-46.0205,3077,3531,-6229,
0.00499725,-0.0664062,-0.119629,0.915527,-3.66211,-21.7896,-33.8745,3057,3538,-6233,
0.00500107,-0.120605,-0.164551,0.909668,-3.66211,-21.7896,-33.8745,3039,3547,-6238,
0.00500107,-0.120605,-0.164551,0.909668,-3.66211,-21.7896,-33.8745,3020,3556,-6240,
0.00499725,-0.120605,-0.164551,0.909668,-3.66211,-21.7896,-33.8745,3005,3564,-6244,
0.00500107,-0.120605,-0.164551,0.909668,-3.66211,-21.7896,-33.8745,2992,3573,-6248,
0.00500107,-0.129395,-0.202148,0.963867,-31.0059,0.427246,-5.49316,2978,3583,-6253,
0.00500107,-0.129395,-0.202148,0.963867,-31.0059,0.427246,-5.49316,2967,3593,-6256,
0.00499725,-0.129395,-0.202148,0.963867,-31.0059,0.427246,-5.49316,2955,3603,-6256,
0.00500107,-0.129395,-0.202148,0.963867,-31.0059,0.427246,-5.49316,2947,3615,-6255,
0.00500107,-0.0942383,-0.179688,1.01221,-27.71,19.2261,18.0054,2945,3626,-6250,
0.00499725,-0.0942383,-0.179688,1.01221,-27.71,19.2261,18.0054,2944,3638,-6245,
0.00500107,-0.0942383,-0.179688,1.01221,-27.71,19.2261,18.0054,2947,3649,-6242,
0.00500107,-0.0942383,-0.179688,1.01221,-27.71,19.2261,18.0054,2950,3658,-6240,
0.00500107,-0.0546875,-0.163086,0.973145,-6.40869,21.2402,23.1934,2953,3667,-6236,
0.00499725,-0.0546875,-0.163086,0.973145,-6.40869,21.2402,23.1934,2956,3674,-6236,
0.00500107,-0.0546875,-0.163086,0.973145,-6.40869,21.2402,23.1934,2961,3681,-6231,
0.00500107,-0.0546875,-0.163086,0.973145,-6.40869,21.2402,23.1934,2967,3689,-6225,
0.00500107,-0.03125,-0.185059,0.903809,-8.8501,14.6484,19.8975,2975,3696,-6216,
0.00499725,-0.03125,-0.185059,0.903809,-8.8501,14.6484,19.8975,2985,3704,-6208,
0.00500107,-0.03125,-0.185059,0.903809,-8.8501,14.6484,19.8975,2996,3712,-6200,
0.00500107,-0.03125,-0.185059,0.903809,-8.8501,14.6484,19.8975,3009,3723,-6195,
0.00499725,-0.043457,-0.223145,0.893555,-59.5703,32.7148,8.72803,3022,3734,-6189,
0.00500107,-0.043457,-0.223145,0.893555,-59.5703,32.7148,8.72803,3034,3748,-6183,
0.00500107,-0.043457,-0.223145,0.893555,-59.5703,32.7148,8.72803,3043,3770,-6169,
0.00500107,-0.043457,-0.223145,0.893555,-59.5703,32.7148,8.72803,3048,3795,-6154,
0.00499725,0.0668945,-0.249512,0.998535,-92.4683,-40.8325,-9.82666,3048,3823,-6140,
0.00500107,0.0668945,-0.249512,0.998535,-92.4683,-40.8325,-9.82666,3043,3851,-6129,
0.00500107,0.0668945,-0.249512,0.998535,-92.4683,-40.8325,-9.82666,3035,3874,-6124,
0.00499725,0.0668945,-0.249512,0.998535,-92.4683,-40.8325,-9.82666,3024,3894,-6117,
0.00500107,-0.117188,-0.303711,1.3125,39.3677,-46.5088,-15.625,3012,3908,-6114,
0.00500107,-0.117188,-0.303711,1.3125,39.3677,-46.5088,-15.625,3001,3917,-6113,
0.00500107,-0.117188,-0.303711,1.3125,39.3677,-46.5088,-15.625,2991,3923,-6112,
0.00499725,-0.117188,-0.303711,1.3125,39.3677,-46.5088,-15.625,2984,3926,-6113,
0.00500107,-0.0239258,-0.272461,1.0249,65.4907,16.4795,-10.7422,2978,3926,-6114,
0.00500107,-0.0239258,-0.272461,1.0249,65.4907,16.4795,-10.7422,2974,3924,-6115,
0.00499725,-0.0239258,-0.272461,1.0249,65.4907,16.4795,-10.7422,2973,3920,-6115,
0.00500107,-0.0239258,-0.272461,1.0249,65.4907,16.4795,-10.7422,2975,3915,-6116,
0.00500107,-0.0571289,-0.251465,0.967285,43.5181,32.4707,-5.31006,2979,3908,-6119,
0.00500107,-0.0571289,-0.251465,0.967285,43.5181,32.4707,-5.31006,2984,3899,-6123,
0.00499725,-0.0571289,-0.251465,0.967285,43.5181,32.4707,-5.31006,2993,3887,-6128,
0.00500107,-0.0571289,-0.251465,0.967285,43.5181,32.4707,-5.31006,3000,3875,-6136,
0.00500107,-0.0585938,-0.248047,0.905762,47.7905,7.32422,18.2495,3006,3859,-6147,
0.00500107,-0.0585938,-0.248047,0.905762,47.7905,7.32422,18.2495,3010,3841,-6160,
0.00499725,-0.0585938,-0.248047,0.905762,47.7905,7.32422,18.2495,3009,3820,-6178,
0.00500107,-0.0585938,-0.248047,0.905762,47.7905,7.32422,18.2495,3007,3799,-6195,
0.00500107,0.00537109,-0.161621,0.957031,50.415,-53.833,31.25,3001,3777,-6209,
0.00499725,0.00537109,-0.161621,0.957031,50.415,-53.833,31.25,2992,3754,-6224,
0.00500107,0.00537109,-0.161621,0.957031,50.415,-53.833,31.25,2984,3731,-6236,
0.00500107,0.00537109,-0.161621,0.957031,50.415,-53.833,31.25,2976,3709,-6248,
0.00500107,-0.137695,-0.150391,1.00391,31.8604,-18.4326,22.1558,2969,3687,-6260,
0.00499725,-0.137695,-0.150391,1.00391,31.8604,-18.4326,22.1558,2963,3667,-6275,
0.00500107,-0.137695,-0.150391,1.00391,31.8604,-18.4326,22.1558,2958,3645,-6286,
0.00500107,-0.137695,-0.150391,1.00391,31.8604,-18.4326,22.1558,2954,3621,-6302,
0.00499725,-0.0668945,-0.120605,1.05469,37.2925,-16.5405,23.6206,2948,3598,-6320,
0.00500107,-0.0668945,-0.120605,1.05469,37.2925,-16.5405,23.6206,2943,3573,-6341,
0.00500107,-0.0668945,-0.120605,1.05469,37.2925,-16.5405,23.6206,2938,3548,-6363,
0.00500107,-0.0668945,-0.120605,1.05469,37.2925,-16.5405,23.6206,2936,3523,-6380,
0.00499725,-0.00390625,-0.09375,1.01904,42.6025,11.5356,10.3149,2937,3497,-6391,
0.00500107,-0.00390625,-0.09375,1.01904,42.6025,11.5356,10.3149,2940,3471,-6399,
0.00500107,-0.00390625,-0.09375,1.01904,42.6025,11.5356,10.3149,2946,3443,-6404,
0.00499725,-0.00390625,-0.09375,1.01904,42.6025,11.5356,10.3149,2956,3416,-6405,
0.00500107,-0.0737305,-0.110352,1.0127,60.9741,63.2324,14.9536,2968,3387,-6408,
0.00500107,-0.0737305,-0.110352,1.0127,60.9741,63.2324,14.9536,2984,3356,-6411,
0.00500107,-0.0737305,-0.110352,1.0127,60.9741,63.2324,14.9536,3000,3325,-6415,
0.00499725,-0.0737305,-0.110352,1.0127,60.9741,63.2324,14.9536,3017,3293,-6419,
0.00500107,0.0292969,-0.113281,1.02734,50.8423,40.1611,11.5356,3034,3261,-6426,
0.00500107,0.0292969,-0.113281,1.02734,50.8423,40.1611,11.5356,3052,3231,-6434,
0.00500107,0.0292969,-0.113281,1.02734,50.8423,40.1611,11.5356,3070,3203,-6438,
0.00499725,0.0292969,-0.113281,1.02734,50.8423,40.1611,11.5356,3089,3175,-6444,
0.00500107,-0.0283203,-0.0981445,0.992676,26.6724,20.9961,3.41797,3105,3147,-6447,
0.00500107,-0.0283203,-0.0981445,0.992676,26.6724,20.9961,3.41797,3121,3119,-6451,
0.00499725,-0.0283203,-0.0981445,0.992676,26.6724,20.9961,3.41797,3135,3093,-6454,
0.00500107,-0.0283203,-0.0981445,0.992676,26.6724,20.9961,3.41797,3150,3067,-6457,
0.00500107,-0.0634766,-0.0874023,0.989258,23.3765,19.3481,1.46484,3165,3044,-6457,
0.00500107,-0.0634766,-0.0874023,0.989258,23.3765,19.3481,1.46484,3181,3022,-6453,
0.00499725,-0.0634766,-0.0874023,0.989258,23.3765,19.3481,1.46484,3195,3000,-6454,
0.00500107,-0.0634766,-0.0874023,0.989258,23.3765,19.3481,1.46484,3207,2980,-6456,
0.00500107,-0.0405273,-0.0517578,1.02686,25.0854,9.39941,-1.58691,3218,2961,-6460,
0.00499725,-0.0405273,-0.0517578,1.02686,25.0854,9.39941,-1.58691,3227,2941,-6468,
0.00500107,-0.0405273,-0.0517578,1.02686,25.0854,9.39941,-1.58691,3237,2922,-6475,
0.00500107,-0.0405273,-0.0517578,1.02686,25.0854,9.39941,-1.58691,3247,2903,-6477,
0.00500107,-0.0922852,-0.0600586,0.98584,24.9023,16.7847,-5.92041,3258,2885,-6479,
0.00499725,-0.0922852,-0.0600586,0.98584,24.9023,16.7847,-5.92041,3270,2865,-6478,
0.00500107,-0.0922852,-0.0600586,0.98584,24.9023,16.7847,-5.92041,3280,2844,-6477,
0.00500107,-0.0922852,-0.0600586,0.98584,24.9023,16.7847,-5.92041,3291,2824,-6478,
0.00499725,-0.107422,-0.0727539,1.01172,26.4893,25.3906,-4.94385,3299,2806,-6480,
0.00500107,-0.107422,-0.0727539,1.01172,26.4893,25.3906,-4.94385,3308,2787,-6484,
0.00500107,-0.107422,-0.0727539,1.01172,26.4893,25.3906,-4.94385,3317,2771,-6484,
0.00500107,-0.107422,-0.0727539,1.01172,26.4893,25.3906,-4.94385,3325,2755,-6484,
0.00499725,-0.0927734,-0.0595703,0.996582,17.7002,-1.52588,0.793457,3334,2739,-6485,
0.00500107,-0.0927734,-0.0595703,0.996582,17.7002,-1.52588,0.793457,3340,2726,-6487,
0.00500107,-0.0927734,-0.0595703,0.996582,17.7002,-1.52588,0.793457,3345,2712,-6491,
0.00500107,-0.0927734,-0.0595703,0.996582,17.7002,-1.52588,0.793457,3350,2697,-6493,
0.00499725,-0.112305,-0.0258789,0.991699,14.8926,-8.36182,0.488281,3352,2683,-6494,
0.00500107,-0.112305,-0.0258789,0.991699,14.8926,-8.36182,0.488281,3353,2670,-6495,
0.00500107,-0.112305,-0.0258789,0.991699,14.8926,-8.36182,0.488281,3353,2657,-6497,
0.00499725,-0.112305,-0.0258789,0.991699,14.8926,-8.36182,0.488281,3351,2645,-6500,
0.00500107,-0.0761719,-0.000488281,1.02002,19.6533,3.11279,-5.31006,3349,2634,-6508,
0.00500107,-0.0761719,-0.000488281,1.02002,19.6533,3.11279,-5.31006,3347,2622,-6514,
0.00500107,-0.0761719,-0.000488281,1.02002,19.6533,3.11279,-5.31006,3346,2611,-6516,
0.00499725,-0.0761719,-0.000488281,1.02002,19.6533,3.11279,-5.31006,3348,2599,-6516,
0.00500107,-0.0844727,-0.0131836,1.01172,16.2354,9.46045,-11.4746,3349,2587,-6514,
0.00500107,-0.0844727,-0.0131836,1.01172,16.2354,9.46045,-11.4746,3353,2577,-6510,
0.00499725,-0.0844727,-0.0131836,1.01172,16.2354,9.46045,-11.4746,3357,2568,-6506,
0.00500107,-0.0844727,-0.0131836,1.01172,16.2354,9.46045,-11.4746,3361,2560,-6502,
0.00500107,-0.114746,-0.0166016,0.990234,6.04248,17.7002,-18.6157,3368,2553,-6500,
0.00500107,-0.114746,-0.0166016,0.990234,6.04248,17.7002,-18.6157,3376,2547,-6497,
0.00499725,-0.114746,-0.0166016,0.990234,6.04248,17.7002,-18.6157,3383,2540,-6496,
0.00500107,-0.114746,-0.0166016,0.990234,6.04248,17.7002,-18.6157,3392,2534,-6498,
0.00500107,-0.0615234,-0.0366211,0.961914,7.01904,26.123,-20.3247,3399,2527,-6499,
0.00499725,-0.0615234,-0.0366211,0.961914,7.01904,26.123,-20.3247,3404,2521,-6498,
0.00500107,-0.0615234,-0.0366211,0.961914,7.01904,26.123,-20.3247,3409,2516,-6499,
0.00500107,-0.0615234,-0.0366211,0.961914,7.01904,26.123,-20.3247,3413,2510,-6500,
0.00500107,-0.0981445,-0.0244141,0.991211,16.2964,-7.01904,-11.1084,3416,2505,-6501,
0.00499725,-0.0981445,-0.0244141,0.991211,16.2964,-7.01904,-11.1084,3416,2500,-6502,
0.00500107,-0.0981445,-0.0244141,0.991211,16.2964,-7.01904,-11.1084,3416,2496,-6504,
0.00500107,-0.0981445,-0.0244141,0.991211,16.2964,-7.01904,-11.1084,3413,2494,-6507,
0.00500107,-0.113281,-0.00976562,0.999023,5.98145,-18.0664,-11.7798,3409,2493,-6508,
0.00499725,-0.113281,-0.00976562,0.999023,5.98145,-18.0664,-11.7798,3406,2491,-6508,
0.00500107,-0.113281,-0.00976562,0.999023,5.98145,-18.0664,-11.7798,3404,2490,-6507,
0.00500107,-0.113281,-0.00976562,0.999023,5.98145,-18.0664,-11.7798,3402,2489,-6504,
0.00499725,-0.0756836,-0.0366211,0.936523,-10.498,-1.2207,-16.2354,3400,2488,-6500,
0.00500107,-0.0756836,-0.0366211,0.936523,-10.498,-1.2207,-16.2354,3399,2489,-6498,
0.00500107,-0.0756836,-0.0366211,0.936523,-10.498,-1.2207,-16.2354,3398,2491,-6500,
0.00500107,-0.0756836,-0.0366211,0.936523,-10.498,-1.2207,-16.2354,3395,2493,-6501,
0.00499725,-0.114746,0.00195312,0.990234,-7.87354,-1.15967,-16.2354,3394,2499,-6503,
0.00500107,-0.114746,0.00195312,0.990234,-7.87354,-1.15967,-16.2354,3393,2503,-6505,
0.00500107,-0.114746,0.00195312,0.990234,-7.87354,-1.15967,-16.2354,3390,2508,-6505,
0.00499725,-0.114746,0.00195312,0.990234,-7.87354,-1.15967,-16.2354,3388,2515,-6505,
0.00500107,-0.102051,0.0136719,1.02246,2.80762,2.74658,-23.1323,3386,2522,-6509,
0.00500107,-0.102051,0.0136719,1.02246,2.80762,2.74658,-23.1323,3385,2529,-6513,
0.00500107,-0.102051,0.0136719,1.02246,2.80762,2.74658,-23.1323,3385,2534,-6520,
0.00499725,-0.102051,0.0136719,1.02246,2.80762,2.74658,-23.1323,3384,2538,-6527,
0.00500107,-0.0800781,-0.0126953,1.01221,-0.0610352,0.427246,-21.1182,3382,2542,-6533,
0.00500107,-0.0800781,-0.0126953,1.01221,-0.0610352,0.427246,-21.1182,3379,2546,-6537,
0.00499725,-0.0800781,-0.0126953,1.01221,-0.0610352,0.427246,-21.1182,3375,2548,-6539,
0.00500107,-0.0800781,-0.0126953,1.01221,-0.0610352,0.427246,-21.1182,3371,2552,-6539,
0.00500107,-0.0581055,-0.0317383,1.00439,-7.08008,1.89209,-14.7705,3368,2557,-6536,
0.00500107,-0.0581055,-0.0317383,1.00439,-7.08008,1.89209,-14.7705,3363,2563,-6529,
0.00499725,-0.0581055,-0.0317383,1.00439,-7.08008,1.89209,-14.7705,3361,2571,-6524,
0.00500107,-0.0581055,-0.0317383,1.00439,-7.08008,1.89209,-14.7705,3359,2578,-6521,
0.00500107,-0.0869141,-0.0307617,0.99707,-2.68555,-3.96729,-5.31006,3357,2583,-6518,
0.00500107,-0.0869141,-0.0307617,0.99707,-2.68555,-3.96729,-5.31006,3355,2588,-6514,
0.00499725,-0.0869141,-0.0307617,0.99707,-2.68555,-3.96729,-5.31006,3352,2592,-6516,
0.00500107,-0.0869141,-0.0307617,0.99707,-2.68555,-3.96729,-5.31006,3349,2596,-6517,
0.00500107,-0.133301,-0.0405273,1.00293,0.854492,-13.3057,1.40381,3344,2599,-6521,
0.00499725,-0.133301,-0.0405273,1.00293,0.854492,-13.3057,1.40381,3341,2602,-6528,
0.00500107,-0.133301,-0.0405273,1.00293,0.854492,-13.3057,1.40381,3336,2604,-6534,
0.00500107,-0.133301,-0.0405273,1.00293,0.854492,-13.3057,1.40381,3330,2605,-6541,
0.00500107,-0.0908203,-0.0615234,0.964355,-8.30078,-25.0854,11.5967,3325,2606,-6547,
0.00499725,-0.0908203,-0.0615234,0.964355,-8.30078,-25.0854,11.5967,3317,2610,-6554,
0.00500107,-0.0908203,-0.0615234,0.964355,-8.30078,-25.0854,11.5967,3308,2615,-6558,
0.00500107,-0.0908203,-0.0615234,0.964355,-8.30078,-25.0854,11.5967,3300,2621,-6560,
0.00499725,-0.104492,-0.0332031,0.964355,-11.4136,-14.5264,13.5498,3291,2625,-6560,
0.00500107,-0.104492,-0.0332031,0.964355,-11.4136,-14.5264,13.5498,3282,2628,-6560,
0.00500107,-0.104492,-0.0332031,0.964355,-11.4136,-14.5264,13.5498,3274,2629,-6560,
0.00500107,-0.104492,-0.0332031,0.964355,-11.4136,-14.5264,13.5498,3267,2632,-6565,
0.00499725,-0.111816,-0.0283203,0.977051,-6.53076,-5.79834,7.75146,3263,2636,-6569,
0.00500107,-0.111816,-0.0283203,0.977051,-6.53076,-5.79834,7.75146,3258,2639,-6575,
0.00500107,-0.111816,-0.0283203,0.977051,-6.53076,-5.79834,7.75146,3254,2642,-6578,
0.00499725,-0.111816,-0.0283203,0.977051,-6.53076,-5.79834,7.75146,3252,2644,-6580,
0.00500107,-0.0727539,-0.0224609,0.984863,0.0610352,-4.3335,6.34766,3250,2646,-6580,
0.00500107,-0.0727539,-0.0224609,0.984863,0.0610352,-4.3335,6.34766,3250,2646,-6577,
0.00500107,-0.0727539,-0.0224609,0.984863,0.0610352,-4.3335,6.34766,3248,2645,-6576,
0.00499725,-0.0727539,-0.0224609,0.984863,0.0610352,-4.3335,6.34766,3244,2645,-6576,
0.00500107,-0.0546875,-0.0195312,0.993652,2.56348,-5.5542,4.69971,3239,2643,-6576,
0.00500107,-0.0546875,-0.0195312,0.993652,2.56348,-5.5542,4.69971,3233,2642,-6580,
0.00500107,-0.0546875,-0.0195312,0.993652,2.56348,-5.5542,4.69971,3224,2640,-6582,
0.00499725,-0.0546875,-0.0195312,0.993652,2.56348,-5.5542,4.69971,3218,2638,-6586,
0.00500107,-0.0209961,-0.0375977,0.97998,1.09863,-10.7422,4.69971,3212,2636,-6587,
0.00500107,-0.0209961,-0.0375977,0.97998,1.09863,-10.7422,4.69971,3206,2633,-6590,
0.00499725,-0.0209961,-0.0375977,0.97998,1.09863,-10.7422,4.69971,3201,2632,-6591,
0.00500107,-0.0209961,-0.0375977,0.97998,1.09863,-10.7422,4.69971,3195,2632,-6592,
0.00500107,-0.0527344,-0.0322266,0.982422,2.38037,-5.7373,6.5918,3192,2632,-6591,
0.00500107,-0.0527344,-0.0322266,0.982422,2.38037,-5.7373,6.5918,3189,2632,-6590,
0.00499725,-0.0527344,-0.0322266,0.982422,2.38037,-5.7373,6.5918,3188,2632,-6589,
0.00500107,-0.0527344,-0.0322266,0.982422,2.38037,-5.7373,6.5918,3186,2630,-6587,
0.00500107,-0.0405273,-0.00634766,1.02686,4.15039,4.69971,1.89209,3184,2627,-6590,
0.00499725,-0.0405273,-0.00634766,1.02686,4.15039,4.69971,1.89209,3184,2626,-6590,
0.00500107,-0.0405273,-0.00634766,1.02686,4.15039,4.69971,1.89209,3183,2626,-6590,
0.00500107,-0.0405273,-0.00634766,1.02686,4.15039,4.69971,1.89209,3184,2625,-6587,
0.00500107,-0.0537109,-0.0200195,0.989746,2.38037,7.99561,-2.19727,3185,2623,-6582,
0.00499725,-0.0537109,-0.0200195,0.989746,2.38037,7.99561,-2.19727,3187,2622,-6578,
0.00500107,-0.0537109,-0.0200195,0.989746,2.38037,7.99561,-2.19727,3186,2619,-6576,
0.00500107,-0.0537109,-0.0200195,0.989746,2.38037,7.99561,-2.19727,3184,2618,-6577,
0.00499725,-0.0517578,-0.0375977,0.977051,4.39453,-8.60596,4.45557,3181,2620,-6576,
0.00500107,-0.0517578,-0.0375977,0.977051,4.39453,-8.60596,4.45557,3179,2622,-6575,
0.00500107,-0.0517578,-0.0375977,0.977051,4.39453,-8.60596,4.45557,3176,2621,-6576,
0.00500107,-0.0517578,-0.0375977,0.977051,4.39453,-8.60596,4.45557,3175,2620,-6580,
0.00499725,-0.0854492,-0.0205078,1.01953,6.7749,-0.427246,4.27246,3174,2618,-6586,
0.00500107,-0.0854492,-0.0205078,1.01953,6.7749,-0.427246,4.27246,3176,2613,-6591,
0.00500107,-0.0854492,-0.0205078,1.01953,6.7749,-0.427246,4.27246,3175,2607,-6595,
0.00500107,-0.0854492,-0.0205078,1.01953,6.7749,-0.427246,4.27246,3174,2605,-6591,
0.00499725,-0.09375,-0.0161133,1.01855,4.57764,-5.98145,3.66211,3173,2601,-6588,
0.00500107,-0.09375,-0.0161133,1.01855,4.57764,-5.98145,3.66211,3171,2599,-6587,
0.00500107,-0.09375,-0.0161133,1.01855,4.57764,-5.98145,3.66211,3170,2599,-6588,
0.00499725,-0.09375,-0.0161133,1.01855,4.57764,-5.98145,3.66211,3170,2598,-6593,
0.00500107,-0.0727539,-0.0126953,1.01074,3.84521,-7.32422,2.31934,3170,2595,-6596,
0.00500107,-0.0727539,-0.0126953,1.01074,3.84521,-7.32422,2.31934,3171,2594,-6596,
0.00500107,-0.0727539,-0.0126953,1.01074,3.84521,-7.32422,2.31934,3170,2591,-6598,
0.00499725,-0.0727539,-0.0126953,1.01074,3.84521,-7.32422,2.31934,3167,2587,-6598,
0.00500107,-0.0844727,-0.00927734,1.01367,3.479,-6.40869,-0.0610352,3161,2583,-6599,
0.00500107,-0.0844727,-0.00927734,1.01367,3.479,-6.40869,-0.0610352,3157,2580,-6602,
0.00499725,-0.0844727,-0.00927734,1.01367,3.479,-6.40869,-0.0610352,3154,2578,-6600,
0.00500107,-0.0844727,-0.00927734,1.01367,3.479,-6.40869,-0.0610352,3152,2576,-6597,
0.00500107,-0.0810547,-0.0297852,0.97998,5.12695,-4.45557,-2.01416,3149,2575,-6601,
0.00500107,-0.0810547,-0.0297852,0.97998,5.12695,-4.45557,-2.01416,3146,2574,-6604,
0.00499725,-0.0810547,-0.0297852,0.97998,5.12695,-4.45557,-2.01416,3143,2572,-6605,
0.00500107,-0.0810547,-0.0297852,0.97998,5.12695,-4.45557,-2.01416,3136,2570,-6611,
0.00500107,-0.0561523,-0.0268555,0.978027,3.72314,-11.8408,0.183105,3130,2567,-6614,
0.00499725,-0.0561523,-0.0268555,0.978027,3.72314,-11.8408,0.183105,3122,2565,-6619,
0.00500107,-0.0561523,-0.0268555,0.978027,3.72314,-11.8408,0.183105,3114,2560,-6628,
0.00500107,-0.0561523,-0.0268555,0.978027,3.72314,-11.8408,0.183105,3108,2556,-6633,
0.00500107,-0.0488281,-0.00439453,1.00439,4.15039,-14.2212,0.427246,3101,2554,-6639,
0.00499725,-0.0488281,-0.00439453,1.00439,4.15039,-14.2212,0.427246,3094,2551,-6645,
0.00500107,-0.0488281,-0.00439453,1.00439,4.15039,-14.2212,0.427246,3089,2548,-6653,
0.00500107,-0.0488281,-0.00439453,1.00439,4.15039,-14.2212,0.427246,3082,2547,-6662,
0.00500107,-0.0483398,0.00732422,1.03467,5.79834,-14.5874,-0.976562,3078,2545,-6669,
0.00499725,-0.0483398,0.00732422,1.03467,5.79834,-14.5874,-0.976562,3072,2542,-6677,
0.00500107,-0.0483398,0.00732422,1.03467,5.79834,-14.5874,-0.976562,3065,2539,-6683,
0.00500107,-0.0483398,0.00732422,1.03467,5.79834,-14.5874,-0.976562,3057,2536,-6688,
0.00499725,-0.0546875,0.00439453,1.01318,6.53076,-15.625,-2.01416,3048,2532,-6694,
0.00500107,-0.0546875,0.00439453,1.01318,6.53076,-15.625,-2.01416,3041,2529,-6697,
0.00500107,-0.0546875,0.00439453,1.01318,6.53076,-15.625,-2.01416,3034,2527,-6701,
0.00500107,-0.0546875,0.00439453,1.01318,6.53076,-15.625,-2.01416,3026,2526,-6702,
0.00499725,-0.046875,-0.0141602,0.992676,8.17871,-13.6108,-3.11279,3021,2524,-6706,
0.00500107,-0.046875,-0.0141602,0.992676,8.17871,-13.6108,-3.11279,3015,2523,-6709,
0.00500107,-0.046875,-0.0141602,0.992676,8.17871,-13.6108,-3.11279,3007,2521,-6715,
0.00499725,-0.046875,-0.0141602,0.992676,8.17871,-13.6108,-3.11279,2999,2519,-6720,
0.00500107,-0.00683594,-0.00878906,1.01562,8.36182,-12.9395,-0.244141,2991,2516,-6723,
0.00500107,-0.00683594,-0.00878906,1.01562,8.36182,-12.9395,-0.244141,2984,2512,-6729,
0.00500107,-0.00683594,-0.00878906,1.01562,8.36182,-12.9395,-0.244141,2978,2508,-6735,
0.00499725,-0.00683594,-0.00878906,1.01562,8.36182,-12.9395,-0.244141,2972,2505,-6736,
0.00500107,-0.0214844,0.00146484,1.02441,7.38525,-7.99561,-0.366211,2965,2500,-6739,
0.00500107,-0.0214844,0.00146484,1.02441,7.38525,-7.99561,-0.366211,2958,2497,-6743,
0.00499725,-0.0214844,0.00146484,1.02441,7.38525,-7.99561,-0.366211,2951,2493,-6748,
0.00500107,-0.0214844,0.00146484,1.02441,7.38525,-7.99561,-0.366211,2943,2492,-6753,
0.00500107,-0.034668,-0.000976562,1.01758,7.26318,-11.7798,0.610352,2934,2489,-6758,
0.00500107,-0.034668,-0.000976562,1.01758,7.26318,-11.7798,0.610352,2926,2487,-6762,
0.00499725,-0.034668,-0.000976562,1.01758,7.26318,-11.7798,0.610352,2918,2485,-6767,
0.00500107,-0.034668,-0.000976562,1.01758,7.26318,-11.7798,0.610352,2909,2480,-6775,
0.00500107,-0.0371094,0.00927734,1.02588,5.7373,-22.7051,1.15967,2902,2477,-6785,
0.00500107,-0.0371094,0.00927734,1.02588,5.7373,-22.7051,1.15967,2893,2474,-6796,
0.00499725,-0.0371094,0.00927734,1.02588,5.7373,-22.7051,1.15967,2883,2469,-6803,
0.00500107,-0.0371094,0.00927734,1.02588,5.7373,-22.7051,1.15967,2874,2463,-6808,
0.00500107,-0.0185547,0.0141602,1.02881,1.15967,-23.1934,0.610352,2863,2460,-6811,
0.00499725,-0.0185547,0.0141602,1.02881,1.15967,-23.1934,0.610352,2852,2455,-6815,
0.00500107,-0.0185547,0.0141602,1.02881,1.15967,-23.1934,0.610352,2841,2452,-6819,
0.00500107,-0.0185547,0.0141602,1.02881,1.15967,-23.1934,0.610352,2830,2448,-6824,
0.00500107,-0.00634766,0.00244141,0.999512,2.01416,-9.39941,1.15967,2820,2443,-6827,
0.00499725,-0.00634766,0.00244141,0.999512,2.01416,-9.39941,1.15967,2810,2439,-6831,
0.00500107,-0.00634766,0.00244141,0.999512,2.01416,-9.39941,1.15967,2801,2434,-6833,
0.00500107,-0.00634766,0.00244141,0.999512,2.01416,-9.39941,1.15967,2792,2430,-6835,
0.00499725,-0.00683594,-0.00976562,0.980957,1.58691,-9.15527,2.56348,2781,2428,-6835,
0.00500107,-0.00683594,-0.00976562,0.980957,1.58691,-9.15527,2.56348,2772,2428,-6836,
0.00500107,-0.00683594,-0.00976562,0.980957,1.58691,-9.15527,2.56348,2764,2427,-6840,
0.00500107,-0.00683594,-0.00976562,0.980957,1.58691,-9.15527,2.56348,2757,2425,-6843,
0.00499725,-0.00488281,-0.00146484,0.988281,2.62451,-11.0474,2.13623,2751,2423,-6845,
0.00500107,-0.00488281,-0.00146484,0.988281,2.62451,-11.0474,2.13623,2743,2423,-6845,
0.00500107,-0.00488281,-0.00146484,0.988281,2.62451,-11.0474,2.13623,2734,2421,-6844,
0.00499725,-0.00488281,-0.00146484,0.988281,2.62451,-11.0474,2.13623,2724,2419,-6841,
0.00500107,0.012207,0.0117188,0.999512,-0.610352,-14.6484,0.610352,2713,2416,-6843,
0.00500107,0.012207,0.0117188,0.999512,-0.610352,-14.6484,0.610352,2704,2414,-6845,
0.00500107,0.012207,0.0117188,0.999512,-0.610352,-14.6484,0.610352,2696,2414,-6848,
0.00499725,0.012207,0.0117188,0.999512,-0.610352,-14.6484,0.610352,2687,2413,-6855,
0.00500107,0.0102539,0.015625,1.00342,-2.74658,-22.583,1.28174,2677,2414,-6861,
0.00500107,0.0102539,0.015625,1.00342,-2.74658,-22.583,1.28174,2665,2415,-6865,
0.00500107,0.0102539,0.015625,1.00342,-2.74658,-22.583,1.28174,2653,2415,-6871,
0.00499725,0.0102539,0.015625,1.00342,-2.74658,-22.583,1.28174,2640,2416,-6875,
0.00500107,0.0112305,0.0209961,1.00342,1.77002,-25.2075,2.44141,2627,2417,-6875,
0.00500107,0.0112305,0.0209961,1.00342,1.77002,-25.2075,2.44141,2615,2418,-6875,
0.00499725,0.0112305,0.0209961,1.00342,1.77002,-25.2075,2.44141,2603,2418,-6876,
0.00500107,0.0112305,0.0209961,1.00342,1.77002,-25.2075,2.44141,2591,2418,-6877,
0.00500107,0.012207,0.00976562,1.00391,5.24902,-27.2217,3.41797,2579,2418,-6878,
0.00500107,0.012207,0.00976562,1.00391,5.24902,-27.2217,3.41797,2565,2416,-6885,
0.00499725,0.012207,0.00976562,1.00391,5.24902,-27.2217,3.41797,2549,2412,-6894,
0.00500107,0.012207,0.00976562,1.00391,5.24902,-27.2217,3.41797,2533,2410,-6903,
0.00500107,0.0297852,0.00195312,0.983887,4.27246,-25.3906,2.92969,2519,2407,-6912,
0.00499725,0.0297852,0.00195312,0.983887,4.27246,-25.3906,2.92969,2506,2406,-6923,
0.00500107,0.0297852,0.00195312,0.983887,4.27246,-25.3906,2.92969,2493,2403,-6931,
0.00500107,0.0297852,0.00195312,0.983887,4.27246,-25.3906,2.92969,2480,2401,-6940,
0.00500107,0.0351562,0.0126953,1,2.13623,-28.3813,-0.183105,2467,2400,-6948,
0.00499725,0.0351562,0.0126953,1,2.13623,-28.3813,-0.183105,2453,2399,-6953,
0.00500107,0.0351562,0.0126953,1,2.13623,-28.3813,-0.183105,2439,2400,-6958,
0.00500107,0.0351562,0.0126953,1,2.13623,-28.3813,-0.183105,2421,2401,-6963,
0.00499725,0.0458984,0.0195312,1.00439,-1.28174,-36.499,-0.915527,2403,2399,-6968,
0.00500107,0.0458984,0.0195312,1.00439,-1.28174,-36.499,-0.915527,2386,2396,-6973,
0.00500107,0.0458984,0.0195312,1.00439,-1.28174,-36.499,-0.915527,2367,2393,-6978,
0.00500107,0.0458984,0.0195312,1.00439,-1.28174,-36.499,-0.915527,2349,2389,-6982,
0.00499725,0.10791,0.00488281,0.963867,-1.15967,-34.3628,-1.83105,2329,2387,-6986,
0.00500107,0.10791,0.00488281,0.963867,-1.15967,-34.3628,-1.83105,2310,2385,-6989,
0.00500107,0.10791,0.00488281,0.963867,-1.15967,-34.3628,-1.83105,2288,2384,-6994,
0.00500107,0.10791,0.00488281,0.963867,-1.15967,-34.3628,-1.83105,2267,2384,-6998,
0.00499725,0.11377,0.00390625,0.979492,2.99072,-22.9492,-0.610352,2248,2385,-7006,
0.00500107,0.11377,0.00390625,0.979492,2.99072,-22.9492,-0.610352,2228,2387,-7015,
0.00500107,0.11377,0.00390625,0.979492,2.99072,-22.9492,-0.610352,2211,2388,-7025,
0.00499725,0.11377,0.00390625,0.979492,2.99072,-22.9492,-0.610352,2197,2388,-7033,
0.00500107,0.10498,0.00341797,0.986328,1.95312,-22.2168,0.244141,2182,2386,-7043,
0.00500107,0.10498,0.00341797,0.986328,1.95312,-22.2168,0.244141,2168,2385,-7052,
0.00500107,0.10498,0.00341797,0.986328,1.95312,-22.2168,0.244141,2154,2384,-7062,
0.00499725,0.10498,0.00341797,0.986328,1.95312,-22.2168,0.244141,2142,2383,-7069,
0.00500107,0.0893555,0.00976562,0.998535,1.64795,-19.5923,-0.427246,2129,2385,-7071,
0.00500107,0.0893555,0.00976562,0.998535,1.64795,-19.5923,-0.427246,2116,2386,-7072,
0.00499725,0.0893555,0.00976562,0.998535,1.64795,-19.5923,-0.427246,2102,2387,-7073,
0.00500107,0.0893555,0.00976562,0.998535,1.64795,-19.5923,-0.427246,2088,2388,-7075,
0.00500107,0.0820312,0.0146484,1.00684,0.976562,-13.0005,-4.45557,2072,2389,-7077,
0.00500107,0.0820312,0.0146484,1.00684,0.976562,-13.0005,-4.45557,2058,2390,-7080,
0.00499725,0.0820312,0.0146484,1.00684,0.976562,-13.0005,-4.45557,2042,2392,-7085,
0.00500107,0.0820312,0.0146484,1.00684,0.976562,-13.0005,-4.45557,2026,2395,-7090,
0.00500107,0.121094,0.00537109,0.978516,-2.31934,-22.4609,-3.90625,2012,2396,-7095,
0.00499725,0.121094,0.00537109,0.978516,-2.31934,-22.4609,-3.90625,1995,2398,-7101,
0.00500107,0.121094,0.00537109,0.978516,-2.31934,-22.4609,-3.90625,1977,2399,-7104,
0.00500107,0.121094,0.00537109,0.978516,-2.31934,-22.4609,-3.90625,1957,2400,-7109,
0.00500107,0.124023,0.00439453,0.977539,-2.2583,-39.1235,1.34277,1935,2403,-7113,
0.00499725,0.124023,0.00439453,0.977539,-2.2583,-39.1235,1.34277,1915,2405,-7117,
0.00500107,0.124023,0.00439453,0.977539,-2.2583,-39.1235,1.34277,1895,2407,-7120,
0.00500107,0.124023,0.00439453,0.977539,-2.2583,-39.1235,1.34277,1874,2407,-7123,
0.00500107,0.129395,0.015625,0.991699,-4.39453,-51.8799,3.17383,1853,2408,-7128,
0.00499725,0.129395,0.015625,0.991699,-4.39453,-51.8799,3.17383,1830,2408,-7132,
0.00500107,0.129395,0.015625,0.991699,-4.39453,-51.8799,3.17383,1806,2409,-7135,
0.00500107,0.129395,0.015625,0.991699,-4.39453,-51.8799,3.17383,1783,2411,-7138,
0.00499725,0.115234,0.0151367,1.00195,-7.01904,-37.7808,-0.12207,1760,2414,-7137,
0.00500107,0.115234,0.0151367,1.00195,-7.01904,-37.7808,-0.12207,1735,2418,-7135,
0.00500107,0.115234,0.0151367,1.00195,-7.01904,-37.7808,-0.12207,1712,2421,-7133,
0.00500107,0.115234,0.0151367,1.00195,-7.01904,-37.7808,-0.12207,1690,2425,-7131,
0.00499725,0.145996,0.0102539,0.993652,-8.42285,-22.7661,-2.74658,1669,2430,-7125,
0.00500107,0.145996,0.0102539,0.993652,-8.42285,-22.7661,-2.74658,1652,2435,-7125,
0.00500107,0.145996,0.0102539,0.993652,-8.42285,-22.7661,-2.74658,1634,2442,-7130,
0.00499725,0.145996,0.0102539,0.993652,-8.42285,-22.7661,-2.74658,1619,2449,-7138,
0.00500107,0.201172,-0.00537109,0.942383,-5.5542,-7.26318,-5.06592,1603,2454,-7152,
0.00500107,0.201172,-0.00537109,0.942383,-5.5542,-7.26318,-5.06592,1588,2460,-7162,
0.00500107,0.201172,-0.00537109,0.942383,-5.5542,-7.26318,-5.06592,1573,2465,-7169,
0.00499725,0.201172,-0.00537109,0.942383,-5.5542,-7.26318,-5.06592,1559,2468,-7176,
0.00500107,0.199707,-0.00439453,0.956055,-5.00488,-5.43213,-6.46973,1545,2471,-7176,
0.00500107,0.199707,-0.00439453,0.956055,-5.00488,-5.43213,-6.46973,1531,2474,-7177,
0.00499725,0.199707,-0.00439453,0.956055,-5.00488,-5.43213,-6.46973,1519,2477,-7178,
0.00500107,0.199707,-0.00439453,0.956055,-5.00488,-5.43213,-6.46973,1507,2481,-7177,
0.00500107,0.188965,0.00683594,0.996582,-5.67627,-12.6953,-6.22559,1497,2486,-7183,
0.00500107,0.188965,0.00683594,0.996582,-5.67627,-12.6953,-6.22559,1486,2493,-7186,
0.00499725,0.188965,0.00683594,0.996582,-5.67627,-12.6953,-6.22559,1475,2500,-7188,
0.00500107,0.188965,0.00683594,0.996582,-5.67627,-12.6953,-6.22559,1463,2507,-7190,
0.00500107,0.164551,0.0234375,1.04004,-7.99561,-22.2168,-5.67627,1453,2515,-7191,
0.00500107,0.164551,0.0234375,1.04004,-7.99561,-22.2168,-5.67627,1441,2522,-7193,
0.00499725,0.164551,0.0234375,1.04004,-7.99561,-22.2168,-5.67627,1429,2529,-7196,
0.00500107,0.164551,0.0234375,1.04004,-7.99561,-22.2168,-5.67627,1414,2536,-7196,
0.00500107,0.17041,0.000976562,0.96582,-3.72314,-17.0898,-7.75146,1398,2540,-7196,
0.00499725,0.17041,0.000976562,0.96582,-3.72314,-17.0898,-7.75146,1382,2545,-7198,
0.00500107,0.17041,0.000976562,0.96582,-3.72314,-17.0898,-7.75146,1367,2549,-7200,
0.00500107,0.17041,0.000976562,0.96582,-3.72314,-17.0898,-7.75146,1353,2552,-7204,
0.00500107,0.245117,-0.00683594,0.944336,1.70898,-17.0898,-7.62939,1341,2554,-7203,
0.00499725,0.245117,-0.00683594,0.944336,1.70898,-17.0898,-7.62939,1329,2556,-7203,
0.00500107,0.245117,-0.00683594,0.944336,1.70898,-17.0898,-7.62939,1317,2557,-7201,
0.00500107,0.245117,-0.00683594,0.944336,1.70898,-17.0898,-7.62939,1306,2558,-7202,
0.00499725,0.225586,-0.00341797,0.993164,2.62451,-15.9912,-6.5918,1295,2560,-7201,
0.00500107,0.225586,-0.00341797,0.993164,2.62451,-15.9912,-6.5918,1284,2562,-7203,
0.00500107,0.225586,-0.00341797,0.993164,2.62451,-15.9912,-6.5918,1272,2562,-7204,
0.00500107,0.225586,-0.00341797,0.993164,2.62451,-15.9912,-6.5918,1260,2564,-7207,
0.00499725,0.188965,-0.00195312,0.996582,1.28174,-17.395,-5.67627,1245,2565,-7210,
0.00500107,0.188965,-0.00195312,0.996582,1.28174,-17.395,-5.67627,1231,2566,-7212,
0.00500107,0.188965,-0.00195312,0.996582,1.28174,-17.395,-5.67627,1218,2569,-7215,
0.00499725,0.188965,-0.00195312,0.996582,1.28174,-17.395,-5.67627,1207,2572,-7217,
0.00500107,0.161133,-0.00634766,0.980469,1.28174,-19.5923,-6.89697,1194,2576,-7218,
0.00500107,0.161133,-0.00634766,0.980469,1.28174,-19.5923,-6.89697,1184,2580,-7218,
0.00500107,0.161133,-0.00634766,0.980469,1.28174,-19.5923,-6.89697,1172,2584,-7219,
0.00499725,0.161133,-0.00634766,0.980469,1.28174,-19.5923,-6.89697,1158,2586,-7220,
0.00500107,0.20459,-0.00146484,0.978516,-0.12207,-17.8223,-7.26318,1144,2585,-7222,
0.00500107,0.20459,-0.00146484,0.978516,-0.12207,-17.8223,-7.26318,1130,2585,-7222,
0.00500107,0.20459,-0.00146484,0.978516,-0.12207,-17.8223,-7.26318,1114,2585,-7223,
0.00499725,0.20459,-0.00146484,0.978516,-0.12207,-17.8223,-7.26318,1099,2584,-7222,
0.00500107,0.225098,0.00244141,0.972656,1.28174,-19.9585,-4.39453,1085,2584,-7222,
0.00500107,0.225098,0.00244141,0.972656,1.28174,-19.9585,-4.39453,1072,2586,-7221,
0.00499725,0.225098,0.00244141,0.972656,1.28174,-19.9585,-4.39453,1061,2587,-7216,
0.00500107,0.225098,0.00244141,0.972656,1.28174,-19.9585,-4.39453,1049,2587,-7215,
0.00500107,0.204102,-0.00537109,0.975098,6.16455,-24.5361,0,1037,2584,-7217,
0.00500107,0.204102,-0.00537109,0.975098,6.16455,-24.5361,0,1025,2582,-7220,
0.00499725,0.204102,-0.00537109,0.975098,6.16455,-24.5361,0,1011,2580,-7227,
0.00500107,0.204102,-0.00537109,0.975098,6.16455,-24.5361,0,996,2578,-7232,
0.00500107,0.233398,-0.00195312,0.972168,7.20215,-33.0811,3.23486,981,2576,-7236,
0.00499725,0.233398,-0.00195312,0.972168,7.20215,-33.0811,3.23486,966,2571,-7237,
0.00500107,0.233398,-0.00195312,0.972168,7.20215,-33.0811,3.23486,950,2567,-7240,
0.00500107,0.233398,-0.00195312,0.972168,7.20215,-33.0811,3.23486,933,2562,-7242,
0.00500107,0.27002,0.0200195,0.987305,5.98145,-33.4473,2.68555,916,2558,-7245,
0.00499725,0.27002,0.0200195,0.987305,5.98145,-33.4473,2.68555,897,2555,-7250,
0.00500107,0.27002,0.0200195,0.987305,5.98145,-33.4473,2.68555,879,2552,-7252,
0.00500107,0.27002,0.0200195,0.987305,5.98145,-33.4473,2.68555,858,2548,-7255,
0.00499725,0.288574,0.00292969,0.947266,7.08008,-25.7568,1.52588,837,2547,-7262,
0.00500107,0.288574,0.00292969,0.947266,7.08008,-25.7568,1.52588,817,2546,-7266,
0.00500107,0.288574,0.00292969,0.947266,7.08008,-25.7568,1.52588,799,2542,-7273,
0.00500107,0.288574,0.00292969,0.947266,7.08008,-25.7568,1.52588,780,2540,-7281,
0.00499725,0.287598,0.00878906,0.94873,5.00488,-22.0337,0.244141,763,2538,-7287,
0.00500107,0.287598,0.00878906,0.94873,5.00488,-22.0337,0.244141,749,2535,-7290,
0.00500107,0.287598,0.00878906,0.94873,5.00488,-22.0337,0.244141,736,2532,-7291,
0.00500107,0.287598,0.00878906,0.94873,5.00488,-22.0337,0.244141,722,2531,-7291,
0.00499725,0.283203,0.0126953,0.965332,1.28174,-18.8599,-0.732422,708,2530,-7290,
0.00500107,0.283203,0.0126953,0.965332,1.28174,-18.8599,-0.732422,694,2529,-7293,
0.00500107,0.283203,0.0126953,0.965332,1.28174,-18.8599,-0.732422,676,2527,-7297,
0.00499725,0.283203,0.0126953,0.965332,1.28174,-18.8599,-0.732422,660,2525,-7303,
0.00500107,0.271484,0.0117188,0.959473,-0.976562,-20.813,-0.305176,644,2523,-7307,
0.00500107,0.271484,0.0117188,0.959473,-0.976562,-20.813,-0.305176,628,2521,-7311,
0.00500107,0.271484,0.0117188,0.959473,-0.976562,-20.813,-0.305176,613,2520,-7310,
0.00499725,0.271484,0.0117188,0.959473,-0.976562,-20.813,-0.305176,598,2522,-7308,
0.00500107,0.32666,0.00537109,0.925293,-0.793457,-20.4468,2.38037,582,2522,-7309,
0.00500107,0.32666,0.00537109,0.925293,-0.793457,-20.4468,2.38037,566,2523,-7307,
0.00499725,0.32666,0.00537109,0.925293,-0.793457,-20.4468,2.38037,549,2524,-7306,
0.00500107,0.32666,0.00537109,0.925293,-0.793457,-20.4468,2.38037,535,2524,-7304,
0.00500107,0.321777,0.00683594,0.928711,0.976562,-18.6157,5.37109,521,2524,-7304,
0.00500107,0.321777,0.00683594,0.928711,0.976562,-18.6157,5.37109,507,2523,-7301,
0.00499725,0.321777,0.00683594,0.928711,0.976562,-18.6157,5.37109,495,2522,-7301,
0.00500107,0.321777,0.00683594,0.928711,0.976562,-18.6157,5.37109,482,2521,-7302,
0.00500107,0.300293,0.015625,0.939941,-1.0376,-22.3389,6.46973,468,2520,-7304,
0.00499725,0.300293,0.015625,0.939941,-1.0376,-22.3389,6.46973,455,2522,-7305,
0.00500107,0.300293,0.015625,0.939941,-1.0376,-22.3389,6.46973,442,2521,-7305,
0.00500107,0.300293,0.015625,0.939941,-1.0376,-22.3389,6.46973,430,2521,-7309,
0.00500107,0.299805,0.0141602,0.958496,-3.17383,-29.1748,5.18799,417,2520,-7312,
0.00499725,0.299805,0.0141602,0.958496,-3.17383,-29.1748,5.18799,402,2519,-7316,
0.00500107,0.299805,0.0141602,0.958496,-3.17383,-29.1748,5.18799,385,2520,-7320,
0.00500107,0.299805,0.0141602,0.958496,-3.17383,-29.1748,5.18799,367,2520,-7325,
0.00500107,0.297363,0.0239258,1.00439,-5.37109,-35.3394,4.94385,346,2522,-7327,
0.00499725,0.297363,0.0239258,1.00439,-5.37109,-35.3394,4.94385,327,2527,-7328,
0.00500107,0.297363,0.0239258,1.00439,-5.37109,-35.3394,4.94385,307,2530,-7327,
0.00500107,0.297363,0.0239258,1.00439,-5.37109,-35.3394,4.94385,287,2532,-7323,
0.00499725,0.29834,0.0112305,0.966797,-4.02832,-22.4609,2.31934,268,2537,-7324,
0.00500107,0.29834,0.0112305,0.966797,-4.02832,-22.4609,2.31934,249,2539,-7326,
0.00500107,0.29834,0.0112305,0.966797,-4.02832,-22.4609,2.31934,233,2541,-7330,
0.00500107,0.29834,0.0112305,0.966797,-4.02832,-22.4609,2.31934,217,2544,-7333,
0.00499725,0.335938,0.00244141,0.935547,-4.27246,-27.3438,1.83105,200,2547,-7331,
0.00500107,0.335938,0.00244141,0.935547,-4.27246,-27.3438,1.83105,183,2549,-7326,
0.00500107,0.335938,0.00244141,0.935547,-4.27246,-27.3438,1.83105,167,2553,-7321,
0.00499725,0.335938,0.00244141,0.935547,-4.27246,-27.3438,1.83105,149,2558,-7317,
0.00500107,0.353027,0.0078125,0.934082,-4.82178,-31.0669,1.58691,132,2560,-7315,
0.00500107,0.353027,0.0078125,0.934082,-4.82178,-31.0669,1.58691,114,2565,-7315,
0.00500107,0.353027,0.0078125,0.934082,-4.82178,-31.0669,1.58691,97,2570,-7314,
0.00499725,0.353027,0.0078125,0.934082,-4.82178,-31.0669,1.58691,82,2576,-7315,
0.00500107,0.350586,0.0107422,0.923828,-5.61523,-22.644,-0.183105,66,2582,-7316,
0.00500107,0.350586,0.0107422,0.923828,-5.61523,-22.644,-0.183105,49,2588,-7314,
0.00499725,0.350586,0.0107422,0.923828,-5.61523,-22.644,-0.183105,31,2593,-7310,
0.00500107,0.350586,0.0107422,0.923828,-5.61523,-22.644,-0.183105,13,2598,-7305,
0.00500107,0.347656,-0.012207,0.931641,-5.24902,-25.8179,0.12207,-4,2603,-7299,
0.00500107,0.347656,-0.012207,0.931641,-5.24902,-25.8179,0.12207,-22,2608,-7295,
0.00499725,0.347656,-0.012207,0.931641,-5.24902,-25.8179,0.12207,-40,2612,-7294,
0.00500107,0.347656,-0.012207,0.931641,-5.24902,-25.8179,0.12207,-58,2616,-7295,
0.00500107,0.369629,-0.00488281,0.945801,-6.22559,-33.2031,3.84521,-76,2621,-7295,
0.00500107,0.369629,-0.00488281,0.945801,-6.22559,-33.2031,3.84521,-95,2626,-7297,
0.00499725,0.369629,-0.00488281,0.945801,-6.22559,-33.2031,3.84521,-114,2630,-7296,
0.00500107,0.369629,-0.00488281,0.945801,-6.22559,-33.2031,3.84521,-135,2633,-7291,
0.00500107,0.392578,-0.00878906,0.921875,-3.41797,-28.4424,2.92969,-154,2637,-7289,
0.00499725,0.392578,-0.00878906,0.921875,-3.41797,-28.4424,2.92969,-171,2641,-7288,
0.00500107,0.392578,-0.00878906,0.921875,-3.41797,-28.4424,2.92969,-188,2645,-7287,
0.00500107,0.392578,-0.00878906,0.921875,-3.41797,-28.4424,2.92969,-203,2649,-7286,
0.00500107,0.397461,-0.00634766,0.912109,2.2583,-20.5688,5.37109,-216,2651,-7284,
0.00499725,0.397461,-0.00634766,0.912109,2.2583,-20.5688,5.37109,-230,2653,-7282,
0.00500107,0.397461,-0.00634766,0.912109,2.2583,-20.5688,5.37109,-244,2654,-7281,
0.00500107,0.397461,-0.00634766,0.912109,2.2583,-20.5688,5.37109,-258,2655,-7282,
0.00499725,0.389648,-0.00927734,0.932617,2.99072,-22.2168,5.7373,-274,2656,-7282,
0.00500107,0.389648,-0.00927734,0.932617,2.99072,-22.2168,5.7373,-290,2655,-7283,
0.00500107,0.389648,-0.00927734,0.932617,2.99072,-22.2168,5.7373,-305,2656,-7284,
0.00500107,0.389648,-0.00927734,0.932617,2.99072,-22.2168,5.7373,-320,2655,-7284,
0.00499725,0.414551,-0.0107422,0.903809,1.15967,-18.6157,4.82178,-336,2653,-7287,
0.00500107,0.414551,-0.0107422,0.903809,1.15967,-18.6157,4.82178,-350,2651,-7287,
0.00500107,0.414551,-0.0107422,0.903809,1.15967,-18.6157,4.82178,-363,2649,-7289,
0.00499725,0.414551,-0.0107422,0.903809,1.15967,-18.6157,4.82178,-377,2646,-7290,
0.00500107,0.416504,-0.00439453,0.921387,1.15967,-16.3574,3.23486,-389,2645,-7294,
0.00500107,0.416504,-0.00439453,0.921387,1.15967,-16.3574,3.23486,-401,2644,-7296,
0.00500107,0.416504,-0.00439453,0.921387,1.15967,-16.3574,3.23486,-415,2644,-7295,
0.00499725,0.416504,-0.00439453,0.921387,1.15967,-16.3574,3.23486,-428,2644,-7292,
0.00500107,0.42334,-0.0126953,0.887695,1.77002,-29.3579,5.79834,-443,2644,-7288,
0.00500107,0.42334,-0.0126953,0.887695,1.77002,-29.3579,5.79834,-457,2645,-7286,
0.00500107,0.42334,-0.0126953,0.887695,1.77002,-29.3579,5.79834,-474,2647,-7285,
0.00499725,0.42334,-0.0126953,0.887695,1.77002,-29.3579,5.79834,-492,2649,-7284,
0.00500107,0.430664,-0.00195312,0.900391,-0.0610352,-41.626,6.34766,-509,2651,-7283,
0.00500107,0.430664,-0.00195312,0.900391,-0.0610352,-41.626,6.34766,-529,2654,-7281,
0.00499725,0.430664,-0.00195312,0.900391,-0.0610352,-41.626,6.34766,-549,2654,-7279,
0.00500107,0.430664,-0.00195312,0.900391,-0.0610352,-41.626,6.34766,-570,2655,-7278,
0.00500107,0.446777,0.00341797,0.918945,-0.915527,-35.2783,4.27246,-591,2653,-7279,
0.00500107,0.446777,0.00341797,0.918945,-0.915527,-35.2783,4.27246,-612,2653,-7279,
0.00499725,0.446777,0.00341797,0.918945,-0.915527,-35.2783,4.27246,-633,2655,-7282,
0.00500107,0.446777,0.00341797,0.918945,-0.915527,-35.2783,4.27246,-653,2657,-7286,
0.00500107,0.470215,0.000488281,0.896484,0.610352,-22.9492,1.83105,-673,2661,-7288,
0.00499725,0.470215,0.000488281,0.896484,0.610352,-22.9492,1.83105,-691,2665,-7291,
0.00500107,0.470215,0.000488281,0.896484,0.610352,-22.9492,1.83105,-707,2667,-7291,
0.00500107,0.470215,0.000488281,0.896484,0.610352,-22.9492,1.83105,-723,2668,-7290,
0.00500107,0.482422,-0.00341797,0.87793,0.610352,-22.4609,-0.0610352,-740,2670,-7291,
0.00499725,0.482422,-0.00341797,0.87793,0.610352,-22.4609,-0.0610352,-756,2670,-7287,
0.00500107,0.482422,-0.00341797,0.87793,0.610352,-22.4609,-0.0610352,-774,2671,-7283,
0.00500107,0.482422,-0.00341797,0.87793,0.610352,-22.4609,-0.0610352,-793,2672,-7278,
0.00499725,0.482422,-0.00341797,0.87793,-0.610352,-28.3203,-1.89209,-812,2671,-7271,
0.00500107,0.456543,-0.00537109,0.879395,-0.610352,-28.3203,-1.89209,-831,2671,-7266,
0.00500107,0.456543,-0.00537109,0.879395,-0.610352,-28.3203,-1.89209,-850,2672,-7261,
0.00500107,0.456543,-0.00537109,0.879395,-0.610352,-28.3203,-1.89209,-869,2674,-7255,
0.00499725,0.456543,-0.00537109,0.879395,-0.610352,-28.3203,-1.89209,-887,2674,-7251,
0.00500107,0.47168,-0.00878906,0.901367,-0.12207,-36.377,-1.40381,-907,2676,-7245,
0.00500107,0.47168,-0.00878906,0.901367,-0.12207,-36.377,-1.40381,-927,2676,-7241,
0.00500107,0.47168,-0.00878906,0.901367,-0.12207,-36.377,-1.40381,-946,2674,-7238,
0.00499725,0.47168,-0.00878906,0.901367,-0.12207,-36.377,-1.40381,-967,2671,-7234,
0.00500107,0.48877,-0.00341797,0.896973,1.46484,-26.001,-0.427246,-986,2670,-7235,
0.00500107,0.48877,-0.00341797,0.896973,1.46484,-26.001,-0.427246,-1004,2669,-7233,
0.00499725,0.48877,-0.00341797,0.896973,1.46484,-26.001,-0.427246,-1020,2669,-7233,
0.00500107,0.48877,-0.00341797,0.896973,1.46484,-26.001,-0.427246,-1035,2669,-7231,
0.00500107,0.500977,-0.0166016,0.865234,1.58691,-17.0288,0.610352,-1049,2668,-7230,
0.00500107,0.500977,-0.0166016,0.865234,1.58691,-17.0288,0.610352,-1064,2665,-7226,
0.00499725,0.500977,-0.0166016,0.865234,1.58691,-17.0288,0.610352,-1079,2664,-7227,
0.00500107,0.500977,-0.0166016,0.865234,1.58691,-17.0288,0.610352,-1092,2662,-7232,
0.00500107,0.486328,-0.0136719,0.846191,3.23486,-14.3433,1.09863,-1108,2659,-7237,
0.00499725,0.486328,-0.0136719,0.846191,3.23486,-14.3433,1.09863,-1123,2658,-7244,
0.00500107,0.486328,-0.0136719,0.846191,3.23486,-14.3433,1.09863,-1138,2655,-7245,
0.00500107,0.486328,-0.0136719,0.846191,3.23486,-14.3433,1.09863,-1153,2652,-7245,
0.00500107,0.513184,-0.0102539,0.849121,4.3335,-21.0571,2.31934,-1167,2651,-7241,
0.00499725,0.513184,-0.0102539,0.849121,4.3335,-21.0571,2.31934,-1180,2647,-7235,
0.00500107,0.513184,-0.0102539,0.849121,4.3335,-21.0571,2.31934,-1194,2645,-7233,
0.00500107,0.513184,-0.0102539,0.849121,4.3335,-21.0571,2.31934,-1209,2645,-7232,
0.00499725,0.542969,-0.0117188,0.842773,1.34277,-28.9917,6.28662,-1224,2645,-7230,
0.00500107,0.542969,-0.0117188,0.842773,1.34277,-28.9917,6.28662,-1241,2648,-7229,
0.00500107,0.542969,-0.0117188,0.842773,1.34277,-28.9917,6.28662,-1258,2649,-7225,
0.00500107,0.542969,-0.0117188,0.842773,1.34277,-28.9917,6.28662,-1275,2649,-7219,
0.00499725,0.518555,-0.0078125,0.856445,-0.854492,-29.48,7.8125,-1291,2649,-7215,
0.00500107,0.518555,-0.0078125,0.856445,-0.854492,-29.48,7.8125,-1306,2650,-7210,
0.00500107,0.518555,-0.0078125,0.856445,-0.854492,-29.48,7.8125,-1323,2650,-7207,
0.00500107,0.518555,-0.0078125,0.856445,-0.854492,-29.48,7.8125,-1339,2652,-7207,
0.00499725,0.551758,-0.00488281,0.82959,-1.70898,-20.3247,6.28662,-1353,2652,-7206,
0.00500107,0.551758,-0.00488281,0.82959,-1.70898,-20.3247,6.28662,-1366,2653,-7207,
0.00500107,0.551758,-0.00488281,0.82959,-1.70898,-20.3247,6.28662,-1376,2653,-7207,
0.00499725,0.551758,-0.00488281,0.82959,-1.70898,-20.3247,6.28662,-1386,2653,-7206,
0.00500107,0.556152,0.00146484,0.852539,-0.915527,-8.30078,3.2959,-1398,2654,-7205,
0.00500107,0.556152,0.00146484,0.852539,-0.915527,-8.30078,3.2959,-1409,2653,-7202,
0.00500107,0.556152,0.00146484,0.852539,-0.915527,-8.30078,3.2959,-1420,2655,-7199,
0.00499725,0.556152,0.00146484,0.852539,-0.915527,-8.30078,3.2959,-1433,2655,-7196,
0.00500107,0.507812,-0.00830078,0.856445,0.12207,-13.916,2.19727,-1448,2655,-7191,
0.00500107,0.507812,-0.00830078,0.856445,0.12207,-13.916,2.19727,-1462,2655,-7182,
0.00499725,0.507812,-0.00830078,0.856445,0.12207,-13.916,2.19727,-1475,2654,-7177,
0.00500107,0.507812,-0.00830078,0.856445,0.12207,-13.916,2.19727,-1485,2654,-7173,
0.00500107,0.523438,-0.0175781,0.84375,-0.854492,-23.1934,2.92969,-1495,2654,-7171,
0.00500107,0.523438,-0.0175781,0.84375,-0.854492,-23.1934,2.92969,-1506,2654,-7173,
0.00499725,0.523438,-0.0175781,0.84375,-0.854492,-23.1934,2.92969,-1519,2655,-7171,
0.00500107,0.523438,-0.0175781,0.84375,-0.854492,-23.1934,2.92969,-1532,2657,-7170,
0.00500107,0.577637,-0.0126953,0.82373,-3.90625,-25.8179,4.21143,-1545,2660,-7167,
0.00499725,0.577637,-0.0126953,0.82373,-3.90625,-25.8179,4.21143,-1559,2663,-7166,
0.00500107,0.577637,-0.0126953,0.82373,-3.90625,-25.8179,4.21143,-1573,2665,-7165,
0.00500107,0.577637,-0.0126953,0.82373,-3.90625,-25.8179,4.21143,-1586,2666,-7161,
0.00500107,0.575684,-0.00537109,0.811035,-2.99072,-16.1133,1.40381,-1600,2668,-7159,
0.00499725,0.575684,-0.00537109,0.811035,-2.99072,-16.1133,1.40381,-1614,2670,-7156,
0.00500107,0.575684,-0.00537109,0.811035,-2.99072,-16.1133,1.40381,-1627,2675,-7153,
0.00500107,0.575684,-0.00537109,0.811035,-2.99072,-16.1133,1.40381,-1640,2681,-7153,
0.00500107,0.567383,-0.0185547,0.813477,-1.70898,-14.9536,0.732422,-1652,2685,-7152,
0.00499725,0.567383,-0.0185547,0.813477,-1.70898,-14.9536,0.732422,-1662,2686,-7148,
0.00500107,0.567383,-0.0185547,0.813477,-1.70898,-14.9536,0.732422,-1674,2688,-7143,
0.00500107,0.567383,-0.0185547,0.813477,-1.70898,-14.9536,0.732422,-1686,2688,-7137,
0.00499725,0.542969,-0.019043,0.835449,-2.86865,-26.3672,2.92969,-1701,2689,-7131,
0.00500107,0.542969,-0.019043,0.835449,-2.86865,-26.3672,2.92969,-1718,2692,-7129,
0.00500107,0.542969,-0.019043,0.835449,-2.86865,-26.3672,2.92969,-1734,2695,-7130,
0.00500107,0.542969,-0.019043,0.835449,-2.86865,-26.3672,2.92969,-1751,2700,-7129,
0.00499725,0.548828,-0.0224609,0.836914,-4.57764,-35.1562,4.88281,-1767,2706,-7127,
0.00500107,0.548828,-0.0224609,0.836914,-4.57764,-35.1562,4.88281,-1782,2712,-7123,
0.00500107,0.548828,-0.0224609,0.836914,-4.57764,-35.1562,4.88281,-1799,2716,-7116,
0.00499725,0.548828,-0.0224609,0.836914,-4.57764,-35.1562,4.88281,-1817,2720,-7112,
0.00500107,0.595703,-0.0214844,0.791992,-4.94385,-43.8232,7.14111,-1835,2722,-7107,
0.00500107,0.595703,-0.0214844,0.791992,-4.94385,-43.8232,7.14111,-1857,2724,-7102,
0.00500107,0.595703,-0.0214844,0.791992,-4.94385,-43.8232,7.14111,-1878,2726,-7096,
0.00499725,0.595703,-0.0214844,0.791992,-4.94385,-43.8232,7.14111,-1901,2729,-7089,
0.00500107,0.62207,-0.0195312,0.788574,-3.05176,-49.7437,8.60596,-1925,2734,-7083,
0.00500107,0.62207,-0.0195312,0.788574,-3.05176,-49.7437,8.60596,-1949,2737,-7077,
0.00499725,0.62207,-0.0195312,0.788574,-3.05176,-49.7437,8.60596,-1971,2740,-7073,
0.00500107,0.62207,-0.0195312,0.788574,-3.05176,-49.7437,8.60596,-1994,2742,-7067,
0.00500107,0.621582,-0.0166016,0.813477,-2.01416,-32.8979,6.65283,-2016,2743,-7064,
0.00500107,0.621582,-0.0166016,0.813477,-2.01416,-32.8979,6.65283,-2037,2744,-7059,
0.00499725,0.621582,-0.0166016,0.813477,-2.01416,-32.8979,6.65283,-2057,2745,-7054,
0.00500107,0.621582,-0.0166016,0.813477,-2.01416,-32.8979,6.65283,-2076,2746,-7049,
0.00500107,0.588379,-0.0258789,0.814453,0.793457,-15.9302,2.99072,-2093,2748,-7041,
0.00500107,0.588379,-0.0258789,0.814453,0.793457,-15.9302,2.99072,-2107,2750,-7035,
0.00499725,0.588379,-0.0258789,0.814453,0.793457,-15.9302,2.99072,-2121,2753,-7030,
0.00500107,0.588379,-0.0258789,0.814453,0.793457,-15.9302,2.99072,-2134,2757,-7026,
0.00500107,0.59375,-0.0283203,0.796875,1.64795,-15.1978,1.52588,-2147,2758,-7023,
0.00499725,0.59375,-0.0283203,0.796875,1.64795,-15.1978,1.52588,-2162,2759,-7020,
0.00500107,0.59375,-0.0283203,0.796875,1.64795,-15.1978,1.52588,-2178,2760,-7013,
0.00500107,0.59375,-0.0283203,0.796875,1.64795,-15.1978,1.52588,-2195,2760,-7005,
0.00500107,0.645508,-0.0166016,0.777832,0.976562,-22.0947,1.09863,-2211,2760,-6999,
0.00499725,0.645508,-0.0166016,0.777832,0.976562,-22.0947,1.09863,-2226,2761,-6994,
0.00500107,0.645508,-0.0166016,0.777832,0.976562,-22.0947,1.09863,-2242,2761,-6994,
0.00500107,0.645508,-0.0166016,0.777832,0.976562,-22.0947,1.09863,-2257,2762,-6992,
0.00499725,0.652832,-0.0244141,0.766113,1.40381,-21.3623,0.183105,-2271,2762,-6989,
0.00500107,0.652832,-0.0244141,0.766113,1.40381,-21.3623,0.183105,-2286,2763,-6987,
0.00500107,0.652832,-0.0244141,0.766113,1.40381,-21.3623,0.183105,-2300,2764,-6981,
0.00500107,0.652832,-0.0244141,0.766113,1.40381,-21.3623,0.183105,-2315,2766,-6975,
0.00499725,0.670898,-0.0366211,0.743652,2.50244,-19.7144,2.31934,-2330,2769,-6969,
0.00500107,0.670898,-0.0366211,0.743652,2.50244,-19.7144,2.31934,-2345,2769,-6960,
0.00500107,0.670898,-0.0366211,0.743652,2.50244,-19.7144,2.31934,-2359,2769,-6951,
0.00499725,0.670898,-0.0366211,0.743652,2.50244,-19.7144,2.31934,-2372,2769,-6943,
0.00500107,0.639648,-0.0336914,0.743652,4.39453,-17.6392,3.96729,-2385,2766,-6934,
0.00500107,0.639648,-0.0336914,0.743652,4.39453,-17.6392,3.96729,-2397,2765,-6925,
0.00500107,0.639648,-0.0336914,0.743652,4.39453,-17.6392,3.96729,-2410,2763,-6919,
0.00499725,0.639648,-0.0336914,0.743652,4.39453,-17.6392,3.96729,-2422,2762,-6913,
0.00500107,0.637695,-0.015625,0.774414,4.69971,-22.2778,3.17383,-2434,2762,-6910,
0.00500107,0.637695,-0.015625,0.774414,4.69971,-22.2778,3.17383,-2446,2761,-6910,
0.00500107,0.637695,-0.015625,0.774414,4.69971,-22.2778,3.17383,-2458,2761,-6911,
0.00499725,0.637695,-0.015625,0.774414,4.69971,-22.2778,3.17383,-2470,2762,-6910,
0.00500107,0.655273,-0.0141602,0.765625,1.52588,-25.2075,-0.610352,-2483,2760,-6909,
0.00500107,0.655273,-0.0141602,0.765625,1.52588,-25.2075,-0.610352,-2498,2759,-6901,
0.00499725,0.655273,-0.0141602,0.765625,1.52588,-25.2075,-0.610352,-2513,2758,-6894,
0.00500107,0.655273,-0.0141602,0.765625,1.52588,-25.2075,-0.610352,-2528,2757,-6884,
0.00500107,0.672852,-0.0273438,0.739746,-1.40381,-24.7192,-1.70898,-2545,2756,-6875,
0.00500107,0.672852,-0.0273438,0.739746,-1.40381,-24.7192,-1.70898,-2561,2756,-6861,
0.00499725,0.672852,-0.0273438,0.739746,-1.40381,-24.7192,-1.70898,-2576,2754,-6849,
0.00500107,0.672852,-0.0273438,0.739746,-1.40381,-24.7192,-1.70898,-2591,2754,-6839,
0.00500107,0.683594,-0.0268555,0.73584,-0.0610352,-19.7754,-0.732422,-2606,2753,-6830,
0.00499725,0.683594,-0.0268555,0.73584,-0.0610352,-19.7754,-0.732422,-2620,2752,-6825,
0.00500107,0.683594,-0.0268555,0.73584,-0.0610352,-19.7754,-0.732422,-2632,2752,-6822,
0.00500107,0.683594,-0.0268555,0.73584,-0.0610352,-19.7754,-0.732422,-2645,2751,-6820,
0.00500107,0.682129,-0.0214844,0.732422,3.05176,-14.3433,-0.366211,-2658,2751,-6818,
0.00499725,0.682129,-0.0214844,0.732422,3.05176,-14.3433,-0.366211,-2670,2750,-6815,
0.00500107,0.682129,-0.0214844,0.732422,3.05176,-14.3433,-0.366211,-2682,2748,-6813,
0.00500107,0.682129,-0.0214844,0.732422,3.05176,-14.3433,-0.366211,-2693,2744,-6812,
0.00499725,0.663574,-0.0200195,0.737793,4.82178,-14.6484,-0.549316,-2703,2741,-6811,
0.00500107,0.663574,-0.0200195,0.737793,4.82178,-14.6484,-0.549316,-2714,2738,-6814,
0.00500107,0.663574,-0.0200195,0.737793,4.82178,-14.6484,-0.549316,-2726,2736,-6814,
0.00500107,0.663574,-0.0200195,0.737793,4.82178,-14.6484,-0.549316,-2740,2735,-6817,
0.00499725,0.643555,-0.0131836,0.762695,2.56348,-20.9351,-1.46484,-2753,2735,-6814,
0.00500107,0.643555,-0.0131836,0.762695,2.56348,-20.9351,-1.46484,-2765,2734,-6812,
0.00500107,0.643555,-0.0131836,0.762695,2.56348,-20.9351,-1.46484,-2777,2732,-6807,
0.00500107,0.643555,-0.0131836,0.762695,2.56348,-20.9351,-1.46484,-2788,2729,-6801,
0.00499725,0.662598,-0.0141602,0.75293,0.488281,-23.1323,-3.78418,-2799,2727,-6794,
0.00500107,0.662598,-0.0141602,0.75293,0.488281,-23.1323,-3.78418,-2812,2724,-6786,
0.00500107,0.662598,-0.0141602,0.75293,0.488281,-23.1323,-3.78418,-2823,2721,-6778,
0.00499725,0.662598,-0.0141602,0.75293,0.488281,-23.1323,-3.78418,-2835,2720,-6769,
0.00500107,0.708496,-0.0229492,0.698242,-0.671387,-22.522,-4.15039,-2849,2722,-6764,
0.00500107,0.708496,-0.0229492,0.698242,-0.671387,-22.522,-4.15039,-2863,2723,-6760,
0.00500107,0.708496,-0.0229492,0.698242,-0.671387,-22.522,-4.15039,-2878,2725,-6757,
0.00499725,0.708496,-0.0229492,0.698242,-0.671387,-22.522,-4.15039,-2893,2727,-6753,
0.00500107,0.722168,-0.0297852,0.681641,-1.0376,-22.0337,-2.44141,-2907,2727,-6747,
0.00500107,0.722168,-0.0297852,0.681641,-1.0376,-22.0337,-2.44141,-2920,2725,-6737,
0.00499725,0.722168,-0.0297852,0.681641,-1.0376,-22.0337,-2.44141,-2934,2723,-6729,
0.00500107,0.722168,-0.0297852,0.681641,-1.0376,-22.0337,-2.44141,-2949,2721,-6719,
0.00500107,0.722168,-0.0229492,0.707031,-3.66211,-28.3813,0.366211,-2965,2720,-6711,
0.00500107,0.722168,-0.0229492,0.707031,-3.66211,-28.3813,0.366211,-2983,2720,-6705,
0.00499725,0.722168,-0.0229492,0.707031,-3.66211,-28.3813,0.366211,-3001,2720,-6696,
0.00500107,0.722168,-0.0229492,0.707031,-3.66211,-28.3813,0.366211,-3018,2720,-6685,
0.00500107,0.690918,-0.0102539,0.729492,-5.79834,-41.1987,1.09863,-3035,2721,-6677,
0.00499725,0.690918,-0.0102539,0.729492,-5.79834,-41.1987,1.09863,-3053,2721,-6666,
0.00500107,0.690918,-0.0102539,0.729492,-5.79834,-41.1987,1.09863,-3071,2725,-6656,
0.00500107,0.690918,-0.0102539,0.729492,-5.79834,-41.1987,1.09863,-3091,2729,-6645,
0.00500107,0.712402,-0.0141602,0.727051,-2.50244,-31.9824,-1.2207,-3109,2733,-6636,
0.00499725,0.712402,-0.0141602,0.727051,-2.50244,-31.9824,-1.2207,-3126,2736,-6627,
0.00500107,0.712402,-0.0141602,0.727051,-2.50244,-31.9824,-1.2207,-3144,2737,-6619,
0.00500107,0.712402,-0.0141602,0.727051,-2.50244,-31.9824,-1.2207,-3161,2737,-6610,
0.00500107,0.73584,-0.0292969,0.672363,0.183105,-25.9399,-1.64795,-3177,2737,-6601,
0.00499725,0.73584,-0.0292969,0.672363,0.183105,-25.9399,-1.64795,-3195,2734,-6590,
0.00500107,0.73584,-0.0292969,0.672363,0.183105,-25.9399,-1.64795,-3212,2733,-6583,
0.00500107,0.73584,-0.0292969,0.672363,0.183105,-25.9399,-1.64795,-3229,2732,-6580,
0.00499725,0.755371,-0.0268555,0.671387,0,-19.6533,-0.0610352,-3245,2735,-6576,
0.00500107,0.755371,-0.0268555,0.671387,0,-19.6533,-0.0610352,-3260,2739,-6572,
0.00500107,0.755371,-0.0268555,0.671387,0,-19.6533,-0.0610352,-3276,2744,-6566,
0.00500107,0.755371,-0.0268555,0.671387,0,-19.6533,-0.0610352,-3294,2746,-6558,
0.00499725,0.730957,-0.0141602,0.682129,-1.83105,-21.7285,-0.976562,-3311,2746,-6553,
0.00500107,0.730957,-0.0141602,0.682129,-1.83105,-21.7285,-0.976562,-3327,2746,-6546,
0.00500107,0.730957,-0.0141602,0.682129,-1.83105,-21.7285,-0.976562,-3342,2744,-6539,
0.00499725,0.730957,-0.0141602,0.682129,-1.83105,-21.7285,-0.976562,-3356,2743,-6533,
0.00500107,0.729004,-0.0219727,0.668457,-4.5166,-40.5884,-1.46484,-3371,2744,-6525,
0.00500107,0.729004,-0.0219727,0.668457,-4.5166,-40.5884,-1.46484,-3388,2745,-6516,
0.00500107,0.729004,-0.0219727,0.668457,-4.5166,-40.5884,-1.46484,-3408,2746,-6508,
0.00499725,0.729004,-0.0219727,0.668457,-4.5166,-40.5884,-1.46484,-3432,2747,-6497,
0.00500107,0.740234,-0.0200195,0.685547,-4.57764,-50.1099,0.610352,-3458,2747,-6489,
0.00500107,0.740234,-0.0200195,0.685547,-4.57764,-50.1099,0.610352,-3484,2746,-6479,
0.00499725,0.740234,-0.0200195,0.685547,-4.57764,-50.1099,0.610352,-3509,2747,-6469,
0.00500107,0.740234,-0.0200195,0.685547,-4.57764,-50.1099,0.610352,-3530,2746,-6462,
0.00500107,0.779297,-0.0195312,0.658203,-3.72314,-32.2266,-0.0610352,-3551,2746,-6451,
0.00500107,0.779297,-0.0195312,0.658203,-3.72314,-32.2266,-0.0610352,-3569,2746,-6441,
0.00499725,0.779297,-0.0195312,0.658203,-3.72314,-32.2266,-0.0610352,-3585,2746,-6430,
0.00500107,0.779297,-0.0195312,0.658203,-3.72314,-32.2266,-0.0610352,-3600,2745,-6418,
0.00500107,0.782227,-0.0292969,0.612793,-1.58691,-14.8926,-1.70898,-3616,2746,-6410,
0.00500107,0.782227,-0.0292969,0.612793,-1.58691,-14.8926,-1.70898,-3634,2748,-6401,
0.00499725,0.782227,-0.0292969,0.612793,-1.58691,-14.8926,-1.70898,-3652,2751,-6393,
0.00500107,0.782227,-0.0292969,0.612793,-1.58691,-14.8926,-1.70898,-3669,2754,-6382,
0.00500107,0.757324,-0.0253906,0.638184,-0.732422,-11.3525,-2.50244,-3685,2757,-6374,
0.00499725,0.757324,-0.0253906,0.638184,-0.732422,-11.3525,-2.50244,-3697,2756,-6363,
0.00500107,0.757324,-0.0253906,0.638184,-0.732422,-11.3525,-2.50244,-3709,2757,-6353,
0.00500107,0.757324,-0.0253906,0.638184,-0.732422,-11.3525,-2.50244,-3720,2756,-6345,
0.00500107,0.777832,-0.0209961,0.646973,-1.89209,-16.7847,-2.74658,-3731,2756,-6338,
0.00499725,0.777832,-0.0209961,0.646973,-1.89209,-16.7847,-2.74658,-3744,2757,-6335,
0.00500107,0.777832,-0.0209961,0.646973,-1.89209,-16.7847,-2.74658,-3757,2759,-6331,
0.00500107,0.777832,-0.0209961,0.646973,-1.89209,-16.7847,-2.74658,-3770,2760,-6330,
0.00499725,0.804199,-0.0200195,0.597168,-1.15967,-19.104,-2.86865,-3784,2761,-6331,
0.00500107,0.804199,-0.0200195,0.597168,-1.15967,-19.104,-2.86865,-3797,2763,-6328,
0.00500107,0.804199,-0.0200195,0.597168,-1.15967,-19.104,-2.86865,-3813,2763,-6324,
0.00500107,0.804199,-0.0200195,0.597168,-1.15967,-19.104,-2.86865,-3828,2763,-6318,
0.00499725,0.802246,-0.0283203,0.586914,-0.854492,-22.2778,-1.09863,-3843,2763,-6311,
0.00500107,0.802246,-0.0283203,0.586914,-0.854492,-22.2778,-1.09863,-3854,2763,-6305,
0.00500107,0.802246,-0.0283203,0.586914,-0.854492,-22.2778,-1.09863,-3865,2763,-6302,
0.00499725,0.802246,-0.0283203,0.586914,-0.854492,-22.2778,-1.09863,-3875,2762,-6301,
0.00500107,0.783691,-0.0200195,0.633789,-2.13623,-21.2402,0.183105,-3885,2762,-6297,
0.00500107,0.783691,-0.0200195,0.633789,-2.13623,-21.2402,0.183105,-3897,2761,-6290,
0.00500107,0.783691,-0.0200195,0.633789,-2.13623,-21.2402,0.183105,-3908,2760,-6284,
0.00499725,0.783691,-0.0200195,0.633789,-2.13623,-21.2402,0.183105,-3919,2758,-6277,
0.00500107,0.773438,-0.0107422,0.66748,-0.12207,-17.2119,-3.41797,-3930,2754,-6271,
0.00500107,0.773438,-0.0107422,0.66748,-0.12207,-17.2119,-3.41797,-3942,2751,-6268,
0.00500107,0.773438,-0.0107422,0.66748,-0.12207,-17.2119,-3.41797,-3951,2749,-6264,
0.00499725,0.773438,-0.0107422,0.66748,-0.12207,-17.2119,-3.41797,-3962,2748,-6258,
0.00500107,0.800781,-0.0229492,0.600098,0.671387,-14.0381,-3.479,-3971,2749,-6248,
0.00500107,0.800781,-0.0229492,0.600098,0.671387,-14.0381,-3.479,-3979,2752,-6237,
0.00499725,0.800781,-0.0229492,0.600098,0.671387,-14.0381,-3.479,-3989,2752,-6228,
0.00500107,0.800781,-0.0229492,0.600098,0.671387,-14.0381,-3.479,-3998,2752,-6218,
0.00500107,0.821289,-0.0249023,0.570312,-1.2207,-17.5171,-0.976562,-4006,2753,-6209,
0.00500107,0.821289,-0.0249023,0.570312,-1.2207,-17.5171,-0.976562,-4016,2752,-6204,
0.00499725,0.821289,-0.0249023,0.570312,-1.2207,-17.5171,-0.976562,-4026,2752,-6197,
0.00500107,0.821289,-0.0249023,0.570312,-1.2207,-17.5171,-0.976562,-4037,2751,-6187,
0.00500107,0.827148,-0.0185547,0.568848,1.0376,-16.7236,-0.427246,-4048,2749,-6180,
0.00499725,0.827148,-0.0185547,0.568848,1.0376,-16.7236,-0.427246,-4060,2748,-6173,
0.00500107,0.827148,-0.0185547,0.568848,1.0376,-16.7236,-0.427246,-4073,2746,-6166,
0.00500107,0.827148,-0.0185547,0.568848,1.0376,-16.7236,-0.427246,-4083,2743,-6161,
0.00500107,0.802734,-0.0185547,0.601074,1.52588,-18.4326,-2.2583,-4093,2741,-6154,
0.00499725,0.802734,-0.0185547,0.601074,1.52588,-18.4326,-2.2583,-4104,2739,-6145,
0.00500107,0.802734,-0.0185547,0.601074,1.52588,-18.4326,-2.2583,-4114,2738,-6137,
0.00500107,0.802734,-0.0185547,0.601074,1.52588,-18.4326,-2.2583,-4124,2736,-6130,
0.00499725,0.812012,-0.0185547,0.608398,-1.09863,-13.3667,-3.84521,-4135,2734,-6123,
0.00500107,0.812012,-0.0185547,0.608398,-1.09863,-13.3667,-3.84521,-4144,2732,-6118,
0.00500107,0.812012,-0.0185547,0.608398,-1.09863,-13.3667,-3.84521,-4153,2730,-6113,
0.00500107,0.812012,-0.0185547,0.608398,-1.09863,-13.3667,-3.84521,-4162,2728,-6106,
0.00499725,0.80957,-0.0175781,0.591797,-0.976562,-8.72803,-3.78418,-4170,2727,-6101,
0.00500107,0.80957,-0.0175781,0.591797,-0.976562,-8.72803,-3.78418,-4180,2727,-6097,
0.00500107,0.80957,-0.0175781,0.591797,-0.976562,-8.72803,-3.78418,-4188,2727,-6094,
0.00500107,0.80957,-0.0175781,0.591797,-0.976562,-8.72803,-3.78418,-4196,2726,-6091,
0.00499725,0.820801,-0.0273438,0.555664,2.38037,-3.479,-2.56348,-4202,2726,-6091,
0.00500107,0.820801,-0.0273438,0.555664,2.38037,-3.479,-2.56348,-4208,2727,-6086,
0.00500107,0.820801,-0.0273438,0.555664,2.38037,-3.479,-2.56348,-4215,2727,-6081,
0.00499725,0.820801,-0.0273438,0.555664,2.38037,-3.479,-2.56348,-4221,2729,-6079,
0.00500107,0.82959,-0.0302734,0.544434,2.31934,-6.83594,0.793457,-4227,2729,-6077,
0.00500107,0.82959,-0.0302734,0.544434,2.31934,-6.83594,0.793457,-4231,2728,-6078,
0.00500107,0.82959,-0.0302734,0.544434,2.31934,-6.83594,0.793457,-4236,2728,-6078,
0.00499725,0.82959,-0.0302734,0.544434,2.31934,-6.83594,0.793457,-4241,2727,-6083,
0.00500107,0.802246,-0.0219727,0.549316,0.12207,-14.0381,3.17383,-4247,2724,-6085,
0.00500107,0.802246,-0.0219727,0.549316,0.12207,-14.0381,3.17383,-4256,2723,-6085,
0.00499725,0.802246,-0.0219727,0.549316,0.12207,-14.0381,3.17383,-4266,2722,-6081,
0.00500107,0.802246,-0.0219727,0.549316,0.12207,-14.0381,3.17383,-4275,2720,-6076,
0.00500107,0.82666,-0.0107422,0.55127,-2.92969,-25.1465,5.00488,-4283,2721,-6071,
0.00500107,0.82666,-0.0107422,0.55127,-2.92969,-25.1465,5.00488,-4293,2722,-6065,
0.00499725,0.82666,-0.0107422,0.55127,-2.92969,-25.1465,5.00488,-4304,2721,-6058,
0.00500107,0.82666,-0.0107422,0.55127,-2.92969,-25.1465,5.00488,-4315,2721,-6048,
0.00500107,0.836914,-0.0166016,0.569336,-4.82178,-36.0718,4.88281,-4325,2722,-6037,
0.00499725,0.836914,-0.0166016,0.569336,-4.82178,-36.0718,4.88281,-4335,2725,-6022,
0.00500107,0.836914,-0.0166016,0.569336,-4.82178,-36.0718,4.88281,-4347,2727,-6006,
0.00500107,0.836914,-0.0166016,0.569336,-4.82178,-36.0718,4.88281,-4357,2732,-5991,
0.00500107,0.839355,-0.0214844,0.563965,0.915527,-26.3672,3.35693,-4369,2736,-5980,
0.00499725,0.839355,-0.0214844,0.563965,0.915527,-26.3672,3.35693,-4378,2737,-5973,
0.00500107,0.839355,-0.0214844,0.563965,0.915527,-26.3672,3.35693,-4388,2738,-5966,
0.00500107,0.839355,-0.0214844,0.563965,0.915527,-26.3672,3.35693,-4397,2738,-5960,
0.00500107,0.843262,-0.0209961,0.541504,3.05176,-21.1182,2.56348,-4406,2738,-5954,
0.00499725,0.843262,-0.0209961,0.541504,3.05176,-21.1182,2.56348,-4416,2738,-5946,
0.00500107,0.843262,-0.0209961,0.541504,3.05176,-21.1182,2.56348,-4427,2739,-5935,
0.00500107,0.843262,-0.0209961,0.541504,3.05176,-21.1182,2.56348,-4438,2740,-5925,
0.00499725,0.839355,-0.0175781,0.546387,2.01416,-25.0854,2.92969,-4452,2744,-5918,
0.00500107,0.839355,-0.0175781,0.546387,2.01416,-25.0854,2.92969,-4465,2747,-5911,
0.00500107,0.839355,-0.0175781,0.546387,2.01416,-25.0854,2.92969,-4477,2749,-5905,
0.00500107,0.839355,-0.0175781,0.546387,2.01416,-25.0854,2.92969,-4490,2749,-5896,
0.00499725,0.850586,-0.0166016,0.54834,1.34277,-16.0522,1.83105,-4502,2747,-5884,
0.00500107,0.850586,-0.0166016,0.54834,1.34277,-16.0522,1.83105,-4515,2742,-5872,
0.00500107,0.850586,-0.0166016,0.54834,1.34277,-16.0522,1.83105,-4526,2738,-5861,
0.00499725,0.850586,-0.0166016,0.54834,1.34277,-16.0522,1.83105,-4538,2736,-5850,
0.00500107,0.856934,-0.0205078,0.527832,-1.15967,-15.9912,0,-4550,2734,-5840,
0.00500107,0.856934,-0.0205078,0.527832,-1.15967,-15.9912,0,-4558,2734,-5830,
0.00500107,0.856934,-0.0205078,0.527832,-1.15967,-15.9912,0,-4565,2734,-5823,
0.00499725,0.856934,-0.0205078,0.527832,-1.15967,-15.9912,0,-4571,2734,-5817,
0.00500107,0.859863,-0.019043,0.535645,2.01416,-11.6577,-2.19727,-4577,2733,-5814,
0.00500107,0.859863,-0.019043,0.535645,2.01416,-11.6577,-2.19727,-4586,2734,-5811,
0.00499725,0.859863,-0.019043,0.535645,2.01416,-11.6577,-2.19727,-4597,2735,-5806,
0.00500107,0.859863,-0.019043,0.535645,2.01416,-11.6577,-2.19727,-4607,2733,-5800,
0.00500107,0.862793,-0.0205078,0.526855,3.23486,-7.8125,-2.92969,-4617,2732,-5794,
0.00500107,0.862793,-0.0205078,0.526855,3.23486,-7.8125,-2.92969,-4629,2731,-5791,
0.00499725,0.862793,-0.0205078,0.526855,3.23486,-7.8125,-2.92969,-4637,2728,-5786,
0.00500107,0.862793,-0.0205078,0.526855,3.23486,-7.8125,-2.92969,-4646,2724,-5780,
0.00500107,0.842285,-0.0229492,0.524902,1.09863,-5.79834,-2.92969,-4653,2719,-5773,
0.00500107,0.842285,-0.0229492,0.524902,1.09863,-5.79834,-2.92969,-4658,2715,-5765,
0.00499725,0.842285,-0.0229492,0.524902,1.09863,-5.79834,-2.92969,-4665,2710,-5760,
0.00500107,0.842285,-0.0229492,0.524902,1.09863,-5.79834,-2.92969,-4671,2709,-5755,
0.00500107,0.846191,-0.0239258,0.510254,0.0610352,-7.93457,-2.0752,-4679,2708,-5750,
0.00499725,0.846191,-0.0239258,0.510254,0.0610352,-7.93457,-2.0752,-4685,2707,-5743,
0.00500107,0.846191,-0.0239258,0.510254,0.0610352,-7.93457,-2.0752,-4691,2707,-5741,
0.00500107,0.846191,-0.0239258,0.510254,0.0610352,-7.93457,-2.0752,-4697,2706,-5740,
0.00500107,0.86377,-0.0209961,0.51123,0.488281,-15.3809,-1.09863,-4702,2703,-5741,
0.00499725,0.86377,-0.0209961,0.51123,0.488281,-15.3809,-1.09863,-4708,2702,-5741,
0.00500107,0.86377,-0.0209961,0.51123,0.488281,-15.3809,-1.09863,-4712,2701,-5738,
0.00500107,0.86377,-0.0209961,0.51123,0.488281,-15.3809,-1.09863,-4718,2702,-5732,
0.00499725,0.882812,-0.0209961,0.491699,0.854492,-10.6812,-0.305176,-4725,2705,-5724,
0.00500107,0.882812,-0.0209961,0.491699,0.854492,-10.6812,-0.305176,-4731,2708,-5718,
0.00500107,0.882812,-0.0209961,0.491699,0.854492,-10.6812,-0.305176,-4738,2709,-5712,
0.00500107,0.882812,-0.0209961,0.491699,0.854492,-10.6812,-0.305176,-4746,2709,-5706,
0.00499725,0.851562,-0.019043,0.51123,0.976562,-11.5967,-0.12207,-4753,2707,-5701,
0.00500107,0.851562,-0.019043,0.51123,0.976562,-11.5967,-0.12207,-4759,2704,-5696,
0.00500107,0.851562,-0.019043,0.51123,0.976562,-11.5967,-0.12207,-4765,2702,-5689,
0.00499725,0.851562,-0.019043,0.51123,0.976562,-11.5967,-0.12207,-4770,2700,-5683,
0.00500107,0.864258,-0.0195312,0.493164,2.13623,-8.66699,-0.0610352,-4778,2699,-5678,
0.00500107,0.864258,-0.0195312,0.493164,2.13623,-8.66699,-0.0610352,-4784,2698,-5674,
0.00500107,0.864258,-0.0195312,0.493164,2.13623,-8.66699,-0.0610352,-4789,2697,-5673,
0.00499725,0.864258,-0.0195312,0.493164,2.13623,-8.66699,-0.0610352,-4794,2698,-5669,
0.00500107,0.882812,-0.0117188,0.505859,2.38037,-8.30078,-0.366211,-4797,2698,-5667,
0.00500107,0.882812,-0.0117188,0.505859,2.38037,-8.30078,-0.366211,-4802,2697,-5663,
0.00500107,0.882812,-0.0117188,0.505859,2.38037,-8.30078,-0.366211,-4807,2698,-5658,
0.00499725,0.882812,-0.0117188,0.505859,2.38037,-8.30078,-0.366211,-4812,2696,-5656,
0.00500107,0.875488,-0.0117188,0.511719,0.793457,-6.71387,-0.793457,-4819,2697,-5654,
0.00500107,0.875488,-0.0117188,0.511719,0.793457,-6.71387,-0.793457,-4823,2699,-5652,
0.00499725,0.875488,-0.0117188,0.511719,0.793457,-6.71387,-0.793457,-4827,2700,-5650,
0.00500107,0.875488,-0.0117188,0.511719,0.793457,-6.71387,-0.793457,-4830,2701,-5650,
0.00500107,0.879395,-0.0185547,0.5,1.40381,-1.0376,-1.70898,-4830,2699,-5649,
0.00500107,0.879395,-0.0185547,0.5,1.40381,-1.0376,-1.70898,-4831,2697,-5645,
0.00499725,0.879395,-0.0185547,0.5,1.40381,-1.0376,-1.70898,-4834,2693,-5640,
0.00500107,0.879395,-0.0185547,0.5,1.40381,-1.0376,-1.70898,-4837,2692,-5636,
0.00500107,0.850098,-0.012207,0.523438,1.58691,0.366211,-2.74658,-4842,2692,-5634,
0.00499725,0.850098,-0.012207,0.523438,1.58691,0.366211,-2.74658,-4849,2691,-5632,
0.00500107,0.850098,-0.012207,0.523438,1.58691,0.366211,-2.74658,-4855,2689,-5629,
0.00500107,0.850098,-0.012207,0.523438,1.58691,0.366211,-2.74658,-4860,2687,-5626,
0.00500107,0.855957,-0.0131836,0.482422,-0.244141,-3.35693,-2.56348,-4863,2684,-5624,
0.00499725,0.855957,-0.0131836,0.482422,-0.244141,-3.35693,-2.56348,-4863,2683,-5622,
0.00500107,0.855957,-0.0131836,0.482422,-0.244141,-3.35693,-2.56348,-4865,2682,-5621,
0.00500107,0.855957,-0.0131836,0.482422,-0.244141,-3.35693,-2.56348,-4866,2680,-5620,
0.00499725,0.888672,-0.0141602,0.448242,0,-7.01904,-1.09863,-4868,2679,-5616,
0.00500107,0.888672,-0.0141602,0.448242,0,-7.01904,-1.09863,-4870,2676,-5614,
0.00500107,0.888672,-0.0141602,0.448242,0,-7.01904,-1.09863,-4871,2674,-5613,
0.00500107,0.888672,-0.0141602,0.448242,0,-7.01904,-1.09863,-4875,2673,-5609,
0.00499725,0.913086,-0.0151367,0.441895,-2.38037,-11.5356,1.0376,-4879,2673,-5606,
0.00500107,0.913086,-0.0151367,0.441895,-2.38037,-11.5356,1.0376,-4882,2672,-5602,
0.00500107,0.913086,-0.0151367,0.441895,-2.38037,-11.5356,1.0376,-4885,2671,-5598,
0.00500107,0.913086,-0.0151367,0.441895,-2.38037,-11.5356,1.0376,-4891,2668,-5600,
0.00499725,0.88623,-0.0175781,0.505371,-3.17383,-12.085,1.09863,-4894,2666,-5599,
0.00500107,0.88623,-0.0175781,0.505371,-3.17383,-12.085,1.09863,-4896,2664,-5596,
0.00500107,0.88623,-0.0175781,0.505371,-3.17383,-12.085,1.09863,-4898,2663,-5590,
0.00499725,0.88623,-0.0175781,0.505371,-3.17383,-12.085,1.09863,-4899,2664,-5586,
0.00500107,0.837891,-0.00634766,0.553711,0.549316,4.76074,0.488281,-4902,2666,-5581,
0.00500107,0.837891,-0.00634766,0.553711,0.549316,4.76074,0.488281,-4904,2669,-5575,
0.00500107,0.837891,-0.00634766,0.553711,0.549316,4.76074,0.488281,-4906,2670,-5571,
0.00499725,0.837891,-0.00634766,0.553711,0.549316,4.76074,0.488281,-4909,2671,-5563,
0.00500107,0.856934,-0.00537109,0.47998,2.31934,-5.24902,-1.40381,-4910,2670,-5559,
0.00500107,0.856934,-0.00537109,0.47998,2.31934,-5.24902,-1.40381,-4912,2670,-5558,
0.00499725,0.856934,-0.00537109,0.47998,2.31934,-5.24902,-1.40381,-4914,2669,-5558,
0.00500107,0.856934,-0.00537109,0.47998,2.31934,-5.24902,-1.40381,-4916,2667,-5560,
0.00500107,0.865234,-0.0102539,0.521484,3.66211,-2.2583,-2.74658,-4918,2666,-5558,
0.00500107,0.865234,-0.0102539,0.521484,3.66211,-2.2583,-2.74658,-4919,2665,-5557,
0.00499725,0.865234,-0.0102539,0.521484,3.66211,-2.2583,-2.74658,-4919,2663,-5554,
0.00500107,0.865234,-0.0102539,0.521484,3.66211,-2.2583,-2.74658,-4919,2663,-5551,
0.00500107,0.88916,-0.0170898,0.446777,3.05176,0.610352,-1.95312,-4920,2663,-5550,
0.00499725,0.88916,-0.0170898,0.446777,3.05176,0.610352,-1.95312,-4919,2662,-5546,
0.00500107,0.88916,-0.0170898,0.446777,3.05176,0.610352,-1.95312,-4921,2662,-5543,
0.00500107,0.88916,-0.0170898,0.446777,3.05176,0.610352,-1.95312,-4923,2661,-5540,
0.00500107,0.903809,-0.0273438,0.395508,1.52588,-12.5732,2.62451,-4927,2660,-5540,
0.00499725,0.903809,-0.0273438,0.395508,1.52588,-12.5732,2.62451,-4933,2658,-5538,
0.00500107,0.903809,-0.0273438,0.395508,1.52588,-12.5732,2.62451,-4938,2656,-5537,
0.00500107,0.903809,-0.0273438,0.395508,1.52588,-12.5732,2.62451,-4946,2654,-5538,
0.00500107,0.897949,-0.0185547,0.442871,-0.671387,-34.729,7.62939,-4953,2651,-5536,
0.00499725,0.897949,-0.0185547,0.442871,-0.671387,-34.729,7.62939,-4961,2649,-5532,
0.00500107,0.897949,-0.0185547,0.442871,-0.671387,-34.729,7.62939,-4967,2647,-5527,
0.00500107,0.897949,-0.0185547,0.442871,-0.671387,-34.729,7.62939,-4973,2646,-5519,
0.00499725,0.857422,-0.0102539,0.520508,0,-35.2173,6.83594,-4980,2646,-5511,
0.00500107,0.857422,-0.0102539,0.520508,0,-35.2173,6.83594,-4988,2646,-5504,
0.00500107,0.857422,-0.0102539,0.520508,0,-35.2173,6.83594,-4999,2646,-5497,
0.00500107,0.857422,-0.0102539,0.520508,0,-35.2173,6.83594,-5011,2647,-5489,
0.00499725,0.89209,-0.0136719,0.47998,1.09863,-26.4282,3.41797,-5023,2647,-5478,
0.00500107,0.89209,-0.0136719,0.47998,1.09863,-26.4282,3.41797,-5035,2648,-5466,
0.00500107,0.89209,-0.0136719,0.47998,1.09863,-26.4282,3.41797,-5045,2649,-5455,
0.00499725,0.89209,-0.0136719,0.47998,1.09863,-26.4282,3.41797,-5055,2650,-5445,
0.00500107,0.904785,-0.0107422,0.479004,-1.34277,-13.7939,3.479,-5063,2650,-5435,
0.00500107,0.904785,-0.0107422,0.479004,-1.34277,-13.7939,3.479,-5071,2650,-5428,
0.00500107,0.904785,-0.0107422,0.479004,-1.34277,-13.7939,3.479,-5080,2651,-5417,
0.00499725,0.904785,-0.0107422,0.479004,-1.34277,-13.7939,3.479,-5090,2653,-5407,
0.00500107,0.894531,-0.0141602,0.427246,-3.78418,-13.916,3.96729,-5099,2656,-5397,
0.00500107,0.894531,-0.0141602,0.427246,-3.78418,-13.916,3.96729,-5110,2659,-5389,
0.00499725,0.894531,-0.0141602,0.427246,-3.78418,-13.916,3.96729,-5118,2662,-5382,
0.00500107,0.894531,-0.0141602,0.427246,-3.78418,-13.916,3.96729,-5126,2664,-5373,
0.00500107,0.88623,-0.0175781,0.406738,-3.05176,-24.7192,2.31934,-5134,2665,-5365,
0.00500107,0.88623,-0.0175781,0.406738,-3.05176,-24.7192,2.31934,-5143,2668,-5356,
0.00499725,0.88623,-0.0175781,0.406738,-3.05176,-24.7192,2.31934,-5154,2670,-5347,
0.00500107,0.88623,-0.0175781,0.406738,-3.05176,-24.7192,2.31934,-5164,2675,-5338,
0.00500107,0.903809,-0.0214844,0.435547,-1.40381,-32.4097,0.0610352,-5174,2680,-5326,
0.00500107,0.903809,-0.0214844,0.435547,-1.40381,-32.4097,0.0610352,-5186,2682,-5315,
0.00499725,0.903809,-0.0214844,0.435547,-1.40381,-32.4097,0.0610352,-5199,2685,-5299,
0.00500107,0.903809,-0.0214844,0.435547,-1.40381,-32.4097,0.0610352,-5212,2686,-5283,
0.00500107,0.930176,-0.0224609,0.44043,0.366211,-23.4375,0.366211,-5226,2686,-5266,
0.00499725,0.930176,-0.0224609,0.44043,0.366211,-23.4375,0.366211,-5239,2686,-5252,
0.00500107,0.930176,-0.0224609,0.44043,0.366211,-23.4375,0.366211,-5251,2686,-5239,
0.00500107,0.930176,-0.0224609,0.44043,0.366211,-23.4375,0.366211,-5264,2687,-5232,
0.00500107,0.922852,-0.0214844,0.405273,2.44141,-16.0522,0.488281,-5276,2687,-5226,
0.00499725,0.922852,-0.0214844,0.405273,2.44141,-16.0522,0.488281,-5289,2689,-5223,
0.00500107,0.922852,-0.0214844,0.405273,2.44141,-16.0522,0.488281,-5301,2689,-5216,
0.00500107,0.922852,-0.0214844,0.405273,2.44141,-16.0522,0.488281,-5313,2690,-5206,
0.00499725,0.916992,-0.0239258,0.396484,6.16455,-18.0664,-0.244141,-5323,2690,-5196,
0.00500107,0.916992,-0.0239258,0.396484,6.16455,-18.0664,-0.244141,-5333,2689,-5185,
0.00500107,0.916992,-0.0239258,0.396484,6.16455,-18.0664,-0.244141,-5342,2688,-5177,
0.00500107,0.916992,-0.0239258,0.396484,6.16455,-18.0664,-0.244141,-5350,2686,-5169,
0.00499725,0.911621,-0.0302734,0.371582,7.62939,-20.9961,-0.183105,-5360,2683,-5161,
0.00500107,0.911621,-0.0302734,0.371582,7.62939,-20.9961,-0.183105,-5369,2680,-5152,
0.00500107,0.911621,-0.0302734,0.371582,7.62939,-20.9961,-0.183105,-5379,2677,-5138,
0.00499725,0.911621,-0.0302734,0.371582,7.62939,-20.9961,-0.183105,-5389,2672,-5128,
0.00500107,0.90332,-0.0224609,0.395508,7.99561,-21.1792,-0.488281,-5400,2666,-5119,
0.00500107,0.90332,-0.0224609,0.395508,7.99561,-21.1792,-0.488281,-5411,2661,-5109,
0.00500107,0.90332,-0.0224609,0.395508,7.99561,-21.1792,-0.488281,-5421,2655,-5104,
0.00499725,0.90332,-0.0224609,0.395508,7.99561,-21.1792,-0.488281,-5431,2651,-5097,
0.00500107,0.924805,-0.0200195,0.346191,5.7373,-25.6958,0.183105,-5442,2647,-5085,
0.00500107,0.924805,-0.0200195,0.346191,5.7373,-25.6958,0.183105,-5453,2642,-5076,
0.00500107,0.924805,-0.0200195,0.346191,5.7373,-25.6958,0.183105,-5463,2637,-5065,
0.00499725,0.924805,-0.0200195,0.346191,5.7373,-25.6958,0.183105,-5473,2635,-5055,
0.00500107,0.943359,-0.0175781,0.367188,5.85938,-32.8369,2.56348,-5484,2630,-5047,
0.00500107,0.943359,-0.0175781,0.367188,5.85938,-32.8369,2.56348,-5495,2629,-5039,
0.00499725,0.943359,-0.0175781,0.367188,5.85938,-32.8369,2.56348,-5507,2627,-5031,
0.00500107,0.943359,-0.0175781,0.367188,5.85938,-32.8369,2.56348,-5521,2624,-5021,
0.00500107,0.945312,-0.00976562,0.387695,6.40869,-28.0151,3.72314,-5535,2621,-5013,
0.00500107,0.945312,-0.00976562,0.387695,6.40869,-28.0151,3.72314,-5547,2618,-5002,
0.00499725,0.945312,-0.00976562,0.387695,6.40869,-28.0151,3.72314,-5558,2614,-4991,
0.00500107,0.945312,-0.00976562,0.387695,6.40869,-28.0151,3.72314,-5568,2611,-4976,
0.00500107,0.9375,-0.00292969,0.382812,5.12695,-18.7988,1.28174,-5578,2609,-4958,
0.00499725,0.9375,-0.00292969,0.382812,5.12695,-18.7988,1.28174,-5587,2609,-4941,
0.00500107,0.9375,-0.00292969,0.382812,5.12695,-18.7988,1.28174,-5596,2609,-4925,
0.00500107,0.9375,-0.00292969,0.382812,5.12695,-18.7988,1.28174,-5606,2607,-4914,
0.00500107,0.917969,-0.00146484,0.396973,0.183105,-18.9819,-2.68555,-5615,2605,-4908,
0.00499725,0.917969,-0.00146484,0.396973,0.183105,-18.9819,-2.68555,-5625,2604,-4901,
0.00500107,0.917969,-0.00146484,0.396973,0.183105,-18.9819,-2.68555,-5633,2604,-4893,
0.00500107,0.917969,-0.00146484,0.396973,0.183105,-18.9819,-2.68555,-5641,2602,-4886,
0.00499725,0.941406,0,0.36084,-4.88281,-19.9585,-5.98145,-5650,2600,-4882,
0.00500107,0.941406,0,0.36084,-4.88281,-19.9585,-5.98145,-5659,2596,-4873,
0.00500107,0.941406,0,0.36084,-4.88281,-19.9585,-5.98145,-5672,2593,-4867,
0.00500107,0.941406,0,0.36084,-4.88281,-19.9585,-5.98145,-5685,2593,-4859,
0.00499725,0.950195,-0.0170898,0.368164,-8.30078,-24.4141,-6.10352,-5699,2592,-4848,
0.00500107,0.950195,-0.0170898,0.368164,-8.30078,-24.4141,-6.10352,-5712,2591,-4838,
0.00500107,0.950195,-0.0170898,0.368164,-8.30078,-24.4141,-6.10352,-5723,2590,-4826,
0.00500107,0.950195,-0.0170898,0.368164,-8.30078,-24.4141,-6.10352,-5732,2590,-4813,
0.00499725,0.966797,-0.0180664,0.350586,-4.82178,-19.104,-5.5542,-5741,2590,-4795,
0.00500107,0.966797,-0.0180664,0.350586,-4.82178,-19.104,-5.5542,-5752,2588,-4777,
0.00500107,0.966797,-0.0180664,0.350586,-4.82178,-19.104,-5.5542,-5763,2587,-4759,
0.00499725,0.966797,-0.0180664,0.350586,-4.82178,-19.104,-5.5542,-5774,2584,-4744,
0.00500107,0.958984,-0.0224609,0.307617,-1.64795,-12.3901,-4.27246,-5784,2579,-4735,
0.00500107,0.958984,-0.0224609,0.307617,-1.64795,-12.3901,-4.27246,-5794,2576,-4724,
0.00500107,0.958984,-0.0224609,0.307617,-1.64795,-12.3901,-4.27246,-5804,2572,-4717,
0.00499725,0.958984,-0.0224609,0.307617,-1.64795,-12.3901,-4.27246,-5813,2572,-4710,
0.00500107,0.933594,-0.0180664,0.290527,-2.99072,-18.5547,-2.2583,-5823,2573,-4707,
0.00500107,0.933594,-0.0180664,0.290527,-2.99072,-18.5547,-2.2583,-5832,2572,-4701,
0.00499725,0.933594,-0.0180664,0.290527,-2.99072,-18.5547,-2.2583,-5842,2571,-4693,
0.00500107,0.933594,-0.0180664,0.290527,-2.99072,-18.5547,-2.2583,-5851,2570,-4681,
0.00500107,0.941406,-0.012207,0.316895,-5.79834,-22.0947,-3.96729,-5861,2568,-4662,
0.00500107,0.941406,-0.012207,0.316895,-5.79834,-22.0947,-3.96729,-5868,2567,-4645,
0.00499725,0.941406,-0.012207,0.316895,-5.79834,-22.0947,-3.96729,-5878,2565,-4629,
0.00500107,0.941406,-0.012207,0.316895,-5.79834,-22.0947,-3.96729,-5890,2562,-4614,
0.00500107,0.95166,-0.0161133,0.3125,-3.2959,-17.6392,-5.43213,-5902,2560,-4600,
0.00499725,0.95166,-0.0161133,0.3125,-3.2959,-17.6392,-5.43213,-5913,2557,-4588,
0.00500107,0.95166,-0.0161133,0.3125,-3.2959,-17.6392,-5.43213,-5924,2555,-4577,
0.00500107,0.95166,-0.0161133,0.3125,-3.2959,-17.6392,-5.43213,-5934,2553,-4567,
0.00500107,0.964355,-0.0161133,0.261719,-0.305176,-15.625,-4.02832,-5942,2551,-4558,
0.00499725,0.964355,-0.0161133,0.261719,-0.305176,-15.625,-4.02832,-5949,2548,-4549,
0.00500107,0.964355,-0.0161133,0.261719,-0.305176,-15.625,-4.02832,-5956,2545,-4541,
0.00500107,0.964355,-0.0161133,0.261719,-0.305176,-15.625,-4.02832,-5961,2542,-4533,
0.00500107,0.964844,-0.0136719,0.280273,-0.549316,-15.625,-1.2207,-5966,2539,-4527,
0.00499725,0.964844,-0.0136719,0.280273,-0.549316,-15.625,-1.2207,-5971,2537,-4518,
0.00500107,0.964844,-0.0136719,0.280273,-0.549316,-15.625,-1.2207,-5976,2537,-4507,
0.00500107,0.964844,-0.0136719,0.280273,-0.549316,-15.625,-1.2207,-5982,2537,-4497,
0.00499725,0.969727,-0.0146484,0.290527,-4.08936,-17.9443,2.62451,-5991,2535,-4486,
0.00500107,0.969727,-0.0146484,0.290527,-4.08936,-17.9443,2.62451,-6000,2535,-4475,
0.00500107,0.969727,-0.0146484,0.290527,-4.08936,-17.9443,2.62451,-6008,2535,-4469,
0.00500107,0.969727,-0.0146484,0.290527,-4.08936,-17.9443,2.62451,-6015,2535,-4461,
0.00499725,0.951172,-0.00976562,0.28125,-4.27246,-20.9351,3.35693,-6022,2535,-4453,
0.00500107,0.951172,-0.00976562,0.28125,-4.27246,-20.9351,3.35693,-6031,2535,-4443,
0.00500107,0.951172,-0.00976562,0.28125,-4.27246,-20.9351,3.35693,-6041,2532,-4431,
0.00499725,0.951172,-0.00976562,0.28125,-4.27246,-20.9351,3.35693,-6050,2531,-4419,
0.00500107,0.958496,-0.0112305,0.271484,-2.74658,-23.8037,2.31934,-6061,2530,-4408,
0.00500107,0.958496,-0.0112305,0.271484,-2.74658,-23.8037,2.31934,-6068,2530,-4395,
0.00500107,0.958496,-0.0112305,0.271484,-2.74658,-23.8037,2.31934,-6075,2531,-4381,
0.00499725,0.958496,-0.0112305,0.271484,-2.74658,-23.8037,2.31934,-6082,2533,-4367,
0.00500107,0.965332,-0.0117188,0.278809,0.427246,-22.8882,1.40381,-6089,2535,-4355,
0.00500107,0.965332,-0.0117188,0.278809,0.427246,-22.8882,1.40381,-6097,2537,-4346,
0.00499725,0.965332,-0.0117188,0.278809,0.427246,-22.8882,1.40381,-6105,2537,-4341,
0.00500107,0.965332,-0.0117188,0.278809,0.427246,-22.8882,1.40381,-6114,2537,-4338,
0.00500107,0.969727,-0.0141602,0.249512,1.77002,-25.8179,1.0376,-6123,2535,-4329,
0.00500107,0.969727,-0.0141602,0.249512,1.77002,-25.8179,1.0376,-6131,2533,-4320,
0.00499725,0.969727,-0.0141602,0.249512,1.77002,-25.8179,1.0376,-6140,2532,-4308,
0.00500107,0.969727,-0.0141602,0.249512,1.77002,-25.8179,1.0376,-6150,2530,-4292,
0.00500107,0.974121,-0.0170898,0.239258,2.86865,-32.1045,3.2959,-6159,2528,-4278,
0.00500107,0.974121,-0.0170898,0.239258,2.86865,-32.1045,3.2959,-6168,2526,-4268,
0.00499725,0.974121,-0.0170898,0.239258,2.86865,-32.1045,3.2959,-6178,2525,-4256,
0.00500107,0.974121,-0.0170898,0.239258,2.86865,-32.1045,3.2959,-6187,2525,-4241,
0.00500107,0.967773,-0.0180664,0.225098,7.32422,-33.4473,5.37109,-6196,2527,-4228,
0.00499725,0.967773,-0.0180664,0.225098,7.32422,-33.4473,5.37109,-6206,2529,-4216,
0.00500107,0.967773,-0.0180664,0.225098,7.32422,-33.4473,5.37109,-6214,2531,-4204,
0.00500107,0.967773,-0.0180664,0.225098,7.32422,-33.4473,5.37109,-6223,2533,-4194,
0.00500107,0.967773,-0.0180664,0.225098,7.08008,-29.1748,4.3335,-6233,2531,-4183,
0.00499725,0.955566,-0.0170898,0.220703,7.08008,-29.1748,4.3335,-6242,2530,-4171,
0.00500107,0.955566,-0.0170898,0.220703,7.08008,-29.1748,4.3335,-6254,2529,-4159,
0.00500107,0.955566,-0.0170898,0.220703,7.08008,-29.1748,4.3335,-6265,2527,-4147,
0.00499725,0.955566,-0.0170898,0.220703,7.08008,-29.1748,4.3335,-6275,2524,-4136,
0.00500107,0.967285,-0.0151367,0.228027,4.94385,-23.8037,2.80762,-6286,2522,-4121,
0.00500107,0.967285,-0.0151367,0.228027,4.94385,-23.8037,2.80762,-6295,2519,-4105,
0.00500107,0.967285,-0.0151367,0.228027,4.94385,-23.8037,2.80762,-6303,2515,-4091,
0.00499725,0.967285,-0.0151367,0.228027,4.94385,-23.8037,2.80762,-6312,2513,-4076,
0.00500107,0.979004,-0.00830078,0.23877,3.23486,-22.8271,1.70898,-6323,2511,-4062,
0.00500107,0.979004,-0.00830078,0.23877,3.23486,-22.8271,1.70898,-6333,2509,-4049,
0.00499725,0.979004,-0.00830078,0.23877,3.23486,-22.8271,1.70898,-6343,2509,-4036,
0.00500107,0.979004,-0.00830078,0.23877,3.23486,-22.8271,1.70898,-6353,2506,-4021,
0.00500107,0.981934,-0.00830078,0.19873,1.83105,-22.583,-0.0610352,-6361,2504,-4006,
0.00500107,0.981934,-0.00830078,0.19873,1.83105,-22.583,-0.0610352,-6371,2500,-3992,
0.00499725,0.981934,-0.00830078,0.19873,1.83105,-22.583,-0.0610352,-6381,2495,-3979,
0.00500107,0.981934,-0.00830078,0.19873,1.83105,-22.583,-0.0610352,-6389,2490,-3968,
0.00500107,1.00049,-0.0131836,0.165527,1.2207,-20.5688,-0.488281,-6397,2486,-3958,
0.00500107,1.00049,-0.0131836,0.165527,1.2207,-20.5688,-0.488281,-6405,2483,-3948,
0.00499725,1.00049,-0.0131836,0.165527,1.2207,-20.5688,-0.488281,-6412,2482,-3937,
0.00500107,1.00049,-0.0131836,0.165527,1.2207,-20.5688,-0.488281,-6419,2482,-3930,
0.00500107,1.00098,-0.0234375,0.161133,1.70898,-13.855,0.183105,-6426,2482,-3922,
0.00499725,1.00098,-0.0234375,0.161133,1.70898,-13.855,0.183105,-6431,2481,-3913,
0.00500107,1.00098,-0.0234375,0.161133,1.70898,-13.855,0.183105,-6435,2479,-3904,
0.00500107,1.00098,-0.0234375,0.161133,1.70898,-13.855,0.183105,-6440,2476,-3892,
0.00500107,0.98584,-0.0219727,0.185547,2.86865,-7.38525,0.488281,-6446,2473,-3881,
0.00499725,0.98584,-0.0219727,0.185547,2.86865,-7.38525,0.488281,-6452,2472,-3866,
0.00500107,0.98584,-0.0219727,0.185547,2.86865,-7.38525,0.488281,-6458,2469,-3853,
0.00500107,0.98584,-0.0219727,0.185547,2.86865,-7.38525,0.488281,-6464,2468,-3841,
0.00499725,0.953613,-0.00244141,0.210938,2.68555,-14.9536,-0.610352,-6468,2468,-3832,
0.00500107,0.953613,-0.00244141,0.210938,2.68555,-14.9536,-0.610352,-6473,2467,-3826,
0.00500107,0.953613,-0.00244141,0.210938,2.68555,-14.9536,-0.610352,-6478,2467,-3819,
0.00500107,0.953613,-0.00244141,0.210938,2.68555,-14.9536,-0.610352,-6486,2467,-3806,
0.00499725,0.96875,-0.00146484,0.214844,-0.427246,-27.771,-4.45557,-6494,2467,-3792,
0.00500107,0.96875,-0.00146484,0.214844,-0.427246,-27.771,-4.45557,-6503,2466,-3778,
0.00500107,0.96875,-0.00146484,0.214844,-0.427246,-27.771,-4.45557,-6512,2465,-3768,
0.00499725,0.96875,-0.00146484,0.214844,-0.427246,-27.771,-4.45557,-6521,2465,-3757,
0.00500107,1.02295,-0.00390625,0.167969,-3.41797,-31.8604,-5.00488,-6530,2464,-3748,
0.00500107,1.02295,-0.00390625,0.167969,-3.41797,-31.8604,-5.00488,-6540,2464,-3737,
0.00500107,1.02295,-0.00390625,0.167969,-3.41797,-31.8604,-5.00488,-6548,2463,-3720,
0.00499725,1.02295,-0.00390625,0.167969,-3.41797,-31.8604,-5.00488,-6558,2463,-3708,
0.00500107,1.0166,-0.00732422,0.139648,-6.95801,-32.7759,-1.40381,-6569,2463,-3698,
0.00500107,1.0166,-0.00732422,0.139648,-6.95801,-32.7759,-1.40381,-6578,2464,-3689,
0.00500107,1.0166,-0.00732422,0.139648,-6.95801,-32.7759,-1.40381,-6587,2464,-3679,
0.00499725,1.0166,-0.00732422,0.139648,-6.95801,-32.7759,-1.40381,-6597,2462,-3669,
0.00500107,0.998047,-0.0141602,0.134277,-6.28662,-26.123,0.12207,-6606,2461,-3654,
0.00500107,0.998047,-0.0141602,0.134277,-6.28662,-26.123,0.12207,-6612,2458,-3639,
0.00499725,0.998047,-0.0141602,0.134277,-6.28662,-26.123,0.12207,-6620,2458,-3622,
0.00500107,0.998047,-0.0141602,0.134277,-6.28662,-26.123,0.12207,-6630,2459,-3606,
0.00500107,0.991211,-0.0141602,0.145996,-1.28174,-19.7144,0.671387,-6638,2460,-3591,
0.00500107,0.991211,-0.0141602,0.145996,-1.28174,-19.7144,0.671387,-6647,2461,-3575,
0.00499725,0.991211,-0.0141602,0.145996,-1.28174,-19.7144,0.671387,-6654,2461,-3564,
0.00500107,0.991211,-0.0141602,0.145996,-1.28174,-19.7144,0.671387,-6660,2460,-3553,
0.00500107,0.978516,-0.0102539,0.170898,0.915527,-14.8315,-0.915527,-6663,2459,-3542,
0.00499725,0.978516,-0.0102539,0.170898,0.915527,-14.8315,-0.915527,-6668,2458,-3530,
0.00500107,0.978516,-0.0102539,0.170898,0.915527,-14.8315,-0.915527,-6673,2458,-3519,
0.00500107,0.978516,-0.0102539,0.170898,0.915527,-14.8315,-0.915527,-6680,2459,-3504,
0.00500107,0.998047,-0.00927734,0.0991211,-0.183105,-13.1226,-1.34277,-6688,2459,-3493,
0.00499725,0.998047,-0.00927734,0.0991211,-0.183105,-13.1226,-1.34277,-6694,2459,-3480,
0.00500107,0.998047,-0.00927734,0.0991211,-0.183105,-13.1226,-1.34277,-6702,2458,-3466,
0.00500107,0.998047,-0.00927734,0.0991211,-0.183105,-13.1226,-1.34277,-6708,2456,-3456,
0.00499725,1,-0.0112305,0.100098,-0.793457,-17.0898,-2.0752,-6714,2455,-3447,
0.00500107,1,-0.0112305,0.100098,-0.793457,-17.0898,-2.0752,-6720,2454,-3440,
0.00500107,1,-0.0112305,0.100098,-0.793457,-17.0898,-2.0752,-6726,2452,-3434,
0.00500107,1,-0.0112305,0.100098,-0.793457,-17.0898,-2.0752,-6731,2448,-3429,
0.00499725,0.987305,-0.0151367,0.106445,1.52588,-9.21631,-2.2583,-6735,2443,-3424,
0.00500107,0.987305,-0.0151367,0.106445,1.52588,-9.21631,-2.2583,-6741,2438,-3413,
0.00500107,0.987305,-0.0151367,0.106445,1.52588,-9.21631,-2.2583,-6747,2434,-3402,
0.00500107,0.987305,-0.0151367,0.106445,1.52588,-9.21631,-2.2583,-6753,2432,-3391,
0.00499725,0.993164,-0.0180664,0.0664062,-0.915527,-25.8789,-1.58691,-6760,2432,-3377,
0.00500107,0.993164,-0.0180664,0.0664062,-0.915527,-25.8789,-1.58691,-6767,2432,-3366,
0.00500107,0.993164,-0.0180664,0.0664062,-0.915527,-25.8789,-1.58691,-6774,2432,-3355,
0.00499725,0.993164,-0.0180664,0.0664062,-0.915527,-25.8789,-1.58691,-6781,2431,-3344,
0.00500107,0.986816,-0.0131836,0.102051,0.671387,-30.7617,0.12207,-6789,2428,-3328,
0.00500107,0.986816,-0.0131836,0.102051,0.671387,-30.7617,0.12207,-6799,2426,-3310,
0.00500107,0.986816,-0.0131836,0.102051,0.671387,-30.7617,0.12207,-6806,2423,-3293,
0.00499725,0.986816,-0.0131836,0.102051,0.671387,-30.7617,0.12207,-6813,2421,-3276,
0.00500107,1.00244,-0.00488281,0.120117,0.732422,-18.3716,-0.671387,-6819,2419,-3261,
0.00500107,1.00244,-0.00488281,0.120117,0.732422,-18.3716,-0.671387,-6824,2418,-3244,
0.00499725,1.00244,-0.00488281,0.120117,0.732422,-18.3716,-0.671387,-6831,2415,-3229,
0.00500107,1.00244,-0.00488281,0.120117,0.732422,-18.3716,-0.671387,-6837,2412,-3215,
0.00500107,0.996582,-0.00244141,0.0961914,-4.08936,-17.6392,-0.610352,-6845,2408,-3198,
0.00500107,0.996582,-0.00244141,0.0961914,-4.08936,-17.6392,-0.610352,-6853,2404,-3186,
0.00499725,0.996582,-0.00244141,0.0961914,-4.08936,-17.6392,-0.610352,-6860,2403,-3175,
0.00500107,0.996582,-0.00244141,0.0961914,-4.08936,-17.6392,-0.610352,-6865,2405,-3164,
0.00500107,0.996582,-0.0117188,0.0854492,-8.05664,-31.25,0.488281,-6870,2406,-3153,
0.00499725,0.996582,-0.0117188,0.0854492,-8.05664,-31.25,0.488281,-6877,2406,-3143,
0.00500107,0.996582,-0.0117188,0.0854492,-8.05664,-31.25,0.488281,-6883,2403,-3132,
0.00500107,0.996582,-0.0117188,0.0854492,-8.05664,-31.25,0.488281,-6890,2401,-3118,
0.00500107,0.998535,-0.019043,0.0668945,-4.08936,-34.5459,0.366211,-6899,2399,-3104,
0.00499725,0.998535,-0.019043,0.0668945,-4.08936,-34.5459,0.366211,-6907,2396,-3091,
0.00500107,0.998535,-0.019043,0.0668945,-4.08936,-34.5459,0.366211,-6914,2393,-3080,
0.00500107,0.998535,-0.019043,0.0668945,-4.08936,-34.5459,0.366211,-6923,2392,-3068,
0.00500107,1.01953,-0.0112305,0.0629883,-0.732422,-19.8975,0.244141,-6932,2392,-3059,
0.00499725,1.01953,-0.0112305,0.0629883,-0.732422,-19.8975,0.244141,-6940,2392,-3049,
0.00500107,1.01953,-0.0112305,0.0629883,-0.732422,-19.8975,0.244141,-6949,2394,-3036,
0.00500107,1.01953,-0.0112305,0.0629883,-0.732422,-19.8975,0.244141,-6958,2394,-3019,
0.00499725,0.99707,-0.00830078,0.0458984,-1.52588,-20.0806,-0.854492,-6964,2394,-3002,
0.00500107,0.99707,-0.00830078,0.0458984,-1.52588,-20.0806,-0.854492,-6968,2393,-2985,
0.00500107,0.99707,-0.00830078,0.0458984,-1.52588,-20.0806,-0.854492,-6972,2391,-2967,
0.00500107,0.99707,-0.00830078,0.0458984,-1.52588,-20.0806,-0.854492,-6976,2389,-2949,
0.00499725,0.987305,-0.0117188,0.0136719,-3.23486,-28.5645,-1.40381,-6981,2388,-2926,
0.00500107,0.987305,-0.0117188,0.0136719,-3.23486,-28.5645,-1.40381,-6988,2389,-2906,
0.00500107,0.987305,-0.0117188,0.0136719,-3.23486,-28.5645,-1.40381,-6997,2389,-2885,
0.00499725,0.987305,-0.0117188,0.0136719,-3.23486,-28.5645,-1.40381,-7006,2389,-2865,
0.00500107,1.00879,-0.0151367,-0.00634766,-5.92041,-38.3911,0.427246,-7013,2388,-2847,
0.00500107,1.00879,-0.0151367,-0.00634766,-5.92041,-38.3911,0.427246,-7021,2387,-2827,
0.00500107,1.00879,-0.0151367,-0.00634766,-5.92041,-38.3911,0.427246,-7028,2388,-2808,
0.00499725,1.00879,-0.0151367,-0.00634766,-5.92041,-38.3911,0.427246,-7036,2389,-2789,
0.00500107,1.02295,-0.0117188,0.00146484,-7.69043,-27.0996,2.99072,-7044,2391,-2769,
0.00500107,1.02295,-0.0117188,0.00146484,-7.69043,-27.0996,2.99072,-7053,2393,-2752,
0.00499725,1.02295,-0.0117188,0.00146484,-7.69043,-27.0996,2.99072,-7061,2395,-2735,
0.00500107,1.02295,-0.0117188,0.00146484,-7.69043,-27.0996,2.99072,-7068,2394,-2722,
0.00500107,0.994141,-0.012207,0.0332031,-4.21143,-18.4326,0.427246,-7075,2393,-2708,
0.00500107,0.994141,-0.012207,0.0332031,-4.21143,-18.4326,0.427246,-7079,2391,-2693,
0.00499725,0.994141,-0.012207,0.0332031,-4.21143,-18.4326,0.427246,-7084,2389,-2680,
0.00500107,0.994141,-0.012207,0.0332031,-4.21143,-18.4326,0.427246,-7087,2387,-2664,
0.00500107,0.992676,-0.0126953,-0.0141602,-1.64795,-15.564,-1.83105,-7091,2385,-2648,
0.00500107,0.992676,-0.0126953,-0.0141602,-1.64795,-15.564,-1.83105,-7097,2382,-2634,
0.00499725,0.992676,-0.0126953,-0.0141602,-1.64795,-15.564,-1.83105,-7103,2381,-2619,
0.00500107,0.992676,-0.0126953,-0.0141602,-1.64795,-15.564,-1.83105,-7108,2380,-2605,
0.00500107,1.01123,-0.0126953,-0.0527344,-2.2583,-26.3062,-2.31934,-7113,2378,-2593,
0.00499725,1.01123,-0.0126953,-0.0527344,-2.2583,-26.3062,-2.31934,-7118,2378,-2581,
0.00500107,1.01123,-0.0126953,-0.0527344,-2.2583,-26.3062,-2.31934,-7123,2375,-2566,
0.00500107,1.01123,-0.0126953,-0.0527344,-2.2583,-26.3062,-2.31934,-7129,2373,-2551,
0.00500107,1.02783,-0.0131836,-0.0371094,0.610352,-24.9023,-0.732422,-7137,2371,-2533,
0.00499725,1.02783,-0.0131836,-0.0371094,0.610352,-24.9023,-0.732422,-7143,2368,-2516,
0.00500107,1.02783,-0.0131836,-0.0371094,0.610352,-24.9023,-0.732422,-7148,2368,-2499,
0.00500107,1.02783,-0.0131836,-0.0371094,0.610352,-24.9023,-0.732422,-7152,2367,-2484,
0.00499725,1.00684,-0.0146484,-0.0458984,1.64795,-20.5688,0.671387,-7155,2367,-2469,
0.00500107,1.00684,-0.0146484,-0.0458984,1.64795,-20.5688,0.671387,-7157,2367,-2452,
0.00500107,1.00684,-0.0146484,-0.0458984,1.64795,-20.5688,0.671387,-7161,2366,-2437,
0.00500107,1.00684,-0.0146484,-0.0458984,1.64795,-20.5688,0.671387,-7166,2367,-2419,
0.00499725,0.995117,-0.00927734,0.0410156,5.18799,-15.2588,-0.793457,-7171,2369,-2404,
0.00500107,0.995117,-0.00927734,0.0410156,5.18799,-15.2588,-0.793457,-7177,2371,-2390,
0.00500107,0.995117,-0.00927734,0.0410156,5.18799,-15.2588,-0.793457,-7183,2371,-2378,
0.00499725,0.995117,-0.00927734,0.0410156,5.18799,-15.2588,-0.793457,-7188,2370,-2367,
0.00500107,1.00244,-0.00146484,0.0405273,7.99561,9.70459,-2.50244,-7193,2366,-2364,
0.00500107,1.00244,-0.00146484,0.0405273,7.99561,9.70459,-2.50244,-7196,2363,-2363,
0.00500107,1.00244,-0.00146484,0.0405273,7.99561,9.70459,-2.50244,-7198,2362,-2362,
0.00499725,1.00244,-0.00146484,0.0405273,7.99561,9.70459,-2.50244,-7201,2364,-2364,
0.00500107,1.01953,-0.00537109,-0.0239258,5.43213,18.7378,-2.19727,-7202,2364,-2366,
0.00500107,1.01953,-0.00537109,-0.0239258,5.43213,18.7378,-2.19727,-7202,2362,-2370,
0.00500107,1.01953,-0.00537109,-0.0239258,5.43213,18.7378,-2.19727,-7201,2358,-2376,
0.00499725,1.01953,-0.00537109,-0.0239258,5.43213,18.7378,-2.19727,-7199,2351,-2380,
0.00500107,1.01367,-0.00439453,-0.0703125,1.0376,15.4419,-0.244141,-7196,2347,-2384,
0.00500107,1.01367,-0.00439453,-0.0703125,1.0376,15.4419,-0.244141,-7193,2345,-2385,
0.00499725,1.01367,-0.00439453,-0.0703125,1.0376,15.4419,-0.244141,-7191,2343,-2388,
0.00500107,1.01367,-0.00439453,-0.0703125,1.0376,15.4419,-0.244141,-7190,2343,-2389,
0.00500107,1.01074,-0.0136719,-0.0332031,0.427246,11.1084,1.15967,-7189,2343,-2392,
0.00500107,1.01074,-0.0136719,-0.0332031,0.427246,11.1084,1.15967,-7187,2343,-2399,
0.00499725,1.01074,-0.0136719,-0.0332031,0.427246,11.1084,1.15967,-7185,2343,-2405,
0.00500107,1.01074,-0.0136719,-0.0332031,0.427246,11.1084,1.15967,-7182,2343,-2411,
0.00500107,1.01758,-0.00878906,0.0307617,4.45557,30.3345,3.23486,-7178,2343,-2415,
0.00499725,1.01758,-0.00878906,0.0307617,4.45557,30.3345,3.23486,-7174,2343,-2420,
0.00500107,1.01758,-0.00878906,0.0307617,4.45557,30.3345,3.23486,-7170,2343,-2432,
0.00500107,1.01758,-0.00878906,0.0307617,4.45557,30.3345,3.23486,-7165,2345,-2445,
0.00500107,1.01855,-0.000488281,0.0703125,8.48389,64.6362,0.305176,-7160,2346,-2466,
0.00499725,1.01855,-0.000488281,0.0703125,8.48389,64.6362,0.305176,-7153,2349,-2496,
0.00500107,1.01855,-0.000488281,0.0703125,8.48389,64.6362,0.305176,-7142,2351,-2527,
0.00500107,1.01855,-0.000488281,0.0703125,8.48389,64.6362,0.305176,-7130,2352,-2565,
0.00499725,0.980469,-0.0131836,0.0668945,13.7329,95.1538,-1.28174,-7116,2352,-2604,
0.00500107,0.980469,-0.0131836,0.0668945,13.7329,95.1538,-1.28174,-7101,2352,-2642,
0.00500107,0.980469,-0.0131836,0.0668945,13.7329,95.1538,-1.28174,-7086,2353,-2682,
0.00500107,0.980469,-0.0131836,0.0668945,13.7329,95.1538,-1.28174,-7071,2355,-2722,
0.00499725,1.00391,-0.00585938,-0.00244141,10.9863,68.6646,4.08936,-7055,2359,-2756,
0.00500107,1.00391,-0.00585938,-0.00244141,10.9863,68.6646,4.08936,-7039,2362,-2793,
0.00500107,1.00391,-0.00585938,-0.00244141,10.9863,68.6646,4.08936,-7023,2366,-2830,
0.00500107,1.00391,-0.00585938,-0.00244141,10.9863,68.6646,4.08936,-7007,2370,-2864,
0.00499725,1.01221,-0.00976562,0.0585938,10.8643,59.9365,3.60107,-6991,2373,-2899,
0.00500107,1.01221,-0.00976562,0.0585938,10.8643,59.9365,3.60107,-6976,2378,-2931,
0.00500107,1.01221,-0.00976562,0.0585938,10.8643,59.9365,3.60107,-6961,2382,-2962,
0.00499725,1.01221,-0.00976562,0.0585938,10.8643,59.9365,3.60107,-6943,2386,-2994,
0.00500107,1.00684,-0.00488281,0.10498,11.5356,62.561,4.3335,-6926,2389,-3030,
0.00500107,1.00684,-0.00488281,0.10498,11.5356,62.561,4.3335,-6908,2391,-3069,
0.00500107,1.00684,-0.00488281,0.10498,11.5356,62.561,4.3335,-6889,2391,-3107,
0.00499725,1.00684,-0.00488281,0.10498,11.5356,62.561,4.3335,-6871,2392,-3146,
0.00500107,0.986816,-0.00488281,0.117676,7.38525,41.1987,3.11279,-6855,2394,-3181,
0.00500107,0.986816,-0.00488281,0.117676,7.38525,41.1987,3.11279,-6840,2396,-3215,
0.00499725,0.986816,-0.00488281,0.117676,7.38525,41.1987,3.11279,-6825,2397,-3245,
0.00500107,0.986816,-0.00488281,0.117676,7.38525,41.1987,3.11279,-6811,2397,-3272,
0.00500107,0.969727,-0.0141602,0.154297,5.61523,29.541,1.40381,-6795,2397,-3300,
0.00500107,0.969727,-0.0141602,0.154297,5.61523,29.541,1.40381,-6780,2398,-3323,
0.00499725,0.969727,-0.0141602,0.154297,5.61523,29.541,1.40381,-6763,2398,-3349,
0.00500107,0.969727,-0.0141602,0.154297,5.61523,29.541,1.40381,-6748,2400,-3373,
0.00500107,0.999023,-0.0102539,0.174805,3.66211,37.2925,2.44141,-6734,2401,-3398,
0.00499725,0.999023,-0.0102539,0.174805,3.66211,37.2925,2.44141,-6722,2403,-3427,
0.00500107,0.999023,-0.0102539,0.174805,3.66211,37.2925,2.44141,-6711,2406,-3458,
0.00500107,0.999023,-0.0102539,0.174805,3.66211,37.2925,2.44141,-6698,2409,-3489,
0.00500107,0.996094,-0.0141602,0.181152,2.01416,44.6167,1.70898,-6684,2413,-3518,
0.00499725,0.996094,-0.0141602,0.181152,2.01416,44.6167,1.70898,-6667,2415,-3546,
0.00500107,0.996094,-0.0141602,0.181152,2.01416,44.6167,1.70898,-6653,2419,-3572,
0.00500107,0.996094,-0.0141602,0.181152,2.01416,44.6167,1.70898,-6638,2424,-3595,
0.00500107,0.980469,-0.0151367,0.185059,4.21143,57.6172,1.0376,-6622,2427,-3625,
0.00499725,0.980469,-0.0151367,0.185059,4.21143,57.6172,1.0376,-6605,2431,-3652,
0.00500107,0.980469,-0.0151367,0.185059,4.21143,57.6172,1.0376,-6587,2435,-3677,
0.00500107,0.980469,-0.0151367,0.185059,4.21143,57.6172,1.0376,-6569,2437,-3705,
0.00499725,0.97168,-0.0126953,0.165039,2.74658,50.0488,2.0752,-6551,2439,-3732,
0.00500107,0.97168,-0.0126953,0.165039,2.74658,50.0488,2.0752,-6535,2441,-3762,
0.00500107,0.97168,-0.0126953,0.165039,2.74658,50.0488,2.0752,-6520,2442,-3793,
0.00500107,0.97168,-0.0126953,0.165039,2.74658,50.0488,2.0752,-6503,2443,-3823,
0.00499725,0.982422,-0.012207,0.194336,-0.12207,31.8604,0.0610352,-6488,2443,-3846,
0.00500107,0.982422,-0.012207,0.194336,-0.12207,31.8604,0.0610352,-6473,2441,-3869,
0.00500107,0.982422,-0.012207,0.194336,-0.12207,31.8604,0.0610352,-6457,2442,-3889,
0.00499725,0.982422,-0.012207,0.194336,-0.12207,31.8604,0.0610352,-6443,2444,-3910,
0.00500107,0.976074,-0.012207,0.229004,-0.183105,33.5083,-0.915527,-6429,2447,-3934,
0.00500107,0.976074,-0.012207,0.229004,-0.183105,33.5083,-0.915527,-6417,2451,-3958,
0.00500107,0.976074,-0.012207,0.229004,-0.183105,33.5083,-0.915527,-6405,2455,-3983,
0.00499725,0.976074,-0.012207,0.229004,-0.183105,33.5083,-0.915527,-6395,2459,-4003,
0.00500107,0.970703,-0.019043,0.233398,-1.95312,24.292,-1.28174,-6384,2462,-4022,
0.00500107,0.970703,-0.019043,0.233398,-1.95312,24.292,-1.28174,-6373,2466,-4042,
0.00499725,0.970703,-0.019043,0.233398,-1.95312,24.292,-1.28174,-6362,2470,-4060,
0.00500107,0.970703,-0.019043,0.233398,-1.95312,24.292,-1.28174,-6349,2470,-4080,
0.00500107,0.958496,-0.012207,0.257324,0.976562,22.0947,-1.40381,-6337,2470,-4098,
0.00500107,0.958496,-0.012207,0.257324,0.976562,22.0947,-1.40381,-6325,2469,-4113,
0.00499725,0.958496,-0.012207,0.257324,0.976562,22.0947,-1.40381,-6314,2470,-4125,
0.00500107,0.958496,-0.012207,0.257324,0.976562,22.0947,-1.40381,-6304,2473,-4138,
0.00500107,1.00439,-0.00830078,0.259766,0.793457,30.1514,-0.12207,-6292,2475,-4152,
0.00500107,1.00439,-0.00830078,0.259766,0.793457,30.1514,-0.12207,-6281,2477,-4166,
0.00499725,1.00439,-0.00830078,0.259766,0.793457,30.1514,-0.12207,-6268,2481,-4181,
0.00500107,1.00439,-0.00830078,0.259766,0.793457,30.1514,-0.12207,-6253,2483,-4202,
0.00500107,1.00342,-0.00634766,0.254395,-3.54004,46.6309,0,-6237,2484,-4223,
0.00499725,1.00342,-0.00634766,0.254395,-3.54004,46.6309,0,-6220,2488,-4243,
0.00500107,1.00342,-0.00634766,0.254395,-3.54004,46.6309,0,-6202,2492,-4264,
0.00500107,1.00342,-0.00634766,0.254395,-3.54004,46.6309,0,-6184,2497,-4284,
0.00500107,0.965332,-0.00830078,0.275879,-9.33838,54.8096,-3.479,-6166,2503,-4303,
0.00499725,0.965332,-0.00830078,0.275879,-9.33838,54.8096,-3.479,-6150,2508,-4323,
0.00500107,0.965332,-0.00830078,0.275879,-9.33838,54.8096,-3.479,-6135,2513,-4342,
0.00500107,0.965332,-0.00830078,0.275879,-9.33838,54.8096,-3.479,-6121,2514,-4365,
0.00499725,0.973633,-0.0205078,0.254395,-7.14111,43.396,-5.98145,-6109,2516,-4388,
0.00500107,0.973633,-0.0205078,0.254395,-7.14111,43.396,-5.98145,-6094,2517,-4407,
0.00500107,0.973633,-0.0205078,0.254395,-7.14111,43.396,-5.98145,-6078,2515,-4429,
0.00500107,0.973633,-0.0205078,0.254395,-7.14111,43.396,-5.98145,-6061,2514,-4449,
0.00499725,0.94043,-0.0214844,0.327148,-6.95801,37.9028,-2.99072,-6043,2514,-4465,
0.00500107,0.94043,-0.0214844,0.327148,-6.95801,37.9028,-2.99072,-6024,2515,-4484,
0.00500107,0.94043,-0.0214844,0.327148,-6.95801,37.9028,-2.99072,-6007,2516,-4502,
0.00499725,0.94043,-0.0214844,0.327148,-6.95801,37.9028,-2.99072,-5990,2520,-4520,
0.00500107,0.955078,-0.0219727,0.332031,-7.01904,35.0342,1.58691,-5974,2525,-4541,
0.00500107,0.955078,-0.0219727,0.332031,-7.01904,35.0342,1.58691,-5957,2530,-4562,
0.00500107,0.955078,-0.0219727,0.332031,-7.01904,35.0342,1.58691,-5939,2533,-4582,
0.00499725,0.955078,-0.0219727,0.332031,-7.01904,35.0342,1.58691,-5921,2537,-4603,
0.00500107,0.952148,-0.00146484,0.356445,-5.92041,48.584,1.40381,-5902,2541,-4620,
0.00500107,0.952148,-0.00146484,0.356445,-5.92041,48.584,1.40381,-5884,2546,-4639,
0.00500107,0.952148,-0.00146484,0.356445,-5.92041,48.584,1.40381,-5865,2551,-4662,
0.00499725,0.952148,-0.00146484,0.356445,-5.92041,48.584,1.40381,-5845,2555,-4686,
0.00500107,0.930664,-0.00244141,0.353516,-7.56836,66.2231,-3.41797,-5825,2558,-4710,
0.00500107,0.930664,-0.00244141,0.353516,-7.56836,66.2231,-3.41797,-5804,2561,-4735,
0.00499725,0.930664,-0.00244141,0.353516,-7.56836,66.2231,-3.41797,-5781,2565,-4762,
0.00500107,0.930664,-0.00244141,0.353516,-7.56836,66.2231,-3.41797,-5759,2569,-4790,
0.00500107,0.922852,-0.00976562,0.350586,-9.15527,62.1948,-3.60107,-5735,2574,-4817,
0.00500107,0.922852,-0.00976562,0.350586,-9.15527,62.1948,-3.60107,-5712,2577,-4846,
0.00499725,0.922852,-0.00976562,0.350586,-9.15527,62.1948,-3.60107,-5688,2579,-4871,
0.00500107,0.922852,-0.00976562,0.350586,-9.15527,62.1948,-3.60107,-5664,2581,-4895,
0.00500107,0.914551,-0.00878906,0.405762,-8.05664,48.0347,-3.84521,-5639,2582,-4919,
0.00499725,0.914551,-0.00878906,0.405762,-8.05664,48.0347,-3.84521,-5615,2584,-4941,
0.00500107,0.914551,-0.00878906,0.405762,-8.05664,48.0347,-3.84521,-5592,2587,-4964,
0.00500107,0.914551,-0.00878906,0.405762,-8.05664,48.0347,-3.84521,-5570,2590,-4988,
0.00500107,0.916016,-0.00585938,0.479492,-2.80762,55.3589,-4.5166,-5546,2593,-5009,
0.00499725,0.916016,-0.00585938,0.479492,-2.80762,55.3589,-4.5166,-5524,2596,-5029,
0.00500107,0.916016,-0.00585938,0.479492,-2.80762,55.3589,-4.5166,-5500,2599,-5052,
0.00500107,0.916016,-0.00585938,0.479492,-2.80762,55.3589,-4.5166,-5475,2599,-5074,
0.00499725,0.907715,-0.00585938,0.449219,-3.23486,76.8433,-4.63867,-5450,2602,-5102,
0.00500107,0.907715,-0.00585938,0.449219,-3.23486,76.8433,-4.63867,-5423,2604,-5134,
0.00500107,0.907715,-0.00585938,0.449219,-3.23486,76.8433,-4.63867,-5396,2606,-5163,
0.00500107,0.907715,-0.00585938,0.449219,-3.23486,76.8433,-4.63867,-5364,2611,-5192,
0.00499725,0.859375,-0.00439453,0.396484,-4.76074,82.3364,-11.5356,-5331,2612,-5224,
0.00500107,0.859375,-0.00439453,0.396484,-4.76074,82.3364,-11.5356,-5296,2613,-5253,
0.00500107,0.859375,-0.00439453,0.396484,-4.76074,82.3364,-11.5356,-5262,2614,-5281,
0.00500107,0.859375,-0.00439453,0.396484,-4.76074,82.3364,-11.5356,-5231,2613,-5312,
0.00499725,0.884766,-0.0161133,0.436035,-8.23975,68.1763,-10.7422,-5201,2614,-5344,
0.00500107,0.884766,-0.0161133,0.436035,-8.23975,68.1763,-10.7422,-5172,2614,-5376,
0.00500107,0.884766,-0.0161133,0.436035,-8.23975,68.1763,-10.7422,-5143,2617,-5409,
0.00499725,0.884766,-0.0161133,0.436035,-8.23975,68.1763,-10.7422,-5116,2620,-5438,
0.00500107,0.890625,-0.00292969,0.495117,-9.52148,52.002,-8.48389,-5087,2623,-5466,
0.00500107,0.890625,-0.00292969,0.495117,-9.52148,52.002,-8.48389,-5058,2629,-5489,
0.00500107,0.890625,-0.00292969,0.495117,-9.52148,52.002,-8.48389,-5029,2633,-5511,
0.00499725,0.890625,-0.00292969,0.495117,-9.52148,52.002,-8.48389,-4999,2637,-5533,
0.00500107,0.856934,-0.0078125,0.53125,-9.64355,49.4385,-6.7749,-4969,2641,-5550,
0.00500107,0.856934,-0.0078125,0.53125,-9.64355,49.4385,-6.7749,-4939,2643,-5571,
0.00499725,0.856934,-0.0078125,0.53125,-9.64355,49.4385,-6.7749,-4910,2646,-5590,
0.00500107,0.856934,-0.0078125,0.53125,-9.64355,49.4385,-6.7749,-4879,2649,-5609,
0.00500107,0.835938,-0.0151367,0.520996,-7.01904,52.5513,-4.27246,-4850,2653,-5627,
0.00500107,0.835938,-0.0151367,0.520996,-7.01904,52.5513,-4.27246,-4821,2657,-5644,
0.00499725,0.835938,-0.0151367,0.520996,-7.01904,52.5513,-4.27246,-4794,2661,-5664,
0.00500107,0.835938,-0.0151367,0.520996,-7.01904,52.5513,-4.27246,-4767,2664,-5687,
0.00500107,0.82666,-0.00341797,0.54541,-3.11279,52.124,-4.02832,-4740,2667,-5709,
0.00499725,0.82666,-0.00341797,0.54541,-3.11279,52.124,-4.02832,-4714,2672,-5733,
0.00500107,0.82666,-0.00341797,0.54541,-3.11279,52.124,-4.02832,-4689,2676,-5757,
0.00500107,0.82666,-0.00341797,0.54541,-3.11279,52.124,-4.02832,-4665,2677,-5780,
0.00500107,0.833496,-0.00292969,0.560547,-1.77002,49.9268,-6.83594,-4639,2680,-5803,
0.00499725,0.833496,-0.00292969,0.560547,-1.77002,49.9268,-6.83594,-4615,2681,-5824,
0.00500107,0.833496,-0.00292969,0.560547,-1.77002,49.9268,-6.83594,-4589,2683,-5842,
0.00500107,0.833496,-0.00292969,0.560547,-1.77002,49.9268,-6.83594,-4560,2683,-5861,
0.00500107,0.813477,0.000488281,0.580078,2.92969,57.5562,-7.69043,-4529,2683,-5877,
0.00499725,0.813477,0.000488281,0.580078,2.92969,57.5562,-7.69043,-4498,2683,-5893,
0.00500107,0.813477,0.000488281,0.580078,2.92969,57.5562,-7.69043,-4467,2683,-5914,
0.00500107,0.813477,0.000488281,0.580078,2.92969,57.5562,-7.69043,-4439,2684,-5934,
0.00499725,0.814941,0,0.601074,2.86865,53.1616,-6.34766,-4413,2683,-5956,
0.00500107,0.814941,0,0.601074,2.86865,53.1616,-6.34766,-4387,2681,-5980,
0.00500107,0.814941,0,0.601074,2.86865,53.1616,-6.34766,-4362,2678,-6003,
0.00500107,0.814941,0,0.601074,2.86865,53.1616,-6.34766,-4338,2676,-6025,
0.00499725,0.807617,-0.000488281,0.647949,-1.28174,41.8701,-3.35693,-4312,2675,-6049,
0.00500107,0.807617,-0.000488281,0.647949,-1.28174,41.8701,-3.35693,-4284,2677,-6072,
0.00500107,0.807617,-0.000488281,0.647949,-1.28174,41.8701,-3.35693,-4256,2678,-6093,
0.00499725,0.807617,-0.000488281,0.647949,-1.28174,41.8701,-3.35693,-4229,2678,-6115,
0.00500107,0.773926,-0.00488281,0.637695,0.854492,55.8472,-2.19727,-4201,2677,-6134,
0.00500107,0.773926,-0.00488281,0.637695,0.854492,55.8472,-2.19727,-4172,2677,-6152,
0.00500107,0.773926,-0.00488281,0.637695,0.854492,55.8472,-2.19727,-4142,2676,-6171,
0.00499725,0.773926,-0.00488281,0.637695,0.854492,55.8472,-2.19727,-4112,2675,-6190,
0.00500107,0.759766,-0.00537109,0.622559,8.72803,58.8989,-1.52588,-4083,2675,-6208,
0.00500107,0.759766,-0.00537109,0.622559,8.72803,58.8989,-1.52588,-4052,2672,-6226,
0.00499725,0.759766,-0.00537109,0.622559,8.72803,58.8989,-1.52588,-4022,2667,-6245,
0.00500107,0.759766,-0.00537109,0.622559,8.72803,58.8989,-1.52588,-3990,2662,-6263,
0.00500107,0.730469,0.00683594,0.6875,8.60596,77.4536,-2.31934,-3955,2658,-6280,
0.00500107,0.730469,0.00683594,0.6875,8.60596,77.4536,-2.31934,-3920,2656,-6301,
0.00499725,0.730469,0.00683594,0.6875,8.60596,77.4536,-2.31934,-3882,2655,-6321,
0.00500107,0.730469,0.00683594,0.6875,8.60596,77.4536,-2.31934,-3842,2654,-6345,
0.00500107,0.743652,0.0180664,0.682129,3.96729,89.8438,-4.02832,-3800,2654,-6368,
0.00500107,0.743652,0.0180664,0.682129,3.96729,89.8438,-4.02832,-3757,2653,-6388,
0.00499725,0.743652,0.0180664,0.682129,3.96729,89.8438,-4.02832,-3714,2651,-6408,
0.00500107,0.743652,0.0180664,0.682129,3.96729,89.8438,-4.02832,-3670,2648,-6431,
0.00500107,0.751465,0.0239258,0.696777,2.92969,82.5806,-4.5166,-3626,2646,-6457,
0.00499725,0.751465,0.0239258,0.696777,2.92969,82.5806,-4.5166,-3585,2644,-6483,
0.00500107,0.751465,0.0239258,0.696777,2.92969,82.5806,-4.5166,-3542,2641,-6510,
0.00500107,0.751465,0.0239258,0.696777,2.92969,82.5806,-4.5166,-3499,2637,-6537,
0.00500107,0.70459,0.0185547,0.717285,4.57764,62.3169,-3.96729,-3457,2634,-6562,
0.00499725,0.70459,0.0185547,0.717285,4.57764,62.3169,-3.96729,-3414,2629,-6587,
0.00500107,0.70459,0.0185547,0.717285,4.57764,62.3169,-3.96729,-3372,2625,-6608,
0.00500107,0.70459,0.0185547,0.717285,4.57764,62.3169,-3.96729,-3331,2621,-6627,
0.00499725,0.672363,0.012207,0.738281,3.35693,52.9175,-5.49316,-3292,2619,-6646,
0.00500107,0.672363,0.012207,0.738281,3.35693,52.9175,-5.49316,-3253,2616,-6665,
0.00500107,0.672363,0.012207,0.738281,3.35693,52.9175,-5.49316,-3214,2613,-6684,
0.00500107,0.672363,0.012207,0.738281,3.35693,52.9175,-5.49316,-3175,2612,-6705,
0.00499725,0.658203,0.012207,0.713379,5.31006,51.0864,-5.79834,-3138,2610,-6722,
0.00500107,0.658203,0.012207,0.713379,5.31006,51.0864,-5.79834,-3100,2609,-6738,
0.00500107,0.658203,0.012207,0.713379,5.31006,51.0864,-5.79834,-3065,2608,-6752,
0.00499725,0.658203,0.012207,0.713379,5.31006,51.0864,-5.79834,-3032,2605,-6763,
0.00500107,0.65918,0.019043,0.764648,7.50732,44.9829,-3.41797,-3000,2600,-6775,
0.00500107,0.65918,0.019043,0.764648,7.50732,44.9829,-3.41797,-2968,2594,-6786,
0.00500107,0.65918,0.019043,0.764648,7.50732,44.9829,-3.41797,-2936,2590,-6796,
0.00499725,0.65918,0.019043,0.764648,7.50732,44.9829,-3.41797,-2904,2586,-6808,
0.00500107,0.666016,0.0239258,0.785645,6.34766,54.1382,-1.83105,-2871,2584,-6822,
0.00500107,0.666016,0.0239258,0.785645,6.34766,54.1382,-1.83105,-2837,2581,-6836,
0.00500107,0.666016,0.0239258,0.785645,6.34766,54.1382,-1.83105,-2804,2576,-6853,
0.00499725,0.666016,0.0239258,0.785645,6.34766,54.1382,-1.83105,-2767,2571,-6869,
0.00500107,0.638672,0.0224609,0.790527,3.96729,65.6128,-1.77002,-2732,2565,-6881,
0.00500107,0.638672,0.0224609,0.790527,3.96729,65.6128,-1.77002,-2695,2561,-6892,
0.00499725,0.638672,0.0224609,0.790527,3.96729,65.6128,-1.77002,-2656,2556,-6901,
0.00500107,0.638672,0.0224609,0.790527,3.96729,65.6128,-1.77002,-2615,2552,-6911,
0.00500107,0.603516,0.0161133,0.763672,3.05176,60.4248,-1.40381,-2577,2548,-6926,
0.00500107,0.603516,0.0161133,0.763672,3.05176,60.4248,-1.40381,-2540,2544,-6941,
0.00499725,0.603516,0.0161133,0.763672,3.05176,60.4248,-1.40381,-2503,2540,-6956,
0.00500107,0.603516,0.0161133,0.763672,3.05176,60.4248,-1.40381,-2468,2537,-6973,
0.00500107,0.577148,0.0229492,0.813477,6.40869,55.2979,-0.793457,-2431,2532,-6985,
0.00499725,0.577148,0.0229492,0.813477,6.40869,55.2979,-0.793457,-2395,2529,-6998,
0.00500107,0.577148,0.0229492,0.813477,6.40869,55.2979,-0.793457,-2360,2524,-7008,
0.00500107,0.577148,0.0229492,0.813477,6.40869,55.2979,-0.793457,-2324,2519,-7018,
0.00500107,0.580078,0.0395508,0.852539,10.9863,62.3779,-0.0610352,-2287,2516,-7029,
0.00499725,0.580078,0.0395508,0.852539,10.9863,62.3779,-0.0610352,-2250,2512,-7040,
0.00500107,0.580078,0.0395508,0.852539,10.9863,62.3779,-0.0610352,-2212,2508,-7053,
0.00500107,0.580078,0.0395508,0.852539,10.9863,62.3779,-0.0610352,-2173,2504,-7068,
0.00499725,0.585449,0.0385742,0.843262,10.7422,60.3027,-0.305176,-2133,2497,-7085,
0.00500107,0.585449,0.0385742,0.843262,10.7422,60.3027,-0.305176,-2094,2493,-7100,
0.00500107,0.585449,0.0385742,0.843262,10.7422,60.3027,-0.305176,-2054,2489,-7112,
0.00500107,0.585449,0.0385742,0.843262,10.7422,60.3027,-0.305176,-2018,2484,-7124,
0.00499725,0.513672,0.0239258,0.783203,5.79834,56.2744,-0.366211,-1981,2480,-7136,
0.00500107,0.513672,0.0239258,0.783203,5.79834,56.2744,-0.366211,-1947,2475,-7147,
0.00500107,0.513672,0.0239258,0.783203,5.79834,56.2744,-0.366211,-1912,2471,-7159,
0.00500107,0.513672,0.0239258,0.783203,5.79834,56.2744,-0.366211,-1877,2466,-7171,
0.00499725,0.513184,0.0253906,0.785156,2.99072,37.6587,-0.915527,-1841,2461,-7182,
0.00500107,0.513184,0.0253906,0.785156,2.99072,37.6587,-0.915527,-1807,2456,-7194,
0.00500107,0.513184,0.0253906,0.785156,2.99072,37.6587,-0.915527,-1776,2451,-7206,
0.00499725,0.513184,0.0253906,0.785156,2.99072,37.6587,-0.915527,-1744,2447,-7215,
0.00500107,0.555664,0.0439453,0.884766,0.488281,21.6675,-3.35693,-1715,2444,-7223,
0.00500107,0.555664,0.0439453,0.884766,0.488281,21.6675,-3.35693,-1687,2441,-7231,
0.00500107,0.555664,0.0439453,0.884766,0.488281,21.6675,-3.35693,-1661,2439,-7237,
0.00499725,0.555664,0.0439453,0.884766,0.488281,21.6675,-3.35693,-1633,2437,-7242,
0.00500107,0.573242,0.0483398,0.884277,-1.52588,41.748,-2.99072,-1606,2433,-7247,
0.00500107,0.573242,0.0483398,0.884277,-1.52588,41.748,-2.99072,-1578,2430,-7251,
0.00499725,0.573242,0.0483398,0.884277,-1.52588,41.748,-2.99072,-1550,2427,-7256,
0.00500107,0.573242,0.0483398,0.884277,-1.52588,41.748,-2.99072,-1521,2423,-7262,
0.00500107,0.529297,0.0297852,0.807617,6.7749,69.8853,-2.19727,-1491,2418,-7267,
0.00500107,0.529297,0.0297852,0.807617,6.7749,69.8853,-2.19727,-1460,2414,-7272,
0.00499725,0.529297,0.0297852,0.807617,6.7749,69.8853,-2.19727,-1427,2409,-7277,
0.00500107,0.529297,0.0297852,0.807617,6.7749,69.8853,-2.19727,-1392,2403,-7282,
0.00500107,0.462402,0.0317383,0.812988,4.76074,57.0679,-0.610352,-1357,2398,-7289,
0.00499725,0.462402,0.0317383,0.812988,4.76074,57.0679,-0.610352,-1322,2394,-7298,
0.00500107,0.462402,0.0317383,0.812988,4.76074,57.0679,-0.610352,-1289,2391,-7305,
0.00500107,0.462402,0.0317383,0.812988,4.76074,57.0679,-0.610352,-1257,2388,-7311,
0.00500107,0.430664,0.0424805,0.900391,-0.610352,29.9683,1.40381,-1225,2386,-7317,
0.00499725,0.430664,0.0424805,0.900391,-0.610352,29.9683,1.40381,-1195,2383,-7319,
0.00500107,0.430664,0.0424805,0.900391,-0.610352,29.9683,1.40381,-1168,2381,-7322,
0.00500107,0.430664,0.0424805,0.900391,-0.610352,29.9683,1.40381,-1141,2380,-7322,
0.00500107,0.428711,0.0522461,0.949219,-6.28662,22.2168,-0.12207,-1114,2381,-7323,
0.00499725,0.428711,0.0522461,0.949219,-6.28662,22.2168,-0.12207,-1087,2381,-7327,
0.00500107,0.428711,0.0522461,0.949219,-6.28662,22.2168,-0.12207,-1060,2383,-7331,
0.00500107,0.428711,0.0522461,0.949219,-6.28662,22.2168,-0.12207,-1034,2384,-7338,
0.00499725,0.468262,0.0332031,0.888672,-9.52148,36.6211,-2.01416,-1008,2383,-7344,
0.00500107,0.468262,0.0332031,0.888672,-9.52148,36.6211,-2.01416,-983,2385,-7349,
0.00500107,0.468262,0.0332031,0.888672,-9.52148,36.6211,-2.01416,-959,2386,-7353,
0.00500107,0.468262,0.0332031,0.888672,-9.52148,36.6211,-2.01416,-935,2387,-7355,
0.00499725,0.450195,0.0258789,0.85498,-2.31934,46.1426,0.732422,-910,2388,-7357,
0.00500107,0.450195,0.0258789,0.85498,-2.31934,46.1426,0.732422,-884,2389,-7359,
0.00500107,0.450195,0.0258789,0.85498,-2.31934,46.1426,0.732422,-855,2390,-7361,
0.00499725,0.450195,0.0258789,0.85498,-2.31934,46.1426,0.732422,-825,2390,-7363,
0.00500107,0.413574,0.0288086,0.868652,4.94385,47.5464,2.74658,-797,2393,-7364,
0.00500107,0.413574,0.0288086,0.868652,4.94385,47.5464,2.74658,-768,2396,-7367,
0.00500107,0.413574,0.0288086,0.868652,4.94385,47.5464,2.74658,-740,2398,-7370,
0.00499725,0.413574,0.0288086,0.868652,4.94385,47.5464,2.74658,-711,2402,-7373,
0.00500107,0.41748,0.0512695,0.947266,6.04248,38.269,2.62451,-684,2404,-7377,
0.00500107,0.41748,0.0512695,0.947266,6.04248,38.269,2.62451,-656,2405,-7384,
0.00499725,0.41748,0.0512695,0.947266,6.04248,38.269,2.62451,-628,2405,-7388,
0.00500107,0.41748,0.0512695,0.947266,6.04248,38.269,2.62451,-600,2402,-7391,
0.00500107,0.388672,0.0737305,1.00586,1.28174,42.4194,-1.15967,-573,2399,-7395,
0.00500107,0.388672,0.0737305,1.00586,1.28174,42.4194,-1.15967,-545,2397,-7399,
0.00499725,0.388672,0.0737305,1.00586,1.28174,42.4194,-1.15967,-519,2393,-7405,
0.00500107,0.388672,0.0737305,1.00586,1.28174,42.4194,-1.15967,-490,2389,-7410,
0.00500107,0.33252,0.0546875,0.958008,-4.15039,51.7578,-5.67627,-460,2386,-7411,
0.00500107,0.33252,0.0546875,0.958008,-4.15039,51.7578,-5.67627,-431,2382,-7411,
0.00499725,0.33252,0.0546875,0.958008,-4.15039,51.7578,-5.67627,-402,2379,-7409,
0.00500107,0.33252,0.0546875,0.958008,-4.15039,51.7578,-5.67627,-372,2378,-7406,
0.00500107,0.319336,0.0317383,0.912598,0.549316,52.4292,-4.69971,-344,2377,-7406,
0.00499725,0.319336,0.0317383,0.912598,0.549316,52.4292,-4.69971,-314,2376,-7404,
0.00500107,0.319336,0.0317383,0.912598,0.549316,52.4292,-4.69971,-283,2377,-7405,
0.00500107,0.319336,0.0317383,0.912598,0.549316,52.4292,-4.69971,-251,2375,-7407,
0.00500107,0.36377,0.0385742,0.911621,6.95801,44.6777,-0.488281,-219,2372,-7411,
0.00499725,0.36377,0.0385742,0.911621,6.95801,44.6777,-0.488281,-188,2370,-7416,
0.00500107,0.36377,0.0385742,0.911621,6.95801,44.6777,-0.488281,-158,2368,-7419,
0.00500107,0.36377,0.0385742,0.911621,6.95801,44.6777,-0.488281,-131,2365,-7423,
0.00499725,0.349609,0.0483398,0.935059,6.34766,34.1187,0.671387,-101,2363,-7422,
0.00500107,0.349609,0.0483398,0.935059,6.34766,34.1187,0.671387,-73,2361,-7422,
0.00500107,0.349609,0.0483398,0.935059,6.34766,34.1187,0.671387,-43,2356,-7423,
0.00500107,0.349609,0.0483398,0.935059,6.34766,34.1187,0.671387,-12,2350,-7422,
0.00499725,0.331055,0.0507812,0.974609,2.68555,36.1938,-0.732422,18,2345,-7422,
0.00500107,0.331055,0.0507812,0.974609,2.68555,36.1938,-0.732422,49,2341,-7424,
0.00500107,0.331055,0.0507812,0.974609,2.68555,36.1938,-0.732422,81,2337,-7424,
0.00499725,0.331055,0.0507812,0.974609,2.68555,36.1938,-0.732422,110,2336,-7424,
0.00500107,0.299316,0.0454102,0.980957,-3.78418,40.7715,-1.58691,137,2334,-7424,
0.00500107,0.299316,0.0454102,0.980957,-3.78418,40.7715,-1.58691,163,2333,-7423,
0.00500107,0.299316,0.0454102,0.980957,-3.78418,40.7715,-1.58691,190,2330,-7417,
0.00499725,0.299316,0.0454102,0.980957,-3.78418,40.7715,-1.58691,217,2329,-7410,
0.00500107,0.282227,0.0444336,0.977051,-7.26318,55.9082,-3.96729,245,2330,-7404,
0.00500107,0.282227,0.0444336,0.977051,-7.26318,55.9082,-3.96729,275,2330,-7397,
0.00500107,0.282227,0.0444336,0.977051,-7.26318,55.9082,-3.96729,304,2331,-7392,
0.00499725,0.282227,0.0444336,0.977051,-7.26318,55.9082,-3.96729,333,2331,-7386,
0.00500107,0.234863,0.0327148,0.950684,-5.12695,57.6172,-3.05176,364,2330,-7381,
0.00500107,0.234863,0.0327148,0.950684,-5.12695,57.6172,-3.05176,395,2330,-7376,
0.00499725,0.234863,0.0327148,0.950684,-5.12695,57.6172,-3.05176,427,2329,-7372,
0.00500107,0.234863,0.0327148,0.950684,-5.12695,57.6172,-3.05176,461,2328,-7368,
0.00500107,0.272461,0.0400391,0.99707,-8.23975,40.2832,-0.305176,495,2328,-7363,
0.00500107,0.272461,0.0400391,0.99707,-8.23975,40.2832,-0.305176,526,2329,-7360,
0.00499725,0.272461,0.0400391,0.99707,-8.23975,40.2832,-0.305176,556,2332,-7354,
0.00500107,0.272461,0.0400391,0.99707,-8.23975,40.2832,-0.305176,583,2335,-7350,
0.00500107,0.282227,0.0263672,0.974609,-21.3013,18.7378,2.2583,608,2341,-7346,
0.00499725,0.282227,0.0263672,0.974609,-21.3013,18.7378,2.2583,634,2346,-7344,
0.00500107,0.282227,0.0263672,0.974609,-21.3013,18.7378,2.2583,657,2352,-7343,
0.00500107,0.282227,0.0263672,0.974609,-21.3013,18.7378,2.2583,679,2357,-7342,
0.00500107,0.279297,0.0126953,0.93457,-23.4375,31.4331,2.56348,702,2362,-7338,
0.00499725,0.279297,0.0126953,0.93457,-23.4375,31.4331,2.56348,726,2370,-7332,
0.00500107,0.279297,0.0126953,0.93457,-23.4375,31.4331,2.56348,753,2378,-7325,
0.00500107,0.279297,0.0126953,0.93457,-23.4375,31.4331,2.56348,783,2389,-7316,
0.00499725,0.237793,0.00830078,0.917969,-18.9819,71.9604,1.34277,816,2401,-7308,
0.00500107,0.237793,0.00830078,0.917969,-18.9819,71.9604,1.34277,852,2410,-7302,
0.00500107,0.237793,0.00830078,0.917969,-18.9819,71.9604,1.34277,887,2420,-7293,
0.00500107,0.237793,0.00830078,0.917969,-18.9819,71.9604,1.34277,920,2431,-7284,
0.00499725,0.19873,0.0117188,0.912109,-13.1836,58.3496,4.3335,953,2436,-7279,
0.00500107,0.19873,0.0117188,0.912109,-13.1836,58.3496,4.3335,985,2443,-7271,
0.00500107,0.19873,0.0117188,0.912109,-13.1836,58.3496,4.3335,1019,2449,-7266,
0.00500107,0.19873,0.0117188,0.912109,-13.1836,58.3496,4.3335,1054,2454,-7263,
0.00499725,0.147461,0.0112305,0.98877,-10.8032,36.0718,4.69971,1088,2461,-7258,
0.00500107,0.147461,0.0112305,0.98877,-10.8032,36.0718,4.69971,1121,2467,-7254,
0.00500107,0.147461,0.0112305,0.98877,-10.8032,36.0718,4.69971,1152,2473,-7249,
0.00499725,0.147461,0.0112305,0.98877,-10.8032,36.0718,4.69971,1181,2480,-7243,
0.00500107,0.148926,0.0161133,1.00488,-16.9067,33.8745,1.46484,1209,2487,-7238,
0.00500107,0.148926,0.0161133,1.00488,-16.9067,33.8745,1.46484,1236,2495,-7233,
0.00500107,0.148926,0.0161133,1.00488,-16.9067,33.8745,1.46484,1262,2506,-7228,
0.00499725,0.148926,0.0161133,1.00488,-16.9067,33.8745,1.46484,1287,2517,-7220,
0.00500107,0.151855,0.000976562,0.952637,-18.4326,42.0532,-2.44141,1311,2527,-7211,
0.00500107,0.151855,0.000976562,0.952637,-18.4326,42.0532,-2.44141,1335,2537,-7202,
0.00499725,0.151855,0.000976562,0.952637,-18.4326,42.0532,-2.44141,1363,2546,-7194,
0.00500107,0.151855,0.000976562,0.952637,-18.4326,42.0532,-2.44141,1393,2555,-7188,
0.00500107,0.140137,-0.00244141,0.967285,-10.3149,62.7441,-5.24902,1427,2564,-7181,
0.00500107,0.140137,-0.00244141,0.967285,-10.3149,62.7441,-5.24902,1462,2573,-7172,
0.00499725,0.140137,-0.00244141,0.967285,-10.3149,62.7441,-5.24902,1494,2580,-7164,
0.00500107,0.140137,-0.00244141,0.967285,-10.3149,62.7441,-5.24902,1525,2587,-7155,
0.00500107,0.140137,-0.00244141,0.967285,-9.52148,52.063,-5.43213,1556,2594,-7146,
0.00499725,0.117676,-0.0126953,0.969727,-9.52148,52.063,-5.43213,1587,2600,-7139,
0.00500107,0.117676,-0.0126953,0.969727,-9.52148,52.063,-5.43213,1615,2609,-7130,
0.00500107,0.117676,-0.0126953,0.969727,-9.52148,52.063,-5.43213,1642,2619,-7120,
0.00500107,0.117676,-0.0126953,0.969727,-9.52148,52.063,-5.43213,1667,2629,-7109,
0.00499725,0.106934,-0.00732422,1.00586,-11.9629,31.5552,-4.39453,1695,2640,-7101,
0.00500107,0.106934,-0.00732422,1.00586,-11.9629,31.5552,-4.39453,1725,2648,-7096,
0.00500107,0.106934,-0.00732422,1.00586,-11.9629,31.5552,-4.39453,1753,2653,-7092,
0.00500107,0.106934,-0.00732422,1.00586,-11.9629,31.5552,-4.39453,1783,2659,-7085,
0.00499725,0.0976562,-0.0136719,1.00098,-6.71387,31.8604,-4.94385,1809,2663,-7078,
0.00500107,0.0976562,-0.0136719,1.00098,-6.71387,31.8604,-4.94385,1835,2666,-7070,
0.00500107,0.0976562,-0.0136719,1.00098,-6.71387,31.8604,-4.94385,1859,2671,-7063,
0.00499725,0.0976562,-0.0136719,1.00098,-6.71387,31.8604,-4.94385,1883,2675,-7058,
0.00500107,0.0786133,-0.0185547,1.01855,-0.427246,31.189,-4.15039,1909,2680,-7055,
0.00500107,0.0786133,-0.0185547,1.01855,-0.427246,31.189,-4.15039,1932,2686,-7050,
0.00500107,0.0786133,-0.0185547,1.01855,-0.427246,31.189,-4.15039,1954,2693,-7043,
0.00499725,0.0786133,-0.0185547,1.01855,-0.427246,31.189,-4.15039,1976,2699,-7034,
0.00500107,0.0356445,-0.0175781,1.00781,-1.34277,37.3535,-4.69971,1998,2704,-7020,
0.00500107,0.0356445,-0.0175781,1.00781,-1.34277,37.3535,-4.69971,2021,2707,-7007,
0.00499725,0.0356445,-0.0175781,1.00781,-1.34277,37.3535,-4.69971,2045,2709,-6993,
0.00500107,0.0356445,-0.0175781,1.00781,-1.34277,37.3535,-4.69971,2069,2713,-6982,
0.00500107,0.0336914,-0.0273438,0.987793,-2.56348,36.8652,-4.39453,2092,2720,-6978,
0.00500107,0.0336914,-0.0273438,0.987793,-2.56348,36.8652,-4.39453,2115,2726,-6972,
0.00499725,0.0336914,-0.0273438,0.987793,-2.56348,36.8652,-4.39453,2137,2731,-6968,
0.00500107,0.0336914,-0.0273438,0.987793,-2.56348,36.8652,-4.39453,2160,2733,-6965,
0.00500107,0.0332031,-0.019043,1.03271,-2.86865,33.02,-3.17383,2182,2735,-6961,
0.00499725,0.0332031,-0.019043,1.03271,-2.86865,33.02,-3.17383,2203,2737,-6957,
0.00500107,0.0332031,-0.019043,1.03271,-2.86865,33.02,-3.17383,2224,2736,-6952,
0.00500107,0.0332031,-0.019043,1.03271,-2.86865,33.02,-3.17383,2245,2738,-6943,
0.00500107,0.0327148,-0.015625,1.00635,-2.62451,28.6865,-3.54004,2266,2738,-6933,
0.00499725,0.0327148,-0.015625,1.00635,-2.62451,28.6865,-3.54004,2287,2739,-6925,
0.00500107,0.0327148,-0.015625,1.00635,-2.62451,28.6865,-3.54004,2307,2740,-6920,
0.00500107,0.0327148,-0.015625,1.00635,-2.62451,28.6865,-3.54004,2325,2741,-6917,
0.00500107,-0.00195312,-0.0239258,0.994629,2.74658,25.1465,-1.15967,2343,2742,-6913,
0.00499725,-0.00195312,-0.0239258,0.994629,2.74658,25.1465,-1.15967,2360,2743,-6907,
0.00500107,-0.00195312,-0.0239258,0.994629,2.74658,25.1465,-1.15967,2377,2745,-6901,
0.00500107,-0.00195312,-0.0239258,0.994629,2.74658,25.1465,-1.15967,2394,2745,-6894,
0.00499725,-0.0136719,-0.0175781,1.04004,7.26318,25.6348,3.84521,2413,2746,-6883,
0.00500107,-0.0136719,-0.0175781,1.04004,7.26318,25.6348,3.84521,2433,2746,-6869,
0.00500107,-0.0136719,-0.0175781,1.04004,7.26318,25.6348,3.84521,2454,2744,-6856,
0.00500107,-0.0136719,-0.0175781,1.04004,7.26318,25.6348,3.84521,2473,2741,-6842,
0.00499725,-0.00634766,-0.0112305,1.02686,0,13.6108,5.98145,2490,2736,-6834,
0.00500107,-0.00634766,-0.0112305,1.02686,0,13.6108,5.98145,2504,2731,-6829,
0.00500107,-0.00634766,-0.0112305,1.02686,0,13.6108,5.98145,2517,2727,-6826,
0.00499725,-0.00634766,-0.0112305,1.02686,0,13.6108,5.98145,2530,2724,-6825,
0.00500107,-0.0263672,-0.0195312,0.997559,-0.305176,17.2119,4.02832,2544,2721,-6826,
0.00500107,-0.0263672,-0.0195312,0.997559,-0.305176,17.2119,4.02832,2560,2720,-6824,
0.00500107,-0.0263672,-0.0195312,0.997559,-0.305176,17.2119,4.02832,2577,2719,-6822,
0.00499725,-0.0263672,-0.0195312,0.997559,-0.305176,17.2119,4.02832,2592,2719,-6823,
0.00500107,-0.015625,-0.0195312,1.00977,1.15967,19.5312,2.0752,2606,2717,-6820,
0.00500107,-0.015625,-0.0195312,1.00977,1.15967,19.5312,2.0752,2618,2713,-6821,
0.00499725,-0.015625,-0.0195312,1.00977,1.15967,19.5312,2.0752,2629,2710,-6821,
0.00500107,-0.015625,-0.0195312,1.00977,1.15967,19.5312,2.0752,2641,2707,-6821,
0.00500107,0.00976562,-0.00927734,1.02051,6.40869,13.4277,3.17383,2650,2705,-6820,
0.00500107,0.00976562,-0.00927734,1.02051,6.40869,13.4277,3.17383,2660,2703,-6821,
0.00499725,0.00976562,-0.00927734,1.02051,6.40869,13.4277,3.17383,2667,2700,-6819,
0.00500107,0.00976562,-0.00927734,1.02051,6.40869,13.4277,3.17383,2674,2695,-6819,
0.00500107,0.00244141,-0.00732422,0.995117,8.8501,21.7896,4.02832,2682,2690,-6818,
0.00500107,0.00244141,-0.00732422,0.995117,8.8501,21.7896,4.02832,2692,2684,-6812,
0.00499725,0.00244141,-0.00732422,0.995117,8.8501,21.7896,4.02832,2702,2676,-6807,
0.00500107,0.00244141,-0.00732422,0.995117,8.8501,21.7896,4.02832,2713,2669,-6804,
0.00500107,-0.0454102,-0.0112305,0.990723,12.5732,11.4746,5.49316,2724,2661,-6803,
0.00499725,-0.0454102,-0.0112305,0.990723,12.5732,11.4746,5.49316,2737,2653,-6801,
0.00500107,-0.0454102,-0.0112305,0.990723,12.5732,11.4746,5.49316,2749,2644,-6798,
0.00500107,-0.0454102,-0.0112305,0.990723,12.5732,11.4746,5.49316,2760,2632,-6799,
0.00500107,-0.0507812,-0.0102539,0.994141,14.5264,-5.12695,3.84521,2768,2621,-6799,
0.00499725,-0.0507812,-0.0102539,0.994141,14.5264,-5.12695,3.84521,2776,2609,-6802,
0.00500107,-0.0507812,-0.0102539,0.994141,14.5264,-5.12695,3.84521,2781,2597,-6806,
0.00500107,-0.0507812,-0.0102539,0.994141,14.5264,-5.12695,3.84521,2785,2587,-6810,
0.00499725,-0.027832,0,0.995117,7.44629,3.23486,0.12207,2789,2577,-6813,
0.00500107,-0.027832,0,0.995117,7.44629,3.23486,0.12207,2792,2569,-6815,
0.00500107,-0.027832,0,0.995117,7.44629,3.23486,0.12207,2794,2561,-6817,
0.00500107,-0.027832,0,0.995117,7.44629,3.23486,0.12207,2801,2553,-6817,
0.00499725,0.00244141,0.000488281,0.981934,4.02832,6.89697,-2.92969,2807,2545,-6814,
0.00500107,0.00244141,0.000488281,0.981934,4.02832,6.89697,-2.92969,2813,2538,-6812,
0.00500107,0.00244141,0.000488281,0.981934,4.02832,6.89697,-2.92969,2818,2531,-6807,
0.00499725,0.00244141,0.000488281,0.981934,4.02832,6.89697,-2.92969,2820,2526,-6807,
0.00500107,-0.00488281,0.00976562,0.995605,5.98145,0.915527,-3.66211,2822,2522,-6804,
0.00500107,-0.00488281,0.00976562,0.995605,5.98145,0.915527,-3.66211,2825,2518,-6802,
0.00500107,-0.00488281,0.00976562,0.995605,5.98145,0.915527,-3.66211,2828,2512,-6800,
0.00499725,-0.00488281,0.00976562,0.995605,5.98145,0.915527,-3.66211,2832,2507,-6795,
0.00500107,-0.019043,0.00488281,0.991211,6.95801,9.46045,-4.39453,2836,2502,-6788,
0.00500107,-0.019043,0.00488281,0.991211,6.95801,9.46045,-4.39453,2840,2499,-6785,
0.00500107,-0.019043,0.00488281,0.991211,6.95801,9.46045,-4.39453,2845,2496,-6783,
0.00499725,-0.019043,0.00488281,0.991211,6.95801,9.46045,-4.39453,2847,2495,-6785,
0.00500107,-0.0688477,-0.00683594,0.972168,1.95312,1.2207,-3.84521,2848,2492,-6788,
0.00500107,-0.0688477,-0.00683594,0.972168,1.95312,1.2207,-3.84521,2849,2488,-6788,
0.00499725,-0.0688477,-0.00683594,0.972168,1.95312,1.2207,-3.84521,2850,2483,-6792,
0.00500107,-0.0688477,-0.00683594,0.972168,1.95312,1.2207,-3.84521,2850,2479,-6790,
0.00500107,-0.0488281,0.00830078,0.997559,-3.78418,-10.6201,-2.50244,2850,2477,-6790,
0.00500107,-0.0488281,0.00830078,0.997559,-3.78418,-10.6201,-2.50244,2850,2475,-6788,
0.00499725,-0.0488281,0.00830078,0.997559,-3.78418,-10.6201,-2.50244,2850,2473,-6787,
0.00500107,-0.0488281,0.00830078,0.997559,-3.78418,-10.6201,-2.50244,2849,2475,-6784,
0.00500107,0.00488281,0.0131836,0.984375,-7.8125,3.54004,-1.09863,2847,2477,-6784,
0.00499725,0.00488281,0.0131836,0.984375,-7.8125,3.54004,-1.09863,2846,2480,-6785,
0.00500107,0.00488281,0.0131836,0.984375,-7.8125,3.54004,-1.09863,2844,2484,-6783,
0.00500107,0.00488281,0.0131836,0.984375,-7.8125,3.54004,-1.09863,2842,2488,-6783,
0.00500107,-0.0229492,-0.00390625,0.976562,-9.94873,6.7749,-0.12207,2839,2491,-6783,
0.00499725,-0.0229492,-0.00390625,0.976562,-9.94873,6.7749,-0.12207,2839,2494,-6781,
0.00500107,-0.0229492,-0.00390625,0.976562,-9.94873,6.7749,-0.12207,2839,2497,-6780,
0.00500107,-0.0229492,-0.00390625,0.976562,-9.94873,6.7749,-0.12207,2841,2501,-6780,
0.00499725,-0.0351562,-0.012207,0.95752,-9.33838,2.44141,-0.610352,2842,2506,-6775,
0.00500107,-0.0351562,-0.012207,0.95752,-9.33838,2.44141,-0.610352,2845,2511,-6770,
0.00500107,-0.0351562,-0.012207,0.95752,-9.33838,2.44141,-0.610352,2847,2516,-6767,
0.00500107,-0.0351562,-0.012207,0.95752,-9.33838,2.44141,-0.610352,2850,2520,-6759,
0.00499725,-0.0380859,0,0.989746,-7.62939,-4.3335,-0.671387,2853,2523,-6758,
0.00500107,-0.0380859,0,0.989746,-7.62939,-4.3335,-0.671387,2854,2528,-6758,
0.00500107,-0.0380859,0,0.989746,-7.62939,-4.3335,-0.671387,2853,2533,-6759,
0.00500107,-0.0380859,0,0.989746,-7.62939,-4.3335,-0.671387,2851,2537,-6763,
0.00499725,-0.0224609,0.00927734,1.04541,-7.38525,-2.86865,-0.976562,2851,2540,-6770,
0.00500107,-0.0224609,0.00927734,1.04541,-7.38525,-2.86865,-0.976562,2850,2545,-6774,
0.00500107,-0.0224609,0.00927734,1.04541,-7.38525,-2.86865,-0.976562,2850,2550,-6776,
0.00499725,-0.0224609,0.00927734,1.04541,-7.38525,-2.86865,-0.976562,2850,2557,-6780,
0.00500107,-0.034668,-0.015625,1.00391,-5.67627,-7.08008,1.0376,2849,2563,-6779,
0.00500107,-0.034668,-0.015625,1.00391,-5.67627,-7.08008,1.0376,2847,2568,-6778,
0.00500107,-0.034668,-0.015625,1.00391,-5.67627,-7.08008,1.0376,2844,2575,-6778,
0.00499725,-0.034668,-0.015625,1.00391,-5.67627,-7.08008,1.0376,2839,2580,-6781,
0.00500107,-0.0498047,-0.015625,0.988281,-2.92969,-16.7847,3.54004,2835,2585,-6781,
0.00500107,-0.0498047,-0.015625,0.988281,-2.92969,-16.7847,3.54004,2831,2590,-6784,
0.00499725,-0.0498047,-0.015625,0.988281,-2.92969,-16.7847,3.54004,2826,2595,-6784,
0.00500107,-0.0498047,-0.015625,0.988281,-2.92969,-16.7847,3.54004,2825,2598,-6782,
0.00500107,-0.0244141,0.000488281,1.01367,-1.34277,-1.58691,2.86865,2824,2601,-6782,
0.00500107,-0.0244141,0.000488281,1.01367,-1.34277,-1.58691,2.86865,2823,2605,-6782,
0.00499725,-0.0244141,0.000488281,1.01367,-1.34277,-1.58691,2.86865,2823,2606,-6780,
0.00500107,-0.0244141,0.000488281,1.01367,-1.34277,-1.58691,2.86865,2823,2608,-6779,
0.00500107,-0.0341797,0.000976562,1.02979,0.549316,4.88281,1.09863,2822,2610,-6777,
0.00499725,-0.0341797,0.000976562,1.02979,0.549316,4.88281,1.09863,2822,2612,-6774,
0.00500107,-0.0341797,0.000976562,1.02979,0.549316,4.88281,1.09863,2823,2611,-6771,
0.00500107,-0.0341797,0.000976562,1.02979,0.549316,4.88281,1.09863,2822,2612,-6770,
0.00500107,0,-0.00488281,1.01123,3.78418,-2.19727,-0.183105,2823,2613,-6769,
0.00499725,0,-0.00488281,1.01123,3.78418,-2.19727,-0.183105,2822,2613,-6771,
0.00500107,0,-0.00488281,1.01123,3.78418,-2.19727,-0.183105,2820,2613,-6778,
0.00500107,0,-0.00488281,1.01123,3.78418,-2.19727,-0.183105,2817,2610,-6785,
0.00500107,-0.0102539,-0.0209961,0.991699,8.66699,-8.54492,1.34277,2814,2608,-6791,
0.00499725,-0.0102539,-0.0209961,0.991699,8.66699,-8.54492,1.34277,2811,2605,-6794,
0.00500107,-0.0102539,-0.0209961,0.991699,8.66699,-8.54492,1.34277,2809,2601,-6794,
0.00500107,-0.0102539,-0.0209961,0.991699,8.66699,-8.54492,1.34277,2806,2599,-6794,
0.00499725,-0.0351562,-0.0107422,1.00879,11.4136,-25.0854,2.74658,2799,2595,-6794,
0.00500107,-0.0351562,-0.0107422,1.00879,11.4136,-25.0854,2.74658,2792,2591,-6796,
0.00500107,-0.0351562,-0.0107422,1.00879,11.4136,-25.0854,2.74658,2779,2585,-6804,
0.00500107,-0.0351562,-0.0107422,1.00879,11.4136,-25.0854,2.74658,2765,2580,-6811,
0.00499725,-0.0131836,-0.00146484,1.00977,11.7188,-34.6069,3.96729,2750,2576,-6819,
0.00500107,-0.0131836,-0.00146484,1.00977,11.7188,-34.6069,3.96729,2734,2572,-6828,
0.00500107,-0.0131836,-0.00146484,1.00977,11.7188,-34.6069,3.96729,2721,2568,-6838,
0.00499725,-0.0131836,-0.00146484,1.00977,11.7188,-34.6069,3.96729,2708,2565,-6844,
0.00500107,-0.0136719,0.000976562,1.01172,11.9019,-21.6675,3.11279,2695,2561,-6851,
0.00500107,-0.0136719,0.000976562,1.01172,11.9019,-21.6675,3.11279,2682,2556,-6859,
0.00500107,-0.0136719,0.000976562,1.01172,11.9019,-21.6675,3.11279,2670,2549,-6867,
0.00499725,-0.0136719,0.000976562,1.01172,11.9019,-21.6675,3.11279,2656,2543,-6873,
0.00500107,0.0249023,-0.00488281,0.987793,8.97217,-23.6816,2.31934,2640,2536,-6878,
0.00500107,0.0249023,-0.00488281,0.987793,8.97217,-23.6816,2.31934,2624,2528,-6882,
0.00499725,0.0249023,-0.00488281,0.987793,8.97217,-23.6816,2.31934,2606,2523,-6880,
0.00500107,0.0249023,-0.00488281,0.987793,8.97217,-23.6816,2.31934,2589,2518,-6881,
0.00500107,0.0336914,-0.00439453,0.995117,3.41797,-31.189,3.2959,2575,2515,-6885,
0.00500107,0.0336914,-0.00439453,0.995117,3.41797,-31.189,3.2959,2562,2512,-6888,
0.00499725,0.0336914,-0.00439453,0.995117,3.41797,-31.189,3.2959,2549,2509,-6894,
0.00500107,0.0336914,-0.00439453,0.995117,3.41797,-31.189,3.2959,2538,2504,-6902,
0.00500107,0.0678711,0.00585938,1.04004,8.42285,-0.793457,-0.12207,2527,2500,-6907,
0.00500107,0.0678711,0.00585938,1.04004,8.42285,-0.793457,-0.12207,2518,2496,-6914,
0.00499725,0.0678711,0.00585938,1.04004,8.42285,-0.793457,-0.12207,2509,2492,-6920,
0.00500107,0.0678711,0.00585938,1.04004,8.42285,-0.793457,-0.12207,2500,2489,-6926,
0.00500107,0.0483398,0.00927734,1.00928,18.3716,-16.4185,2.01416,2489,2484,-6932,
0.00499725,0.0483398,0.00927734,1.00928,18.3716,-16.4185,2.01416,2479,2478,-6935,
0.00500107,0.0483398,0.00927734,1.00928,18.3716,-16.4185,2.01416,2467,2472,-6940,
0.00500107,0.0483398,0.00927734,1.00928,18.3716,-16.4185,2.01416,2456,2464,-6944,
0.00500107,0.0366211,0.019043,1.02051,21.8506,-22.0337,3.35693,2445,2454,-6946,
0.00499725,0.0366211,0.019043,1.02051,21.8506,-22.0337,3.35693,2434,2442,-6952,
0.00500107,0.0366211,0.019043,1.02051,21.8506,-22.0337,3.35693,2424,2429,-6954,
0.00500107,0.0366211,0.019043,1.02051,21.8506,-22.0337,3.35693,2417,2414,-6960,
0.00499725,0.0332031,0.0136719,0.987305,22.583,-9.8877,2.68555,2408,2398,-6968,
0.00500107,0.0332031,0.0136719,0.987305,22.583,-9.8877,2.68555,2401,2384,-6974,
0.00500107,0.0332031,0.0136719,0.987305,22.583,-9.8877,2.68555,2396,2369,-6979,
0.00500107,0.0332031,0.0136719,0.987305,22.583,-9.8877,2.68555,2390,2354,-6984,
0.00499725,0.0429688,0.0444336,1.021,24.1699,6.04248,2.44141,2385,2339,-6986,
0.00500107,0.0429688,0.0444336,1.021,24.1699,6.04248,2.44141,2383,2323,-6990,
0.00500107,0.0429688,0.0444336,1.021,24.1699,6.04248,2.44141,2382,2309,-6994,
0.00499725,0.0429688,0.0444336,1.021,24.1699,6.04248,2.44141,2382,2297,-6996,
0.00500107,0.0336914,0.0527344,0.993652,27.5269,26.6724,-0.183105,2386,2283,-6997,
0.00500107,0.0336914,0.0527344,0.993652,27.5269,26.6724,-0.183105,2388,2269,-6995,
0.00500107,0.0336914,0.0527344,0.993652,27.5269,26.6724,-0.183105,2391,2254,-6995,
0.00499725,0.0336914,0.0527344,0.993652,27.5269,26.6724,-0.183105,2394,2238,-6997,
0.00500107,0.0458984,0.0458984,0.983398,28.1372,13.1226,-1.0376,2395,2222,-6999,
0.00500107,0.0458984,0.0458984,0.983398,28.1372,13.1226,-1.0376,2397,2206,-7000,
0.00500107,0.0458984,0.0458984,0.983398,28.1372,13.1226,-1.0376,2400,2190,-6998,
0.00499725,0.0458984,0.0458984,0.983398,28.1372,13.1226,-1.0376,2403,2174,-6999,
0.00500107,0.0146484,0.0532227,0.964844,25.0854,-0.305176,1.89209,2405,2157,-7002,
0.00500107,0.0146484,0.0532227,0.964844,25.0854,-0.305176,1.89209,2408,2141,-7005,
0.00499725,0.0146484,0.0532227,0.964844,25.0854,-0.305176,1.89209,2409,2124,-7009,
0.00500107,0.0146484,0.0532227,0.964844,25.0854,-0.305176,1.89209,2410,2107,-7012,
0.00500107,0.0214844,0.0693359,0.97168,26.6113,-7.50732,4.45557,2411,2092,-7014,
0.00500107,0.0214844,0.0693359,0.97168,26.6113,-7.50732,4.45557,2411,2076,-7018,
0.00499725,0.0214844,0.0693359,0.97168,26.6113,-7.50732,4.45557,2411,2059,-7021,
0.00500107,0.0214844,0.0693359,0.97168,26.6113,-7.50732,4.45557,2409,2041,-7023,
0.00500107,0.0405273,0.0922852,0.978027,25.8179,-13.7329,5.06592,2408,2020,-7027,
0.00499725,0.0405273,0.0922852,0.978027,25.8179,-13.7329,5.06592,2405,2002,-7032,
0.00500107,0.0405273,0.0922852,0.978027,25.8179,-13.7329,5.06592,2400,1986,-7038,
0.00500107,0.0405273,0.0922852,0.978027,25.8179,-13.7329,5.06592,2395,1971,-7044,
0.00500107,0.027832,0.104004,1.01758,22.1558,-14.4043,2.92969,2389,1955,-7048,
0.00499725,0.027832,0.104004,1.01758,22.1558,-14.4043,2.92969,2384,1941,-7049,
0.00500107,0.027832,0.104004,1.01758,22.1558,-14.4043,2.92969,2380,1925,-7051,
0.00500107,0.027832,0.104004,1.01758,22.1558,-14.4043,2.92969,2377,1910,-7053,
0.00499725,0.0737305,0.116211,1.02832,19.4702,7.8125,-3.17383,2374,1896,-7052,
0.00500107,0.0737305,0.116211,1.02832,19.4702,7.8125,-3.17383,2371,1882,-7051,
0.00500107,0.0737305,0.116211,1.02832,19.4702,7.8125,-3.17383,2371,1868,-7047,
0.00500107,0.0737305,0.116211,1.02832,19.4702,7.8125,-3.17383,2374,1852,-7044,
0.00499725,0.046875,0.109375,0.966309,21.4233,28.0151,-6.16455,2378,1837,-7040,
0.00500107,0.046875,0.109375,0.966309,21.4233,28.0151,-6.16455,2386,1821,-7036,
0.00500107,0.046875,0.109375,0.966309,21.4233,28.0151,-6.16455,2395,1804,-7031,
0.00500107,0.046875,0.109375,0.966309,21.4233,28.0151,-6.16455,2402,1789,-7028,
0.00499725,0.0302734,0.122559,0.984863,22.7661,16.9067,-4.63867,2409,1772,-7024,
0.00500107,0.0302734,0.122559,0.984863,22.7661,16.9067,-4.63867,2415,1754,-7023,
0.00500107,0.0302734,0.122559,0.984863,22.7661,16.9067,-4.63867,2419,1738,-7024,
0.00499725,0.0302734,0.122559,0.984863,22.7661,16.9067,-4.63867,2425,1722,-7024,
0.00500107,0.0107422,0.137207,0.995605,19.4702,1.40381,-4.63867,2430,1705,-7025,
0.00500107,0.0107422,0.137207,0.995605,19.4702,1.40381,-4.63867,2435,1690,-7027,
0.00500107,0.0107422,0.137207,0.995605,19.4702,1.40381,-4.63867,2437,1675,-7031,
0.00499725,0.0107422,0.137207,0.995605,19.4702,1.40381,-4.63867,2436,1662,-7038,
0.00500107,-0.0200195,0.133301,0.995605,18.7988,-11.9019,0.12207,2436,1650,-7045,
0.00500107,-0.0200195,0.133301,0.995605,18.7988,-11.9019,0.12207,2431,1641,-7052,
0.00499725,-0.0200195,0.133301,0.995605,18.7988,-11.9019,0.12207,2427,1633,-7059,
0.00500107,-0.0200195,0.133301,0.995605,18.7988,-11.9019,0.12207,2422,1624,-7067,
0.00500107,0.0219727,0.143555,1.02051,21.2402,-10.498,3.05176,2416,1613,-7073,
0.00500107,0.0219727,0.143555,1.02051,21.2402,-10.498,3.05176,2412,1602,-7080,
0.00499725,0.0219727,0.143555,1.02051,21.2402,-10.498,3.05176,2408,1588,-7085,
0.00500107,0.0219727,0.143555,1.02051,21.2402,-10.498,3.05176,2403,1573,-7087,
0.00500107,0.0131836,0.144043,0.99707,22.0947,-11.2305,4.5166,2399,1558,-7089,
0.00499725,0.0131836,0.144043,0.99707,22.0947,-11.2305,4.5166,2395,1542,-7090,
0.00500107,0.0131836,0.144043,0.99707,22.0947,-11.2305,4.5166,2391,1526,-7088,
0.00500107,0.0131836,0.144043,0.99707,22.0947,-11.2305,4.5166,2389,1509,-7087,
0.00500107,0.0161133,0.163574,1.00977,23.1934,-10.8032,5.00488,2388,1493,-7087,
0.00499725,0.0161133,0.163574,1.00977,23.1934,-10.8032,5.00488,2386,1478,-7086,
0.00500107,0.0161133,0.163574,1.00977,23.1934,-10.8032,5.00488,2384,1463,-7090,
0.00500107,0.0161133,0.163574,1.00977,23.1934,-10.8032,5.00488,2380,1447,-7094,
0.00500107,0.0522461,0.171875,1.00928,21.3013,-6.22559,1.15967,2375,1431,-7101,
0.00499725,0.0522461,0.171875,1.00928,21.3013,-6.22559,1.15967,2371,1416,-7106,
0.00500107,0.0522461,0.171875,1.00928,21.3013,-6.22559,1.15967,2367,1401,-7108,
0.00500107,0.0522461,0.171875,1.00928,21.3013,-6.22559,1.15967,2365,1386,-7108,
0.00499725,0.0649414,0.158203,0.955566,19.4702,-5.85938,0.427246,2362,1370,-7109,
0.00500107,0.0649414,0.158203,0.955566,19.4702,-5.85938,0.427246,2358,1355,-7110,
0.00500107,0.0649414,0.158203,0.955566,19.4702,-5.85938,0.427246,2353,1342,-7113,
0.00500107,0.0649414,0.158203,0.955566,19.4702,-5.85938,0.427246,2348,1328,-7119,
0.00499725,0.0683594,0.17627,0.955078,24.353,-3.479,0.610352,2341,1312,-7122,
0.00500107,0.0683594,0.17627,0.955078,24.353,-3.479,0.610352,2336,1297,-7124,
0.00500107,0.0683594,0.17627,0.955078,24.353,-3.479,0.610352,2330,1282,-7128,
0.00499725,0.0683594,0.17627,0.955078,24.353,-3.479,0.610352,2325,1268,-7129,
0.00500107,0.0810547,0.206055,0.984863,29.48,-10.0098,-0.12207,2320,1253,-7133,
0.00500107,0.0810547,0.206055,0.984863,29.48,-10.0098,-0.12207,2312,1237,-7134,
0.00500107,0.0810547,0.206055,0.984863,29.48,-10.0098,-0.12207,2305,1220,-7137,
0.00499725,0.0810547,0.206055,0.984863,29.48,-10.0098,-0.12207,2298,1201,-7141,
0.00500107,0.0571289,0.215332,1.03809,28.7476,-7.8125,-4.76074,2292,1181,-7145,
0.00500107,0.0571289,0.215332,1.03809,28.7476,-7.8125,-4.76074,2289,1164,-7150,
0.00499725,0.0571289,0.215332,1.03809,28.7476,-7.8125,-4.76074,2287,1145,-7153,
0.00500107,0.0571289,0.215332,1.03809,28.7476,-7.8125,-4.76074,2285,1126,-7153,
0.00500107,0.0444336,0.1875,0.972656,28.3813,15.564,-7.20215,2285,1109,-7152,
0.00500107,0.0444336,0.1875,0.972656,28.3813,15.564,-7.20215,2284,1091,-7150,
0.00499725,0.0444336,0.1875,0.972656,28.3813,15.564,-7.20215,2285,1072,-7145,
0.00500107,0.0444336,0.1875,0.972656,28.3813,15.564,-7.20215,2288,1052,-7141,
0.00500107,0.0541992,0.187012,0.933594,29.9683,16.9678,-3.41797,2293,1034,-7138,
0.00500107,0.0541992,0.187012,0.933594,29.9683,16.9678,-3.41797,2298,1014,-7135,
0.00499725,0.0541992,0.187012,0.933594,29.9683,16.9678,-3.41797,2305,993,-7133,
0.00500107,0.0541992,0.187012,0.933594,29.9683,16.9678,-3.41797,2311,972,-7132,
0.00500107,0.0415039,0.228516,0.944824,33.6304,14.2822,-1.0376,2317,951,-7128,
0.00499725,0.0415039,0.228516,0.944824,33.6304,14.2822,-1.0376,2322,932,-7126,
0.00500107,0.0415039,0.228516,0.944824,33.6304,14.2822,-1.0376,2326,912,-7122,
0.00500107,0.0415039,0.228516,0.944824,33.6304,14.2822,-1.0376,2329,892,-7116,
0.00500107,-0.00927734,0.261719,0.981445,36.8042,15.4419,2.38037,2334,872,-7112,
0.00499725,-0.00927734,0.261719,0.981445,36.8042,15.4419,2.38037,2339,850,-7107,
0.00500107,-0.00927734,0.261719,0.981445,36.8042,15.4419,2.38037,2346,828,-7102,
0.00500107,-0.00927734,0.261719,0.981445,36.8042,15.4419,2.38037,2354,805,-7101,
0.00499725,0.00244141,0.26709,0.973145,32.0435,6.7749,1.2207,2359,784,-7098,
0.00500107,0.00244141,0.26709,0.973145,32.0435,6.7749,1.2207,2364,761,-7099,
0.00500107,0.00244141,0.26709,0.973145,32.0435,6.7749,1.2207,2366,740,-7099,
0.00500107,0.00244141,0.26709,0.973145,32.0435,6.7749,1.2207,2368,719,-7099,
0.00499725,0.065918,0.246094,0.933105,24.8413,0.244141,-1.52588,2373,698,-7100,
0.00500107,0.065918,0.246094,0.933105,24.8413,0.244141,-1.52588,2380,680,-7101,
0.00500107,0.065918,0.246094,0.933105,24.8413,0.244141,-1.52588,2387,660,-7100,
0.00499725,0.065918,0.246094,0.933105,24.8413,0.244141,-1.52588,2394,640,-7098,
0.00500107,0.0385742,0.243652,0.90625,29.7852,23.5596,-2.62451,2400,621,-7100,
0.00500107,0.0385742,0.243652,0.90625,29.7852,23.5596,-2.62451,2406,598,-7098,
0.00500107,0.0385742,0.243652,0.90625,29.7852,23.5596,-2.62451,2414,576,-7099,
0.00499725,0.0385742,0.243652,0.90625,29.7852,23.5596,-2.62451,2424,554,-7101,
0.00500107,0.0117188,0.280762,0.973145,30.3955,8.42285,3.60107,2433,534,-7101,
0.00500107,0.0117188,0.280762,0.973145,30.3955,8.42285,3.60107,2442,514,-7100,
0.00500107,0.0117188,0.280762,0.973145,30.3955,8.42285,3.60107,2449,497,-7098,
0.00499725,0.0117188,0.280762,0.973145,30.3955,8.42285,3.60107,2453,479,-7095,
0.00500107,-0.0263672,0.312988,0.99707,23.6206,-9.64355,7.20215,2456,458,-7091,
0.00500107,-0.0263672,0.312988,0.99707,23.6206,-9.64355,7.20215,2458,437,-7089,
0.00499725,-0.0263672,0.312988,0.99707,23.6206,-9.64355,7.20215,2458,416,-7087,
0.00500107,-0.0263672,0.312988,0.99707,23.6206,-9.64355,7.20215,2458,396,-7083,
0.00500107,-0.0263672,0.304688,0.967773,16.5405,-15.8081,4.57764,2457,379,-7080,
0.00500107,-0.0263672,0.304688,0.967773,16.5405,-15.8081,4.57764,2456,364,-7078,
0.00499725,-0.0263672,0.304688,0.967773,16.5405,-15.8081,4.57764,2455,350,-7075,
0.00500107,-0.0263672,0.304688,0.967773,16.5405,-15.8081,4.57764,2453,337,-7077,
0.00500107,0.100098,0.286621,0.902344,16.6626,-3.23486,-1.58691,2450,324,-7077,
0.00499725,0.100098,0.286621,0.902344,16.6626,-3.23486,-1.58691,2447,310,-7075,
0.00500107,0.100098,0.286621,0.902344,16.6626,-3.23486,-1.58691,2444,297,-7074,
0.00500107,0.100098,0.286621,0.902344,16.6626,-3.23486,-1.58691,2445,284,-7072,
0.00500107,0.0649414,0.285645,0.901855,26.7944,25.4517,-1.2207,2448,270,-7068,
0.00499725,0.0649414,0.285645,0.901855,26.7944,25.4517,-1.2207,2455,256,-7064,
0.00500107,0.0649414,0.285645,0.901855,26.7944,25.4517,-1.2207,2461,240,-7061,
0.00500107,0.0649414,0.285645,0.901855,26.7944,25.4517,-1.2207,2467,223,-7054,
0.00499725,-0.00634766,0.325684,0.990234,31.189,5.12695,8.30078,2470,203,-7052,
0.00500107,-0.00634766,0.325684,0.990234,31.189,5.12695,8.30078,2475,182,-7053,
0.00500107,-0.00634766,0.325684,0.990234,31.189,5.12695,8.30078,2478,160,-7056,
0.00500107,-0.00634766,0.325684,0.990234,31.189,5.12695,8.30078,2479,140,-7061,
0.00499725,-0.0395508,0.333008,0.970215,29.9683,-1.83105,11.2915,2480,119,-7063,
0.00500107,-0.0395508,0.333008,0.970215,29.9683,-1.83105,11.2915,2481,98,-7062,
0.00500107,-0.0395508,0.333008,0.970215,29.9683,-1.83105,11.2915,2481,76,-7061,
0.00500107,-0.0395508,0.333008,0.970215,29.9683,-1.83105,11.2915,2482,53,-7058,
0.00499725,0.000976562,0.322754,0.907227,28.1982,0.488281,8.48389,2483,31,-7058,
0.00500107,0.000976562,0.322754,0.907227,28.1982,0.488281,8.48389,2483,11,-7057,
0.00500107,0.000976562,0.322754,0.907227,28.1982,0.488281,8.48389,2483,-8,-7056,
0.00499725,0.000976562,0.322754,0.907227,28.1982,0.488281,8.48389,2484,-29,-7058,
0.00500107,0.0566406,0.336914,0.906738,32.3486,11.5967,5.67627,2484,-51,-7059,
0.00500107,0.0566406,0.336914,0.906738,32.3486,11.5967,5.67627,2486,-75,-7058,
0.00500107,0.0566406,0.336914,0.906738,32.3486,11.5967,5.67627,2490,-98,-7057,
0.00499725,0.0566406,0.336914,0.906738,32.3486,11.5967,5.67627,2496,-121,-7054,
0.00500107,0.0375977,0.373535,0.974121,33.6914,13.9771,5.00488,2502,-142,-7051,
0.00500107,0.0375977,0.373535,0.974121,33.6914,13.9771,5.00488,2506,-163,-7049,
0.00499725,0.0375977,0.373535,0.974121,33.6914,13.9771,5.00488,2510,-184,-7045,
0.00500107,0.0375977,0.373535,0.974121,33.6914,13.9771,5.00488,2512,-205,-7040,
0.00500107,0.0380859,0.384766,0.979004,31.5552,15.1367,1.46484,2515,-226,-7033,
0.00500107,0.0380859,0.384766,0.979004,31.5552,15.1367,1.46484,2520,-246,-7026,
0.00499725,0.0380859,0.384766,0.979004,31.5552,15.1367,1.46484,2526,-268,-7019,
0.00500107,0.0380859,0.384766,0.979004,31.5552,15.1367,1.46484,2533,-289,-7010,
0.00500107,0.0170898,0.380859,0.933594,25.7568,8.05664,-1.15967,2539,-311,-7005,
0.00499725,0.0170898,0.380859,0.933594,25.7568,8.05664,-1.15967,2546,-333,-7001,
0.00500107,0.0170898,0.380859,0.933594,25.7568,8.05664,-1.15967,2552,-354,-6994,
0.00500107,0.0170898,0.380859,0.933594,25.7568,8.05664,-1.15967,2558,-374,-6990,
0.00500107,-0.00878906,0.376953,0.904297,24.353,9.64355,-1.83105,2561,-393,-6985,
0.00499725,-0.00878906,0.376953,0.904297,24.353,9.64355,-1.83105,2567,-412,-6980,
0.00500107,-0.00878906,0.376953,0.904297,24.353,9.64355,-1.83105,2572,-432,-6973,
0.00500107,-0.00878906,0.376953,0.904297,24.353,9.64355,-1.83105,2577,-451,-6967,
0.00500107,0.00292969,0.395508,0.919922,28.4424,1.89209,0.427246,2585,-469,-6964,
0.00499725,0.00292969,0.395508,0.919922,28.4424,1.89209,0.427246,2592,-487,-6963,
0.00500107,0.00292969,0.395508,0.919922,28.4424,1.89209,0.427246,2599,-505,-6962,
0.00500107,0.00292969,0.395508,0.919922,28.4424,1.89209,0.427246,2606,-523,-6962,
0.00499725,0.000976562,0.435547,0.987305,30.0293,-2.92969,3.84521,2611,-541,-6960,
0.00500107,0.000976562,0.435547,0.987305,30.0293,-2.92969,3.84521,2613,-559,-6956,
0.00500107,0.000976562,0.435547,0.987305,30.0293,-2.92969,3.84521,2613,-577,-6951,
0.00500107,0.000976562,0.435547,0.987305,30.0293,-2.92969,3.84521,2612,-594,-6947,
0.00499725,-0.00488281,0.423828,0.943359,23.8037,3.96729,0.915527,2611,-611,-6944,
0.00500107,-0.00488281,0.423828,0.943359,23.8037,3.96729,0.915527,2613,-629,-6940,
0.00500107,-0.00488281,0.423828,0.943359,23.8037,3.96729,0.915527,2616,-648,-6935,
0.00499725,-0.00488281,0.423828,0.943359,23.8037,3.96729,0.915527,2621,-666,-6929,
0.00500107,-0.0439453,0.404297,0.865234,23.0103,5.06592,-0.854492,2624,-683,-6926,
0.00500107,-0.0439453,0.404297,0.865234,23.0103,5.06592,-0.854492,2627,-699,-6921,
0.00500107,-0.0439453,0.404297,0.865234,23.0103,5.06592,-0.854492,2629,-718,-6915,
0.00499725,-0.0439453,0.404297,0.865234,23.0103,5.06592,-0.854492,2632,-736,-6906,
0.00500107,0,0.442383,0.895508,30.3955,1.95312,3.84521,2634,-756,-6897,
0.00500107,0,0.442383,0.895508,30.3955,1.95312,3.84521,2637,-778,-6889,
0.00499725,0,0.442383,0.895508,30.3955,1.95312,3.84521,2639,-800,-6883,
0.00500107,0,0.442383,0.895508,30.3955,1.95312,3.84521,2639,-822,-6881,
0.00500107,0.00292969,0.459961,0.912598,33.0811,-12.2681,7.26318,2640,-845,-6881,
0.00500107,0.00292969,0.459961,0.912598,33.0811,-12.2681,7.26318,2640,-867,-6880,
0.00499725,0.00292969,0.459961,0.912598,33.0811,-12.2681,7.26318,2639,-890,-6881,
0.00500107,0.00292969,0.459961,0.912598,33.0811,-12.2681,7.26318,2635,-915,-6882,
0.00500107,-0.00585938,0.446289,0.876465,31.5552,-9.09424,6.34766,2631,-940,-6882,
0.00500107,-0.00585938,0.446289,0.876465,31.5552,-9.09424,6.34766,2625,-964,-6878,
0.00499725,-0.00585938,0.446289,0.876465,31.5552,-9.09424,6.34766,2619,-985,-6873,
0.00500107,-0.00585938,0.446289,0.876465,31.5552,-9.09424,6.34766,2614,-1004,-6864,
0.00500107,0.000488281,0.449219,0.837402,35.4004,3.11279,1.70898,2610,-1022,-6853,
0.00499725,0.000488281,0.449219,0.837402,35.4004,3.11279,1.70898,2608,-1042,-6845,
0.00500107,0.000488281,0.449219,0.837402,35.4004,3.11279,1.70898,2606,-1061,-6840,
0.00500107,0.000488281,0.449219,0.837402,35.4004,3.11279,1.70898,2605,-1082,-6829,
0.00500107,0.0112305,0.467285,0.852051,37.5366,5.85938,-0.0610352,2604,-1107,-6823,
0.00499725,0.0112305,0.467285,0.852051,37.5366,5.85938,-0.0610352,2603,-1131,-6819,
0.00500107,0.0112305,0.467285,0.852051,37.5366,5.85938,-0.0610352,2602,-1156,-6814,
0.00500107,0.0112305,0.467285,0.852051,37.5366,5.85938,-0.0610352,2601,-1180,-6811,
0.00499725,0.0419922,0.489746,0.879395,36.1328,-4.08936,4.27246,2599,-1204,-6805,
0.00500107,0.0419922,0.489746,0.879395,36.1328,-4.08936,4.27246,2596,-1228,-6794,
0.00500107,0.0419922,0.489746,0.879395,36.1328,-4.08936,4.27246,2591,-1254,-6781,
0.00500107,0.0419922,0.489746,0.879395,36.1328,-4.08936,4.27246,2586,-1279,-6770,
0.00499725,0.00439453,0.490723,0.847656,37.3535,1.28174,3.84521,2583,-1303,-6759,
0.00500107,0.00439453,0.490723,0.847656,37.3535,1.28174,3.84521,2584,-1329,-6750,
0.00500107,0.00439453,0.490723,0.847656,37.3535,1.28174,3.84521,2585,-1353,-6742,
0.00499725,0.00439453,0.490723,0.847656,37.3535,1.28174,3.84521,2586,-1379,-6736,
0.00500107,-0.050293,0.507812,0.879395,38.7573,10.1318,0.854492,2589,-1405,-6734,
0.00500107,-0.050293,0.507812,0.879395,38.7573,10.1318,0.854492,2589,-1432,-6730,
0.00500107,-0.050293,0.507812,0.879395,38.7573,10.1318,0.854492,2591,-1458,-6726,
0.00499725,-0.050293,0.507812,0.879395,38.7573,10.1318,0.854492,2596,-1484,-6721,
0.00500107,0.00244141,0.520996,0.873047,35.3394,20.6909,-5.12695,2600,-1510,-6716,
0.00500107,0.00244141,0.520996,0.873047,35.3394,20.6909,-5.12695,2603,-1536,-6709,
0.00500107,0.00244141,0.520996,0.873047,35.3394,20.6909,-5.12695,2610,-1561,-6704,
0.00499725,0.00244141,0.520996,0.873047,35.3394,20.6909,-5.12695,2617,-1584,-6700,
0.00500107,0.0942383,0.509277,0.794434,32.2266,32.4097,-7.01904,2624,-1606,-6694,
0.00500107,0.0942383,0.509277,0.794434,32.2266,32.4097,-7.01904,2635,-1628,-6685,
0.00499725,0.0942383,0.509277,0.794434,32.2266,32.4097,-7.01904,2648,-1649,-6673,
0.00500107,0.0942383,0.509277,0.794434,32.2266,32.4097,-7.01904,2661,-1673,-6659,
0.00500107,0.0161133,0.510254,0.772461,31.9824,22.0947,3.23486,2675,-1695,-6647,
0.00500107,0.0161133,0.510254,0.772461,31.9824,22.0947,3.23486,2685,-1716,-6638,
0.00499725,0.0161133,0.510254,0.772461,31.9824,22.0947,3.23486,2694,-1737,-6630,
0.00500107,0.0161133,0.510254,0.772461,31.9824,22.0947,3.23486,2701,-1756,-6622,
0.00500107,-0.0825195,0.575684,0.875488,30.9448,9.09424,9.70459,2711,-1778,-6614,
0.00499725,-0.0825195,0.575684,0.875488,30.9448,9.09424,9.70459,2722,-1800,-6601,
0.00500107,-0.0825195,0.575684,0.875488,30.9448,9.09424,9.70459,2732,-1823,-6589,
0.00500107,-0.0825195,0.575684,0.875488,30.9448,9.09424,9.70459,2744,-1847,-6578,
0.00500107,-0.0673828,0.584473,0.850098,30.7617,13.6719,5.61523,2753,-1872,-6567,
0.00499725,-0.0673828,0.584473,0.850098,30.7617,13.6719,5.61523,2763,-1897,-6556,
0.00500107,-0.0673828,0.584473,0.850098,30.7617,13.6719,5.61523,2772,-1920,-6545,
0.00500107,-0.0673828,0.584473,0.850098,30.7617,13.6719,5.61523,2780,-1942,-6535,
0.00499725,0.00146484,0.544434,0.791504,30.3955,8.72803,1.34277,2788,-1964,-6523,
0.00500107,0.00146484,0.544434,0.791504,30.3955,8.72803,1.34277,2793,-1986,-6510,
0.00500107,0.00146484,0.544434,0.791504,30.3955,8.72803,1.34277,2798,-2009,-6496,
0.00500107,0.00146484,0.544434,0.791504,30.3955,8.72803,1.34277,2801,-2030,-6484,
0.00499725,0.0253906,0.552734,0.785645,33.5083,4.76074,2.74658,2804,-2051,-6474,
0.00500107,0.0253906,0.552734,0.785645,33.5083,4.76074,2.74658,2808,-2072,-6465,
0.00500107,0.0253906,0.552734,0.785645,33.5083,4.76074,2.74658,2812,-2095,-6462,
0.00500107,0.0253906,0.552734,0.785645,33.5083,4.76074,2.74658,2816,-2119,-6459,
0.00499725,-0.0493164,0.586914,0.814453,36.7432,-5.67627,9.15527,2818,-2142,-6453,
0.00500107,-0.0493164,0.586914,0.814453,36.7432,-5.67627,9.15527,2819,-2166,-6446,
0.00500107,-0.0493164,0.586914,0.814453,36.7432,-5.67627,9.15527,2819,-2191,-6439,
0.00499725,-0.0493164,0.586914,0.814453,36.7432,-5.67627,9.15527,2821,-2217,-6432,
0.00500107,-0.0566406,0.614746,0.858398,36.1328,-16.4795,9.52148,2820,-2244,-6425,
0.00500107,-0.0566406,0.614746,0.858398,36.1328,-16.4795,9.52148,2818,-2269,-6423,
0.00500107,-0.0566406,0.614746,0.858398,36.1328,-16.4795,9.52148,2814,-2296,-6419,
0.00499725,-0.0566406,0.614746,0.858398,36.1328,-16.4795,9.52148,2807,-2319,-6415,
0.00500107,-0.0224609,0.605469,0.839355,29.1748,-11.6577,8.36182,2802,-2344,-6409,
0.00500107,-0.0224609,0.605469,0.839355,29.1748,-11.6577,8.36182,2799,-2367,-6402,
0.00499725,-0.0224609,0.605469,0.839355,29.1748,-11.6577,8.36182,2794,-2389,-6396,
0.00500107,-0.0224609,0.605469,0.839355,29.1748,-11.6577,8.36182,2790,-2411,-6388,
0.00500107,0.0273438,0.608887,0.799805,24.7192,-4.88281,7.93457,2785,-2431,-6383,
0.00500107,0.0273438,0.608887,0.799805,24.7192,-4.88281,7.93457,2778,-2449,-6376,
0.00499725,0.0273438,0.608887,0.799805,24.7192,-4.88281,7.93457,2772,-2467,-6370,
0.00500107,0.0273438,0.608887,0.799805,24.7192,-4.88281,7.93457,2766,-2486,-6365,
0.00500107,0.0527344,0.602051,0.756348,26.7334,2.19727,8.78906,2762,-2507,-6356,
0.00499725,0.0527344,0.602051,0.756348,26.7334,2.19727,8.78906,2757,-2529,-6351,
0.00500107,0.0527344,0.602051,0.756348,26.7334,2.19727,8.78906,2755,-2551,-6343,
0.00500107,0.0527344,0.602051,0.756348,26.7334,2.19727,8.78906,2752,-2573,-6335,
0.00500107,0,0.609863,0.760254,32.7759,-3.96729,12.9395,2749,-2595,-6325,
0.00499725,0,0.609863,0.760254,32.7759,-3.96729,12.9395,2745,-2615,-6317,
0.00500107,0,0.609863,0.760254,32.7759,-3.96729,12.9395,2739,-2637,-6309,
0.00500107,0,0.609863,0.760254,32.7759,-3.96729,12.9395,2733,-2659,-6302,
0.00500107,-0.0292969,0.649414,0.787598,30.8838,-6.71387,14.2822,2725,-2681,-6296,
0.00499725,-0.0292969,0.649414,0.787598,30.8838,-6.71387,14.2822,2717,-2703,-6288,
0.00500107,-0.0292969,0.649414,0.787598,30.8838,-6.71387,14.2822,2710,-2725,-6280,
0.00500107,-0.0292969,0.649414,0.787598,30.8838,-6.71387,14.2822,2704,-2745,-6274,
0.00499725,0.027832,0.657715,0.782715,24.292,-1.89209,9.8877,2699,-2764,-6265,
0.00500107,0.027832,0.657715,0.782715,24.292,-1.89209,9.8877,2695,-2785,-6262,
0.00500107,0.027832,0.657715,0.782715,24.292,-1.89209,9.8877,2691,-2804,-6256,
0.00500107,0.027832,0.657715,0.782715,24.292,-1.89209,9.8877,2688,-2825,-6252,
0.00499725,0.0576172,0.632812,0.739258,25.0244,1.0376,6.10352,2684,-2845,-6248,
0.00500107,0.0576172,0.632812,0.739258,25.0244,1.0376,6.10352,2679,-2866,-6242,
0.00500107,0.0576172,0.632812,0.739258,25.0244,1.0376,6.10352,2674,-2887,-6236,
0.00499725,0.0576172,0.632812,0.739258,25.0244,1.0376,6.10352,2668,-2908,-6225,
0.00500107,0.0454102,0.662109,0.754395,27.771,4.21143,0.854492,2663,-2928,-6217,
0.00500107,0.0454102,0.662109,0.754395,27.771,4.21143,0.854492,2659,-2946,-6210,
0.00500107,0.0454102,0.662109,0.754395,27.771,4.21143,0.854492,2658,-2965,-6202,
0.00499725,0.0454102,0.662109,0.754395,27.771,4.21143,0.854492,2658,-2982,-6189,
0.00500107,0.0273438,0.681152,0.762207,23.5596,15.1367,-3.54004,2662,-2999,-6174,
0.00500107,0.0273438,0.681152,0.762207,23.5596,15.1367,-3.54004,2665,-3016,-6159,
0.00499725,0.0273438,0.681152,0.762207,23.5596,15.1367,-3.54004,2669,-3032,-6145,
0.00500107,0.0273438,0.681152,0.762207,23.5596,15.1367,-3.54004,2672,-3048,-6134,
0.00500107,0.0214844,0.68457,0.742676,27.8931,10.376,-2.74658,2674,-3064,-6122,
0.00500107,0.0214844,0.68457,0.742676,27.8931,10.376,-2.74658,2676,-3079,-6112,
0.00499725,0.0214844,0.68457,0.742676,27.8931,10.376,-2.74658,2680,-3096,-6098,
0.00500107,0.0214844,0.68457,0.742676,27.8931,10.376,-2.74658,2683,-3112,-6089,
0.00500107,-0.0273438,0.646973,0.722168,32.0435,2.44141,-6.10352,2686,-3128,-6085,
0.00500107,-0.0273438,0.646973,0.722168,32.0435,2.44141,-6.10352,2689,-3143,-6078,
0.00499725,-0.0273438,0.646973,0.722168,32.0435,2.44141,-6.10352,2691,-3158,-6074,
0.00500107,-0.0273438,0.646973,0.722168,32.0435,2.44141,-6.10352,2695,-3174,-6068,
0.00500107,-0.027832,0.689941,0.707031,34.8511,15.3809,-6.46973,2698,-3191,-6054,
0.00499725,-0.027832,0.689941,0.707031,34.8511,15.3809,-6.46973,2701,-3211,-6042,
0.00500107,-0.027832,0.689941,0.707031,34.8511,15.3809,-6.46973,2706,-3231,-6028,
0.00500107,-0.027832,0.689941,0.707031,34.8511,15.3809,-6.46973,2711,-3249,-6014,
0.00500107,-0.0703125,0.704102,0.705566,37.5977,18.3716,-3.78418,2718,-3268,-5999,
0.00499725,-0.0703125,0.704102,0.705566,37.5977,18.3716,-3.78418,2728,-3287,-5987,
0.00500107,-0.0703125,0.704102,0.705566,37.5977,18.3716,-3.78418,2737,-3306,-5973,
0.00500107,-0.0703125,0.704102,0.705566,37.5977,18.3716,-3.78418,2745,-3325,-5960,
0.00499725,-0.0307617,0.737793,0.757324,36.7432,11.8408,2.80762,2752,-3344,-5944,
0.00500107,-0.0307617,0.737793,0.757324,36.7432,11.8408,2.80762,2758,-3364,-5928,
0.00500107,-0.0307617,0.737793,0.757324,36.7432,11.8408,2.80762,2764,-3384,-5913,
0.00500107,-0.0307617,0.737793,0.757324,36.7432,11.8408,2.80762,2773,-3404,-5896,
0.00499725,-0.0170898,0.722656,0.748047,37.4146,21.1792,2.38037,2781,-3423,-5879,
0.00500107,-0.0170898,0.722656,0.748047,37.4146,21.1792,2.38037,2790,-3446,-5860,
0.00500107,-0.0170898,0.722656,0.748047,37.4146,21.1792,2.38037,2798,-3471,-5842,
0.00499725,-0.0170898,0.722656,0.748047,37.4146,21.1792,2.38037,2807,-3495,-5824,
0.00500107,-0.00146484,0.706543,0.697266,38.0249,20.3247,2.44141,2816,-3521,-5809,
0.00500107,-0.00146484,0.706543,0.697266,38.0249,20.3247,2.44141,2825,-3545,-5794,
0.00500107,-0.00146484,0.706543,0.697266,38.0249,20.3247,2.44141,2834,-3570,-5778,
0.00499725,-0.00146484,0.706543,0.697266,38.0249,20.3247,2.44141,2842,-3595,-5763,
0.00500107,-0.0390625,0.71875,0.680664,38.8794,6.89697,5.24902,2849,-3619,-5748,
0.00500107,-0.0390625,0.71875,0.680664,38.8794,6.89697,5.24902,2855,-3642,-5734,
0.00500107,-0.0390625,0.71875,0.680664,38.8794,6.89697,5.24902,2860,-3663,-5716,
0.00499725,-0.0390625,0.71875,0.680664,38.8794,6.89697,5.24902,2864,-3685,-5695,
0.00500107,-0.0390625,0.71875,0.680664,40.2222,-0.671387,5.85938,2869,-3705,-5673,
0.00500107,-0.0371094,0.731445,0.655762,40.2222,-0.671387,5.85938,2872,-3727,-5651,
0.00499725,-0.0371094,0.731445,0.655762,40.2222,-0.671387,5.85938,2877,-3750,-5631,
0.00500107,-0.0371094,0.731445,0.655762,40.2222,-0.671387,5.85938,2881,-3774,-5612,
0.00500107,-0.0371094,0.731445,0.655762,40.2222,-0.671387,5.85938,2885,-3799,-5594,
0.00500107,-0.0151367,0.730957,0.636719,43.0908,1.83105,3.23486,2888,-3824,-5579,
0.00499725,-0.0151367,0.730957,0.636719,43.0908,1.83105,3.23486,2891,-3849,-5566,
0.00500107,-0.0151367,0.730957,0.636719,43.0908,1.83105,3.23486,2892,-3875,-5549,
0.00500107,-0.0151367,0.730957,0.636719,43.0908,1.83105,3.23486,2894,-3903,-5536,
0.00499725,-0.00683594,0.740234,0.624512,43.5791,4.15039,4.3335,2895,-3929,-5520,
0.00500107,-0.00683594,0.740234,0.624512,43.5791,4.15039,4.3335,2895,-3954,-5506,
0.00500107,-0.00683594,0.740234,0.624512,43.5791,4.15039,4.3335,2894,-3979,-5493,
0.00500107,-0.00683594,0.740234,0.624512,43.5791,4.15039,4.3335,2894,-4001,-5478,
0.00499725,-0.046875,0.756836,0.621094,40.2222,-4.39453,9.82666,2892,-4025,-5463,
0.00500107,-0.046875,0.756836,0.621094,40.2222,-4.39453,9.82666,2890,-4048,-5446,
0.00500107,-0.046875,0.756836,0.621094,40.2222,-4.39453,9.82666,2889,-4070,-5430,
0.00499725,-0.046875,0.756836,0.621094,40.2222,-4.39453,9.82666,2886,-4092,-5413,
0.00500107,-0.0185547,0.787109,0.611328,30.3345,-10.0708,8.30078,2882,-4115,-5398,
0.00500107,-0.0185547,0.787109,0.611328,30.3345,-10.0708,8.30078,2877,-4136,-5385,
0.00500107,-0.0185547,0.787109,0.611328,30.3345,-10.0708,8.30078,2871,-4157,-5372,
0.00499725,-0.0185547,0.787109,0.611328,30.3345,-10.0708,8.30078,2866,-4176,-5361,
0.00500107,0.00488281,0.79248,0.619629,22.7051,-5.61523,4.27246,2863,-4196,-5348,
0.00500107,0.00488281,0.79248,0.619629,22.7051,-5.61523,4.27246,2861,-4216,-5335,
0.00500107,0.00488281,0.79248,0.619629,22.7051,-5.61523,4.27246,2859,-4236,-5322,
0.00499725,0.00488281,0.79248,0.619629,22.7051,-5.61523,4.27246,2857,-4255,-5309,
0.00500107,0.00390625,0.777344,0.612305,22.522,4.88281,0.854492,2855,-4273,-5297,
0.00500107,0.00390625,0.777344,0.612305,22.522,4.88281,0.854492,2853,-4288,-5287,
0.00499725,0.00390625,0.777344,0.612305,22.522,4.88281,0.854492,2851,-4304,-5279,
0.00500107,0.00390625,0.777344,0.612305,22.522,4.88281,0.854492,2851,-4320,-5273,
0.00500107,-0.0185547,0.770508,0.570801,25.0854,5.37109,0.671387,2851,-4334,-5262,
0.00500107,-0.0185547,0.770508,0.570801,25.0854,5.37109,0.671387,2850,-4350,-5249,
0.00499725,-0.0185547,0.770508,0.570801,25.0854,5.37109,0.671387,2846,-4364,-5239,
0.00500107,-0.0185547,0.770508,0.570801,25.0854,5.37109,0.671387,2842,-4379,-5232,
0.00500107,-0.0419922,0.805664,0.589355,24.5972,-5.37109,2.68555,2838,-4393,-5228,
0.00499725,-0.0419922,0.805664,0.589355,24.5972,-5.37109,2.68555,2833,-4410,-5221,
0.00500107,-0.0419922,0.805664,0.589355,24.5972,-5.37109,2.68555,2831,-4428,-5211,
0.00500107,-0.0419922,0.805664,0.589355,24.5972,-5.37109,2.68555,2828,-4445,-5200,
0.00500107,-0.0366211,0.833496,0.614258,18.6768,-7.56836,0.854492,2824,-4459,-5188,
0.00499725,-0.0366211,0.833496,0.614258,18.6768,-7.56836,0.854492,2821,-4470,-5180,
0.00500107,-0.0366211,0.833496,0.614258,18.6768,-7.56836,0.854492,2817,-4479,-5173,
0.00500107,-0.0366211,0.833496,0.614258,18.6768,-7.56836,0.854492,2813,-4489,-5167,
0.00499725,0.00439453,0.820312,0.592285,13.855,0.244141,-1.52588,2812,-4499,-5159,
0.00500107,0.00439453,0.820312,0.592285,13.855,0.244141,-1.52588,2812,-4510,-5150,
0.00500107,0.00439453,0.820312,0.592285,13.855,0.244141,-1.52588,2813,-4519,-5143,
0.00500107,0.00439453,0.820312,0.592285,13.855,0.244141,-1.52588,2814,-4529,-5134,
0.00499725,0.0195312,0.793457,0.554199,14.0991,0.793457,-1.95312,2817,-4539,-5124,
0.00500107,0.0195312,0.793457,0.554199,14.0991,0.793457,-1.95312,2819,-4549,-5112,
0.00500107,0.0195312,0.793457,0.554199,14.0991,0.793457,-1.95312,2821,-4559,-5102,
0.00500107,0.0195312,0.793457,0.554199,14.0991,0.793457,-1.95312,2822,-4567,-5092,
0.00499725,-0.000488281,0.804199,0.558105,18.9209,-4.45557,-2.86865,2823,-4576,-5082,
0.00500107,-0.000488281,0.804199,0.558105,18.9209,-4.45557,-2.86865,2823,-4584,-5075,
0.00500107,-0.000488281,0.804199,0.558105,18.9209,-4.45557,-2.86865,2823,-4593,-5069,
0.00499725,-0.000488281,0.804199,0.558105,18.9209,-4.45557,-2.86865,2824,-4604,-5065,
0.00500107,-0.0429688,0.822266,0.55957,18.9209,4.3335,-2.56348,2825,-4612,-5061,
0.00500107,-0.0429688,0.822266,0.55957,18.9209,4.3335,-2.56348,2827,-4621,-5055,
0.00500107,-0.0429688,0.822266,0.55957,18.9209,4.3335,-2.56348,2829,-4630,-5045,
0.00499725,-0.0429688,0.822266,0.55957,18.9209,4.3335,-2.56348,2829,-4640,-5034,
0.00500107,-0.0371094,0.839355,0.58252,16.7847,3.35693,-1.15967,2829,-4649,-5022,
0.00500107,-0.0371094,0.839355,0.58252,16.7847,3.35693,-1.15967,2828,-4660,-5013,
0.00499725,-0.0371094,0.839355,0.58252,16.7847,3.35693,-1.15967,2826,-4670,-5007,
0.00500107,-0.0371094,0.839355,0.58252,16.7847,3.35693,-1.15967,2826,-4680,-4997,
0.00500107,-0.00830078,0.820801,0.571289,16.1743,0.732422,-0.0610352,2827,-4690,-4990,
0.00500107,-0.00830078,0.820801,0.571289,16.1743,0.732422,-0.0610352,2829,-4699,-4982,
0.00499725,-0.00830078,0.820801,0.571289,16.1743,0.732422,-0.0610352,2831,-4707,-4972,
0.00500107,-0.00830078,0.820801,0.571289,16.1743,0.732422,-0.0610352,2833,-4718,-4962,
0.00500107,0.0117188,0.806641,0.550293,29.7852,-6.46973,1.0376,2834,-4729,-4951,
0.00499725,0.0117188,0.806641,0.550293,29.7852,-6.46973,1.0376,2834,-4742,-4941,
0.00500107,0.0117188,0.806641,0.550293,29.7852,-6.46973,1.0376,2832,-4756,-4931,
0.00500107,0.0117188,0.806641,0.550293,29.7852,-6.46973,1.0376,2830,-4769,-4921,
0.00500107,0.0537109,0.859863,0.597168,22.3999,-23.3154,4.3335,2826,-4782,-4912,
0.00499725,0.0537109,0.859863,0.597168,22.3999,-23.3154,4.3335,2823,-4793,-4904,
0.00500107,0.0537109,0.859863,0.597168,22.3999,-23.3154,4.3335,2818,-4801,-4897,
0.00500107,0.0537109,0.859863,0.597168,22.3999,-23.3154,4.3335,2812,-4809,-4889,
0.00500107,-0.027832,0.843262,0.532715,11.6577,7.38525,4.21143,2809,-4818,-4885,
0.00499725,-0.027832,0.843262,0.532715,11.6577,7.38525,4.21143,2807,-4828,-4876,
0.00500107,-0.027832,0.843262,0.532715,11.6577,7.38525,4.21143,2807,-4838,-4870,
0.00500107,-0.027832,0.843262,0.532715,11.6577,7.38525,4.21143,2808,-4850,-4865,
0.00499725,-0.0200195,0.843262,0.530762,16.5405,8.72803,7.20215,2807,-4859,-4856,
0.00500107,-0.0200195,0.843262,0.530762,16.5405,8.72803,7.20215,2806,-4869,-4848,
0.00500107,-0.0200195,0.843262,0.530762,16.5405,8.72803,7.20215,2806,-4881,-4839,
0.00500107,-0.0200195,0.843262,0.530762,16.5405,8.72803,7.20215,2805,-4893,-4829,
0.00499725,-0.0151367,0.837402,0.505859,21.3013,0.732422,5.12695,2803,-4904,-4822,
0.00500107,-0.0151367,0.837402,0.505859,21.3013,0.732422,5.12695,2801,-4913,-4812,
0.00500107,-0.0151367,0.837402,0.505859,21.3013,0.732422,5.12695,2796,-4919,-4803,
0.00499725,-0.0151367,0.837402,0.505859,21.3013,0.732422,5.12695,2791,-4924,-4793,
0.00500107,0.00634766,0.84375,0.541016,18.8599,-1.58691,2.50244,2787,-4930,-4779,
0.00500107,0.00634766,0.84375,0.541016,18.8599,-1.58691,2.50244,2783,-4939,-4768,
0.00500107,0.00634766,0.84375,0.541016,18.8599,-1.58691,2.50244,2780,-4949,-4755,
0.00499725,0.00634766,0.84375,0.541016,18.8599,-1.58691,2.50244,2776,-4957,-4746,
0.00500107,0.0166016,0.844238,0.521484,15.564,-9.52148,6.28662,2771,-4966,-4739,
0.00500107,0.0166016,0.844238,0.521484,15.564,-9.52148,6.28662,2766,-4974,-4733,
0.00499725,0.0166016,0.844238,0.521484,15.564,-9.52148,6.28662,2762,-4981,-4729,
0.00500107,0.0166016,0.844238,0.521484,15.564,-9.52148,6.28662,2760,-4991,-4724,
0.00500107,0.00195312,0.837402,0.450684,26.9775,4.27246,8.05664,2758,-5000,-4719,
0.00500107,0.00195312,0.837402,0.450684,26.9775,4.27246,8.05664,2758,-5013,-4711,
0.00499725,0.00195312,0.837402,0.450684,26.9775,4.27246,8.05664,2756,-5027,-4700,
0.00500107,0.00195312,0.837402,0.450684,26.9775,4.27246,8.05664,2755,-5040,-4686,
0.00500107,-0.000976562,0.838867,0.439453,35.3394,-0.0610352,9.46045,2754,-5054,-4670,
0.00500107,-0.000976562,0.838867,0.439453,35.3394,-0.0610352,9.46045,2751,-5066,-4653,
0.00499725,-0.000976562,0.838867,0.439453,35.3394,-0.0610352,9.46045,2748,-5081,-4635,
0.00500107,-0.000976562,0.838867,0.439453,35.3394,-0.0610352,9.46045,2744,-5096,-4622,
0.00500107,-0.0136719,0.846191,0.441895,36.6821,-6.40869,9.64355,2738,-5112,-4606,
0.00499725,-0.0136719,0.846191,0.441895,36.6821,-6.40869,9.64355,2732,-5129,-4593,
0.00500107,-0.0136719,0.846191,0.441895,36.6821,-6.40869,9.64355,2728,-5147,-4582,
0.00500107,-0.0136719,0.846191,0.441895,36.6821,-6.40869,9.64355,2725,-5166,-4572,
0.00500107,0.0175781,0.877441,0.491211,37.9028,3.23486,5.61523,2723,-5185,-4562,
0.00499725,0.0175781,0.877441,0.491211,37.9028,3.23486,5.61523,2720,-5204,-4551,
0.00500107,0.0175781,0.877441,0.491211,37.9028,3.23486,5.61523,2716,-5222,-4540,
0.00500107,0.0175781,0.877441,0.491211,37.9028,3.23486,5.61523,2713,-5240,-4527,
0.00499725,0.0546875,0.895508,0.492676,33.4473,5.85938,1.70898,2709,-5257,-4512,
0.00500107,0.0546875,0.895508,0.492676,33.4473,5.85938,1.70898,2706,-5274,-4499,
0.00500107,0.0546875,0.895508,0.492676,33.4473,5.85938,1.70898,2705,-5291,-4484,
0.00500107,0.0546875,0.895508,0.492676,33.4473,5.85938,1.70898,2704,-5307,-4470,
0.00499725,0.0302734,0.889648,0.446289,31.4941,6.53076,-1.15967,2703,-5325,-4454,
0.00500107,0.0302734,0.889648,0.446289,31.4941,6.53076,-1.15967,2704,-5342,-4440,
0.00500107,0.0302734,0.889648,0.446289,31.4941,6.53076,-1.15967,2705,-5360,-4428,
0.00499725,0.0302734,0.889648,0.446289,31.4941,6.53076,-1.15967,2706,-5377,-4414,
0.00500107,-0.0341797,0.897461,0.453125,30.5176,-0.305176,-2.92969,2708,-5392,-4398,
0.00500107,-0.0341797,0.897461,0.453125,30.5176,-0.305176,-2.92969,2707,-5407,-4380,
0.00500107,-0.0341797,0.897461,0.453125,30.5176,-0.305176,-2.92969,2705,-5421,-4362,
0.00499725,-0.0341797,0.897461,0.453125,30.5176,-0.305176,-2.92969,2703,-5432,-4342,
0.00500107,-0.00146484,0.914062,0.479492,29.6631,3.23486,-4.27246,2701,-5444,-4324,
0.00500107,-0.00146484,0.914062,0.479492,29.6631,3.23486,-4.27246,2701,-5457,-4308,
0.00500107,-0.00146484,0.914062,0.479492,29.6631,3.23486,-4.27246,2703,-5470,-4289,
0.00499725,-0.00146484,0.914062,0.479492,29.6631,3.23486,-4.27246,2707,-5484,-4272,
0.00500107,0.0317383,0.900879,0.425781,29.0527,8.11768,-4.21143,2710,-5498,-4257,
0.00500107,0.0317383,0.900879,0.425781,29.0527,8.11768,-4.21143,2714,-5512,-4242,
0.00499725,0.0317383,0.900879,0.425781,29.0527,8.11768,-4.21143,2716,-5526,-4229,
0.00500107,0.0317383,0.900879,0.425781,29.0527,8.11768,-4.21143,2719,-5542,-4219,
0.00500107,0.0180664,0.893555,0.402344,28.3203,-3.23486,-1.70898,2721,-5558,-4209,
0.00500107,0.0180664,0.893555,0.402344,28.3203,-3.23486,-1.70898,2721,-5571,-4198,
0.00499725,0.0180664,0.893555,0.402344,28.3203,-3.23486,-1.70898,2720,-5585,-4183,
0.00500107,0.0180664,0.893555,0.402344,28.3203,-3.23486,-1.70898,2719,-5599,-4165,
0.00500107,-0.0175781,0.916016,0.428223,29.1748,-4.88281,-2.44141,2719,-5611,-4147,
0.00499725,-0.0175781,0.916016,0.428223,29.1748,-4.88281,-2.44141,2721,-5623,-4130,
0.00500107,-0.0175781,0.916016,0.428223,29.1748,-4.88281,-2.44141,2724,-5636,-4115,
0.00500107,-0.0175781,0.916016,0.428223,29.1748,-4.88281,-2.44141,2728,-5649,-4100,
0.00500107,-0.0239258,0.927734,0.422363,26.5503,-0.549316,-5.31006,2732,-5662,-4087,
0.00499725,-0.0239258,0.927734,0.422363,26.5503,-0.549316,-5.31006,2735,-5675,-4074,
0.00500107,-0.0239258,0.927734,0.422363,26.5503,-0.549316,-5.31006,2737,-5687,-4058,
0.00500107,-0.0239258,0.927734,0.422363,26.5503,-0.549316,-5.31006,2739,-5697,-4044,
0.00499725,0.0131836,0.937012,0.428223,21.3013,-1.34277,-4.63867,2740,-5708,-4027,
0.00500107,0.0131836,0.937012,0.428223,21.3013,-1.34277,-4.63867,2743,-5718,-4010,
0.00500107,0.0131836,0.937012,0.428223,21.3013,-1.34277,-4.63867,2745,-5728,-3996,
0.00500107,0.0131836,0.937012,0.428223,21.3013,-1.34277,-4.63867,2747,-5737,-3980,
0.00499725,0.0175781,0.908691,0.387207,23.0103,7.69043,-3.54004,2748,-5745,-3963,
0.00500107,0.0175781,0.908691,0.387207,23.0103,7.69043,-3.54004,2750,-5754,-3951,
0.00500107,0.0175781,0.908691,0.387207,23.0103,7.69043,-3.54004,2752,-5762,-3937,
0.00500107,0.0175781,0.908691,0.387207,23.0103,7.69043,-3.54004,2753,-5771,-3921,
0.00499725,-0.027832,0.89502,0.349121,23.1323,2.44141,1.70898,2754,-5780,-3905,
0.00500107,-0.027832,0.89502,0.349121,23.1323,2.44141,1.70898,2754,-5789,-3889,
0.00500107,-0.027832,0.89502,0.349121,23.1323,2.44141,1.70898,2753,-5798,-3872,
0.00499725,-0.027832,0.89502,0.349121,23.1323,2.44141,1.70898,2752,-5808,-3859,
0.00500107,-0.046875,0.924805,0.356445,17.0288,-3.35693,5.61523,2753,-5819,-3847,
0.00500107,-0.046875,0.924805,0.356445,17.0288,-3.35693,5.61523,2752,-5829,-3839,
0.00500107,-0.046875,0.924805,0.356445,17.0288,-3.35693,5.61523,2753,-5839,-3830,
0.00499725,-0.046875,0.924805,0.356445,17.0288,-3.35693,5.61523,2753,-5848,-3820,
0.00500107,-0.0307617,0.915039,0.325684,16.5405,-8.54492,7.56836,2752,-5857,-3812,
0.00500107,-0.0307617,0.915039,0.325684,16.5405,-8.54492,7.56836,2751,-5868,-3801,
0.00499725,-0.0307617,0.915039,0.325684,16.5405,-8.54492,7.56836,2748,-5880,-3790,
0.00500107,-0.0307617,0.915039,0.325684,16.5405,-8.54492,7.56836,2744,-5891,-3781,
0.00500107,0.00292969,0.91748,0.333496,23.1323,-8.05664,8.30078,2741,-5903,-3774,
0.00500107,0.00292969,0.91748,0.333496,23.1323,-8.05664,8.30078,2737,-5913,-3768,
0.00499725,0.00292969,0.91748,0.333496,23.1323,-8.05664,8.30078,2733,-5922,-3758,
0.00500107,0.00292969,0.91748,0.333496,23.1323,-8.05664,8.30078,2726,-5932,-3747,
0.00500107,0.0214844,0.894531,0.299316,29.0527,-7.69043,8.11768,2719,-5943,-3732,
0.00499725,0.0214844,0.894531,0.299316,29.0527,-7.69043,8.11768,2711,-5955,-3718,
0.00500107,0.0214844,0.894531,0.299316,29.0527,-7.69043,8.11768,2701,-5967,-3709,
0.00500107,0.0214844,0.894531,0.299316,29.0527,-7.69043,8.11768,2694,-5978,-3701,
0.00500107,-0.00244141,0.913086,0.305664,30.5786,-16.2964,10.5591,2686,-5990,-3696,
0.00499725,-0.00244141,0.913086,0.305664,30.5786,-16.2964,10.5591,2677,-6000,-3691,
0.00500107,-0.00244141,0.913086,0.305664,30.5786,-16.2964,10.5591,2668,-6012,-3686,
0.00500107,-0.00244141,0.913086,0.305664,30.5786,-16.2964,10.5591,2659,-6024,-3677,
0.00500107,-0.00488281,0.95459,0.349609,32.8369,-10.8032,7.93457,2650,-6036,-3667,
0.00499725,-0.00488281,0.95459,0.349609,32.8369,-10.8032,7.93457,2644,-6049,-3655,
0.00500107,-0.00488281,0.95459,0.349609,32.8369,-10.8032,7.93457,2640,-6062,-3644,
0.00500107,-0.00488281,0.95459,0.349609,32.8369,-10.8032,7.93457,2635,-6075,-3632,
0.00499725,0.00976562,0.947754,0.347168,30.7007,-15.564,6.22559,2628,-6088,-3625,
0.00500107,0.00976562,0.947754,0.347168,30.7007,-15.564,6.22559,2620,-6099,-3616,
0.00500107,0.00976562,0.947754,0.347168,30.7007,-15.564,6.22559,2611,-6111,-3607,
0.00500107,0.00976562,0.947754,0.347168,30.7007,-15.564,6.22559,2601,-6121,-3597,
0.00499725,0.0302734,0.941406,0.328125,31.25,-27.9541,6.46973,2592,-6134,-3587,
0.00500107,0.0302734,0.941406,0.328125,31.25,-27.9541,6.46973,2583,-6148,-3575,
0.005,0.0302734,0.941406,0.328125,31.25,-27.9541,6.46973,2574,-6161,-3561,
0.005,0.0302734,0.941406,0.328125,31.25,-27.9541,6.46973,2566,-6175,-3549,
0.005,0.0688477,0.969238,0.352051,30.4565,-36.0718,7.62939,2555,-6186,-3540,
0.005,0.0688477,0.969238,0.352051,30.4565,-36.0718,7.62939,2544,-6197,-3531,
0.005,0.0688477,0.969238,0.352051,30.4565,-36.0718,7.62939,2531,-6208,-3522,
0.005,0.0688477,0.969238,0.352051,30.4565,-36.0718,7.62939,2518,-6220,-3512,
0.005,0.0458984,0.980957,0.330078,27.8931,-21.4233,7.93457,2507,-6231,-3502,
0.005,0.0458984,0.980957,0.330078,27.8931,-21.4233,7.93457,2497,-6243,-3487,
0.005,0.0458984,0.980957,0.330078,27.8931,-21.4233,7.93457,2486,-6255,-3473,
0.005,0.0458984,0.980957,0.330078,27.8931,-21.4233,7.93457,2477,-6269,-3461,
0.005,0.0229492,0.964844,0.280273,35.2783,8.60596,8.17871,2471,-6283,-3450,
0.005,0.0229492,0.964844,0.280273,35.2783,8.60596,8.17871,2464,-6298,-3439,
0.005,0.0229492,0.964844,0.280273,35.2783,8.60596,8.17871,2460,-6312,-3422,
0.005,0.0229492,0.964844,0.280273,35.2783,8.60596,8.17871,2455,-6326,-3403,
0.005,0.0439453,0.940918,0.229492,40.3442,20.874,7.08008,2451,-6339,-3384,
0.005,0.0439453,0.940918,0.229492,40.3442,20.874,7.08008,2447,-6351,-3367,
0.005,0.0439453,0.940918,0.229492,40.3442,20.874,7.08008,2445,-6365,-3350,
0.005,0.0439453,0.940918,0.229492,40.3442,20.874,7.08008,2444,-6380,-3333,
0.005,0.081543,0.95459,0.224121,41.2598,17.0898,6.10352,2444,-6396,-3317,
0.005,0.081543,0.95459,0.224121,41.2598,17.0898,6.10352,2444,-6414,-3296,
0.005,0.081543,0.95459,0.224121,41.2598,17.0898,6.10352,2443,-6430,-3277,
0.005,0.081543,0.95459,0.224121,41.2598,17.0898,6.10352,2443,-6448,-3256,
0.005,0.0854492,0.985352,0.247559,32.959,1.2207,6.89697,2440,-6464,-3234,
0.005,0.0854492,0.985352,0.247559,32.959,1.2207,6.89697,2438,-6480,-3215,
0.005,0.0854492,0.985352,0.247559,32.959,1.2207,6.89697,2435,-6494,-3197,
0.005,0.0854492,0.985352,0.247559,32.959,1.2207,6.89697,2432,-6506,-3178,
0.00500001,0.0458984,0.969727,0.214844,28.8696,3.35693,4.02832,2427,-6518,-3157,
0.005,0.0458984,0.969727,0.214844,28.8696,3.35693,4.02832,2423,-6529,-3137,
0.005,0.0458984,0.969727,0.214844,28.8696,3.35693,4.02832,2420,-6540,-3120,
0.00500001,0.0458984,0.969727,0.214844,28.8696,3.35693,4.02832,2416,-6554,-3104,
0.005,0.0302734,0.958008,0.205566,26.062,-0.0610352,1.83105,2415,-6566,-3088,
0.005,0.0302734,0.958008,0.205566,26.062,-0.0610352,1.83105,2414,-6578,-3076,
0.00500001,0.0302734,0.958008,0.205566,26.062,-0.0610352,1.83105,2414,-6591,-3056,
0.005,0.0302734,0.958008,0.205566,26.062,-0.0610352,1.83105,2414,-6602,-3039,
0.005,0.0478516,0.969238,0.181152,24.6582,-0.671387,-0.0610352,2414,-6610,-3022,
0.00500001,0.0478516,0.969238,0.181152,24.6582,-0.671387,-0.0610352,2414,-6620,-3005,
0.005,0.0478516,0.969238,0.181152,24.6582,-0.671387,-0.0610352,2414,-6629,-2988,
0.005,0.0478516,0.969238,0.181152,24.6582,-0.671387,-0.0610352,2412,-6637,-2968,
0.005,0.0644531,0.964844,0.165527,25.4517,1.58691,0,2409,-6649,-2948,
0.00500001,0.0644531,0.964844,0.165527,25.4517,1.58691,0,2407,-6660,-2929,
0.005,0.0644531,0.964844,0.165527,25.4517,1.58691,0,2405,-6672,-2911,
0.005,0.0644531,0.964844,0.165527,25.4517,1.58691,0,2404,-6682,-2895,
0.00500001,0.0576172,0.987305,0.208984,17.395,-9.52148,-0.793457,2406,-6691,-2884,
0.005,0.0576172,0.987305,0.208984,17.395,-9.52148,-0.793457,2407,-6701,-2873,
0.005,0.0576172,0.987305,0.208984,17.395,-9.52148,-0.793457,2406,-6709,-2863,
0.00500001,0.0576172,0.987305,0.208984,17.395,-9.52148,-0.793457,2403,-6718,-2854,
0.005,0.0419922,0.985352,0.209473,10.376,-20.813,-0.610352,2400,-6727,-2845,
0.005,0.0419922,0.985352,0.209473,10.376,-20.813,-0.610352,2397,-6735,-2836,
0.00500001,0.0419922,0.985352,0.209473,10.376,-20.813,-0.610352,2394,-6742,-2828,
0.005,0.0419922,0.985352,0.209473,10.376,-20.813,-0.610352,2392,-6748,-2819,
0.005,0.0566406,0.981934,0.187012,12.5732,-3.41797,-4.15039,2389,-6752,-2809,
0.005,0.0566406,0.981934,0.187012,12.5732,-3.41797,-4.15039,2385,-6755,-2801,
0.005,0.0566406,0.981934,0.187012,12.5732,-3.41797,-4.15039,2381,-6757,-2791,
0.00500003,0.0566406,0.981934,0.187012,12.5732,-3.41797,-4.15039,2380,-6760,-2785,
0.005,0.0668945,0.95752,0.150879,16.1133,0.854492,-3.2959,2379,-6761,-2777,
0.005,0.0668945,0.95752,0.150879,16.1133,0.854492,-3.2959,2380,-6764,-2768,
0.005,0.0668945,0.95752,0.150879,16.1133,0.854492,-3.2959,2382,-6767,-2759,
0.005,0.0668945,0.95752,0.150879,16.1133,0.854492,-3.2959,2383,-6770,-2750,
0.005,0.0429688,0.970703,0.166016,17.395,0.366211,-2.92969,2386,-6776,-2741,
0.00500003,0.0429688,0.970703,0.166016,17.395,0.366211,-2.92969,2387,-6783,-2730,
0.005,0.0429688,0.970703,0.166016,17.395,0.366211,-2.92969,2390,-6791,-2718,
0.005,0.0429688,0.970703,0.166016,17.395,0.366211,-2.92969,2392,-6800,-2708,
0.005,-0.00341797,1.00146,0.208008,16.1133,-4.15039,-0.549316,2393,-6809,-2699,
0.005,-0.00341797,1.00146,0.208008,16.1133,-4.15039,-0.549316,2393,-6818,-2691,
0.005,-0.00341797,1.00146,0.208008,16.1133,-4.15039,-0.549316,2393,-6824,-2684,
0.00500003,-0.00341797,1.00146,0.208008,16.1133,-4.15039,-0.549316,2392,-6829,-2676,
0.005,0.00927734,0.959473,0.145996,16.3574,-9.0332,1.2207,2391,-6832,-2667,
0.005,0.00927734,0.959473,0.145996,16.3574,-9.0332,1.2207,2389,-6835,-2656,
0.005,0.00927734,0.959473,0.145996,16.3574,-9.0332,1.2207,2388,-6839,-2645,
0.005,0.00927734,0.959473,0.145996,16.3574,-9.0332,1.2207,2386,-6842,-2634,
0.005,0.0644531,0.935547,0.10791,23.1934,-5.85938,-0.793457,2385,-6846,-2623,
0.00500003,0.0644531,0.935547,0.10791,23.1934,-5.85938,-0.793457,2381,-6850,-2614,
0.005,0.0644531,0.935547,0.10791,23.1934,-5.85938,-0.793457,2378,-6858,-2603,
0.005,0.0644531,0.935547,0.10791,23.1934,-5.85938,-0.793457,2376,-6866,-2586,
0.005,0.0610352,0.962891,0.112793,28.1982,3.72314,-4.02832,2375,-6874,-2572,
0.005,0.0610352,0.962891,0.112793,28.1982,3.72314,-4.02832,2377,-6882,-2554,
0.005,0.0610352,0.962891,0.112793,28.1982,3.72314,-4.02832,2379,-6888,-2540,
0.005,0.0610352,0.962891,0.112793,28.1982,3.72314,-4.02832,2380,-6893,-2529,
0.00500003,0.0527344,0.989258,0.148926,25.6348,-0.671387,-3.11279,2383,-6899,-2518,
0.005,0.0527344,0.989258,0.148926,25.6348,-0.671387,-3.11279,2385,-6906,-2508,
0.005,0.0527344,0.989258,0.148926,25.6348,-0.671387,-3.11279,2386,-6913,-2501,
0.005,0.0527344,0.989258,0.148926,25.6348,-0.671387,-3.11279,2385,-6921,-2488,
0.005,0.0581055,0.998047,0.172363,23.3765,-6.65283,0.671387,2382,-6932,-2476,
0.005,0.0581055,0.998047,0.172363,23.3765,-6.65283,0.671387,2378,-6941,-2464,
0.00500003,0.0581055,0.998047,0.172363,23.3765,-6.65283,0.671387,2375,-6951,-2454,
0.005,0.0581055,0.998047,0.172363,23.3765,-6.65283,0.671387,2371,-6961,-2447,
0.005,0.0429688,1.02197,0.202148,18.3716,-17.0288,3.54004,2369,-6969,-2442,
0.005,0.0429688,1.02197,0.202148,18.3716,-17.0288,3.54004,2367,-6976,-2436,
0.005,0.0429688,1.02197,0.202148,18.3716,-17.0288,3.54004,2366,-6983,-2430,
0.005,0.0429688,1.02197,0.202148,18.3716,-17.0288,3.54004,2364,-6989,-2421,
0.00500003,0.0527344,0.983398,0.122559,12.6953,-14.9536,2.13623,2360,-6993,-2410,
0.005,0.0527344,0.983398,0.122559,12.6953,-14.9536,2.13623,2356,-6997,-2398,
0.005,0.0527344,0.983398,0.122559,12.6953,-14.9536,2.13623,2352,-7002,-2388,
0.005,0.0527344,0.983398,0.122559,12.6953,-14.9536,2.13623,2349,-7006,-2380,
0.005,0.0507812,0.980469,0.0634766,13.4277,-3.66211,-3.66211,2347,-7011,-2377,
0.005,0.0507812,0.980469,0.0634766,13.4277,-3.66211,-3.66211,2347,-7017,-2375,
0.00500003,0.0507812,0.980469,0.0634766,13.4277,-3.66211,-3.66211,2347,-7020,-2373,
0.005,0.0507812,0.980469,0.0634766,13.4277,-3.66211,-3.66211,2349,-7023,-2371,
0.005,0.0649414,0.987305,0.0581055,19.9585,2.01416,-2.0752,2350,-7026,-2364,
0.005,0.0649414,0.987305,0.0581055,19.9585,2.01416,-2.0752,2350,-7029,-2355,
0.005,0.0649414,0.987305,0.0581055,19.9585,2.01416,-2.0752,2351,-7035,-2346,
0.005,0.0649414,0.987305,0.0581055,19.9585,2.01416,-2.0752,2351,-7041,-2332,
0.005,0.0224609,1.00879,0.0795898,26.4893,6.53076,1.15967,2351,-7046,-2318,
0.005,0.0224609,1.00879,0.0795898,26.4893,6.53076,1.15967,2353,-7051,-2302,
0.005,0.0224609,1.00879,0.0795898,26.4893,6.53076,1.15967,2352,-7055,-2286,
0.005,0.0224609,1.00879,0.0795898,26.4893,6.53076,1.15967,2351,-7060,-2272,
0.00500005,0,1.00586,0.0966797,26.9775,2.68555,5.37109,2351,-7067,-2256,
0.005,0,1.00586,0.0966797,26.9775,2.68555,5.37109,2351,-7074,-2242,
0.005,0,1.00586,0.0966797,26.9775,2.68555,5.37109,2349,-7080,-2226,
0.005,0,1.00586,0.0966797,26.9775,2.68555,5.37109,2349,-7085,-2209,
0.005,0.0185547,0.994629,0.0615234,23.4985,-5.79834,3.96729,2348,-7092,-2194,
0.005,0.0185547,0.994629,0.0615234,23.4985,-5.79834,3.96729,2348,-7098,-2181,
0.005,0.0185547,0.994629,0.0615234,23.4985,-5.79834,3.96729,2347,-7105,-2166,
0.005,0.0185547,0.994629,0.0615234,23.4985,-5.79834,3.96729,2347,-7114,-2152,
0.005,0.0649414,0.98584,0.0405273,25.6348,-1.09863,-0.244141,2348,-7124,-2138,
0.005,0.0649414,0.98584,0.0405273,25.6348,-1.09863,-0.244141,2348,-7132,-2122,
0.005,0.0649414,0.98584,0.0405273,25.6348,-1.09863,-0.244141,2351,-7141,-2108,
0.005,0.0649414,0.98584,0.0405273,25.6348,-1.09863,-0.244141,2354,-7148,-2097,
0.00500005,0.0732422,0.98291,0.0219727,29.2969,3.54004,-1.95312,2356,-7155,-2083,
0.005,0.0732422,0.98291,0.0219727,29.2969,3.54004,-1.95312,2357,-7160,-2068,
0.005,0.0732422,0.98291,0.0219727,29.2969,3.54004,-1.95312,2357,-7167,-2056,
0.005,0.0732422,0.98291,0.0219727,29.2969,3.54004,-1.95312,2356,-7175,-2041,
0.005,0.0415039,0.998047,0.0673828,27.71,0.610352,-1.28174,2352,-7183,-2031,
0.005,0.0415039,0.998047,0.0673828,27.71,0.610352,-1.28174,2348,-7190,-2021,
0.005,0.0415039,0.998047,0.0673828,27.71,0.610352,-1.28174,2345,-7196,-2006,
0.005,0.0415039,0.998047,0.0673828,27.71,0.610352,-1.28174,2342,-7203,-1992,
0.005,0.0419922,1,0.0830078,26.3672,3.60107,-2.44141,2340,-7208,-1977,
0.005,0.0419922,1,0.0830078,26.3672,3.60107,-2.44141,2340,-7214,-1961,
0.005,0.0419922,1,0.0830078,26.3672,3.60107,-2.44141,2340,-7218,-1945,
0.005,0.0419922,1,0.0830078,26.3672,3.60107,-2.44141,2342,-7223,-1931,
0.005,0.0454102,0.986816,0.0244141,23.4375,0.976562,-2.80762,2343,-7229,-1919,
0.00500005,0.0454102,0.986816,0.0244141,23.4375,0.976562,-2.80762,2343,-7235,-1908,
0.005,0.0454102,0.986816,0.0244141,23.4375,0.976562,-2.80762,2343,-7242,-1898,
0.005,0.0454102,0.986816,0.0244141,23.4375,0.976562,-2.80762,2344,-7248,-1889,
0.005,0.0361328,0.988281,0.00195312,19.7754,2.56348,-1.83105,2346,-7255,-1879,
0.005,0.0361328,0.988281,0.00195312,19.7754,2.56348,-1.83105,2348,-7262,-1871,
0.005,0.0361328,0.988281,0.00195312,19.7754,2.56348,-1.83105,2350,-7270,-1863,
0.005,0.0361328,0.988281,0.00195312,19.7754,2.56348,-1.83105,2351,-7277,-1852,
0.005,0.0229492,1.00244,0.00732422,16.3574,-1.64795,2.56348,2351,-7285,-1841,
0.005,0.0229492,1.00244,0.00732422,16.3574,-1.64795,2.56348,2353,-7291,-1831,
0.005,0.0229492,1.00244,0.00732422,16.3574,-1.64795,2.56348,2354,-7298,-1820,
0.005,0.0229492,1.00244,0.00732422,16.3574,-1.64795,2.56348,2355,-7303,-1808,
0.005,0.0205078,1.00928,0.000488281,11.1694,-2.74658,4.57764,2359,-7309,-1794,
0.00500005,0.0205078,1.00928,0.000488281,11.1694,-2.74658,4.57764,2362,-7313,-1780,
0.005,0.0205078,1.00928,0.000488281,11.1694,-2.74658,4.57764,2363,-7318,-1765,
0.005,0.0205078,1.00928,0.000488281,11.1694,-2.74658,4.57764,2365,-7323,-1751,
0.005,0.0419922,1.02734,0.0126953,2.01416,-6.22559,5.18799,2365,-7328,-1742,
0.005,0.0419922,1.02734,0.0126953,2.01416,-6.22559,5.18799,2364,-7331,-1735,
0.005,0.0419922,1.02734,0.0126953,2.01416,-6.22559,5.18799,2362,-7334,-1732,
0.005,0.0419922,1.02734,0.0126953,2.01416,-6.22559,5.18799,2358,-7335,-1732,
0.005,0.0678711,1.03125,0.000976562,-10.2539,-5.98145,3.60107,2354,-7338,-1731,
0.005,0.0678711,1.03125,0.000976562,-10.2539,-5.98145,3.60107,2349,-7342,-1731,
0.005,0.0678711,1.03125,0.000976562,-10.2539,-5.98145,3.60107,2345,-7346,-1733,
0.005,0.0678711,1.03125,0.000976562,-10.2539,-5.98145,3.60107,2341,-7351,-1732,
0.005,0.09375,1.03174,-0.0078125,-20.4468,0.793457,0.793457,2336,-7355,-1735,
0.005,0.09375,1.03174,-0.0078125,-20.4468,0.793457,0.793457,2333,-7356,-1738,
0.00500005,0.09375,1.03174,-0.0078125,-20.4468,0.793457,0.793457,2330,-7355,-1743,
0.005,0.09375,1.03174,-0.0078125,-20.4468,0.793457,0.793457,2329,-7355,-1752,
0.005,0.0932617,1.03271,0.0249023,-29.6631,5.7373,-1.09863,2331,-7355,-1758,
0.005,0.0932617,1.03271,0.0249023,-29.6631,5.7373,-1.09863,2332,-7354,-1770,
0.005,0.0932617,1.03271,0.0249023,-29.6631,5.7373,-1.09863,2331,-7351,-1778,
0.005,0.0932617,1.03271,0.0249023,-29.6631,5.7373,-1.09863,2331,-7348,-1785,
0.005,0.0454102,1.01221,0.0332031,-38.0859,7.56836,-0.976562,2331,-7344,-1795,
0.005,0.0454102,1.01221,0.0332031,-38.0859,7.56836,-0.976562,2329,-7340,-1807,
0.005,0.0454102,1.01221,0.0332031,-38.0859,7.56836,-0.976562,2328,-7335,-1824,
0.005,0.0454102,1.01221,0.0332031,-38.0859,7.56836,-0.976562,2327,-7330,-1838,
0.005,0.0512695,1.00684,0.0327148,-46.0815,8.60596,-0.976562,2327,-7322,-1853,
0.005,0.0512695,1.00684,0.0327148,-46.0815,8.60596,-0.976562,2329,-7314,-1867,
0.00500005,0.0512695,1.00684,0.0327148,-46.0815,8.60596,-0.976562,2331,-7304,-1884,
0.005,0.0512695,1.00684,0.0327148,-46.0815,8.60596,-0.976562,2332,-7293,-1906,
0.005,0.0478516,0.991211,0.0322266,-52.5513,7.20215,0.915527,2331,-7281,-1929,
0.005,0.0478516,0.991211,0.0322266,-52.5513,7.20215,0.915527,2329,-7271,-1955,
0.005,0.0478516,0.991211,0.0322266,-52.5513,7.20215,0.915527,2327,-7258,-1979,
0.005,0.0478516,0.991211,0.0322266,-52.5513,7.20215,0.915527,2326,-7245,-2003,
0.005,0.0507812,1.02197,0.133301,-53.5889,-2.68555,6.28662,2324,-7231,-2027,
0.005,0.0507812,1.02197,0.133301,-53.5889,-2.68555,6.28662,2323,-7217,-2047,
0.005,0.0507812,1.02197,0.133301,-53.5889,-2.68555,6.28662,2321,-7204,-2068,
0.005,0.0507812,1.02197,0.133301,-53.5889,-2.68555,6.28662,2319,-7191,-2089,
0.005,0.0664062,1.02441,0.17627,-60.3638,-0.0610352,4.88281,2318,-7178,-2112,
0.005,0.0664062,1.02441,0.17627,-60.3638,-0.0610352,4.88281,2317,-7166,-2137,
0.005,0.0664062,1.02441,0.17627,-60.3638,-0.0610352,4.88281,2318,-7153,-2161,
0.00500005,0.0664062,1.02441,0.17627,-60.3638,-0.0610352,4.88281,2317,-7139,-2191,
0.005,0.0756836,0.968262,0.103516,-65.1855,6.53076,-1.77002,2318,-7125,-2221,
0.005,0.0756836,0.968262,0.103516,-65.1855,6.53076,-1.77002,2317,-7108,-2252,
0.005,0.0756836,0.968262,0.103516,-65.1855,6.53076,-1.77002,2317,-7091,-2281,
0.005,0.0756836,0.968262,0.103516,-65.1855,6.53076,-1.77002,2317,-7073,-2309,
0.005,0.0249023,0.947754,0.127441,-67.0776,-9.82666,-2.01416,2317,-7053,-2337,
0.005,0.0249023,0.947754,0.127441,-67.0776,-9.82666,-2.01416,2316,-7034,-2368,
0.005,0.0249023,0.947754,0.127441,-67.0776,-9.82666,-2.01416,2315,-7014,-2401,
0.005,0.0249023,0.947754,0.127441,-67.0776,-9.82666,-2.01416,2314,-6995,-2433,
0.005,0.0439453,0.987305,0.174805,-67.0776,-22.7051,5.49316,2312,-6977,-2465,
0.005,0.0439453,0.987305,0.174805,-67.0776,-22.7051,5.49316,2311,-6961,-2498,
0.005,0.0439453,0.987305,0.174805,-67.0776,-22.7051,5.49316,2308,-6944,-2531,
0.00500005,0.0439453,0.987305,0.174805,-67.0776,-22.7051,5.49316,2305,-6927,-2567,
0.005,0.0380859,0.984863,0.214844,-64.8804,-3.78418,5.06592,2301,-6909,-2602,
0.005,0.0380859,0.984863,0.214844,-64.8804,-3.78418,5.06592,2298,-6890,-2636,
0.005,0.0380859,0.984863,0.214844,-64.8804,-3.78418,5.06592,2295,-6869,-2672,
0.005,0.0380859,0.984863,0.214844,-64.8804,-3.78418,5.06592,2292,-6847,-2710,
0.005,0.0380859,0.938965,0.167969,-64.27,4.08936,2.0752,2290,-6827,-2745,
0.005,0.0380859,0.938965,0.167969,-64.27,4.08936,2.0752,2288,-6807,-2785,
0.005,0.0380859,0.938965,0.167969,-64.27,4.08936,2.0752,2284,-6787,-2826,
0.005,0.0380859,0.938965,0.167969,-64.27,4.08936,2.0752,2282,-6769,-2867,
0.005,0.000976562,0.902832,0.14502,-54.8096,-5.61523,2.68555,2280,-6751,-2907,
0.005,0.000976562,0.902832,0.14502,-54.8096,-5.61523,2.68555,2279,-6734,-2944,
0.005,0.000976562,0.902832,0.14502,-54.8096,-5.61523,2.68555,2277,-6715,-2979,
0.005,0.000976562,0.902832,0.14502,-54.8096,-5.61523,2.68555,2273,-6696,-3014,
0.005,0.0458984,0.93457,0.206543,-46.2646,-11.2915,1.89209,2269,-6678,-3048,
0.005,0.0458984,0.93457,0.206543,-46.2646,-11.2915,1.89209,2267,-6660,-3081,
0.005,0.0458984,0.93457,0.206543,-46.2646,-11.2915,1.89209,2263,-6643,-3112,
0.005,0.0458984,0.93457,0.206543,-46.2646,-11.2915,1.89209,2259,-6626,-3141,
0.005,0.0449219,0.956543,0.294434,-39.978,-12.6343,3.96729,2253,-6608,-3173,
0.005,0.0449219,0.956543,0.294434,-39.978,-12.6343,3.96729,2246,-6589,-3203,
0.00500011,0.0449219,0.956543,0.294434,-39.978,-12.6343,3.96729,2237,-6570,-3234,
0.005,0.0449219,0.956543,0.294434,-39.978,-12.6343,3.96729,2229,-6554,-3265,
0.005,0.0375977,0.963379,0.352051,-36.0107,-1.0376,1.95312,2223,-6539,-3295,
0.005,0.0375977,0.963379,0.352051,-36.0107,-1.0376,1.95312,2216,-6524,-3325,
0.005,0.0375977,0.963379,0.352051,-36.0107,-1.0376,1.95312,2210,-6510,-3351,
0.005,0.0375977,0.963379,0.352051,-36.0107,-1.0376,1.95312,2205,-6494,-3377,
0.005,0.0786133,0.936035,0.305176,-36.6211,-8.72803,-1.64795,2201,-6477,-3402,
0.005,0.0786133,0.936035,0.305176,-36.6211,-8.72803,-1.64795,2197,-6460,-3421,
0.005,0.0786133,0.936035,0.305176,-36.6211,-8.72803,-1.64795,2197,-6444,-3440,
0.005,0.0786133,0.936035,0.305176,-36.6211,-8.72803,-1.64795,2196,-6427,-3460,
0.005,0.0678711,0.930176,0.262695,-32.2876,-7.32422,-6.22559,2195,-6412,-3479,
0.005,0.0678711,0.930176,0.262695,-32.2876,-7.32422,-6.22559,2195,-6398,-3498,
0.005,0.0678711,0.930176,0.262695,-32.2876,-7.32422,-6.22559,2194,-6385,-3522,
0.005,0.0678711,0.930176,0.262695,-32.2876,-7.32422,-6.22559,2193,-6372,-3542,
0.005,0.0673828,0.944824,0.285645,-25.6348,-6.40869,-6.7749,2192,-6359,-3563,
0.005,0.0673828,0.944824,0.285645,-25.6348,-6.40869,-6.7749,2191,-6345,-3581,
0.005,0.0673828,0.944824,0.285645,-25.6348,-6.40869,-6.7749,2191,-6332,-3597,
0.005,0.0673828,0.944824,0.285645,-25.6348,-6.40869,-6.7749,2192,-6319,-3610,
0.005,0.046875,0.944824,0.369141,-21.9727,-1.70898,-6.65283,2192,-6306,-3624,
0.005,0.046875,0.944824,0.369141,-21.9727,-1.70898,-6.65283,2191,-6294,-3638,
0.005,0.046875,0.944824,0.369141,-21.9727,-1.70898,-6.65283,2190,-6284,-3652,
0.005,0.046875,0.944824,0.369141,-21.9727,-1.70898,-6.65283,2188,-6274,-3665,
0.005,0.059082,0.951172,0.387207,-20.3247,-2.50244,-2.92969,2187,-6264,-3679,
0.005,0.059082,0.951172,0.387207,-20.3247,-2.50244,-2.92969,2188,-6253,-3695,
0.005,0.059082,0.951172,0.387207,-20.3247,-2.50244,-2.92969,2190,-6242,-3712,
0.00500011,0.059082,0.951172,0.387207,-20.3247,-2.50244,-2.92969,2193,-6231,-3730,
0.005,0.0830078,0.96875,0.347656,-27.771,-4.63867,-3.66211,2196,-6221,-3747,
0.005,0.0830078,0.96875,0.347656,-27.771,-4.63867,-3.66211,2199,-6209,-3760,
0.005,0.0830078,0.96875,0.347656,-27.771,-4.63867,-3.66211,2201,-6195,-3773,
0.005,0.0830078,0.96875,0.347656,-27.771,-4.63867,-3.66211,2202,-6180,-3785,
0.005,0.0849609,0.959961,0.384766,-37.8418,-4.94385,-4.15039,2205,-6165,-3798,
0.005,0.0849609,0.959961,0.384766,-37.8418,-4.94385,-4.15039,2208,-6149,-3813,
0.005,0.0849609,0.959961,0.384766,-37.8418,-4.94385,-4.15039,2210,-6134,-3826,
0.005,0.0849609,0.959961,0.384766,-37.8418,-4.94385,-4.15039,2211,-6119,-3840,
0.005,0.104004,0.947266,0.435547,-41.0156,-7.62939,0.366211,2210,-6104,-3857,
0.005,0.104004,0.947266,0.435547,-41.0156,-7.62939,0.366211,2208,-6088,-3878,
0.005,0.104004,0.947266,0.435547,-41.0156,-7.62939,0.366211,2206,-6076,-3899,
0.005,0.104004,0.947266,0.435547,-41.0156,-7.62939,0.366211,2204,-6062,-3923,
0.005,0.130371,0.891602,0.366211,-43.2739,1.0376,-4.3335,2204,-6047,-3944,
0.005,0.130371,0.891602,0.366211,-43.2739,1.0376,-4.3335,2205,-6030,-3963,
0.005,0.130371,0.891602,0.366211,-43.2739,1.0376,-4.3335,2206,-6009,-3983,
0.005,0.130371,0.891602,0.366211,-43.2739,1.0376,-4.3335,2209,-5991,-4003,
0.005,0.0834961,0.851074,0.289551,-45.2271,18.1885,-13.7329,2213,-5972,-4023,
0.005,0.0834961,0.851074,0.289551,-45.2271,18.1885,-13.7329,2218,-5955,-4045,
0.005,0.0834961,0.851074,0.289551,-45.2271,18.1885,-13.7329,2222,-5936,-4068,
0.005,0.0834961,0.851074,0.289551,-45.2271,18.1885,-13.7329,2224,-5916,-4091,
0.005,0.000976562,0.896484,0.39209,-50.7202,-1.95312,-5.43213,2226,-5895,-4114,
0.005,0.000976562,0.896484,0.39209,-50.7202,-1.95312,-5.43213,2227,-5875,-4139,
0.005,0.000976562,0.896484,0.39209,-50.7202,-1.95312,-5.43213,2229,-5853,-4161,
0.005,0.000976562,0.896484,0.39209,-50.7202,-1.95312,-5.43213,2231,-5832,-4185,
0.00500011,0.0263672,0.953613,0.544922,-57.1899,-27.2827,3.78418,2232,-5811,-4205,
0.005,0.0263672,0.953613,0.544922,-57.1899,-27.2827,3.78418,2232,-5789,-4224,
0.005,0.0263672,0.953613,0.544922,-57.1899,-27.2827,3.78418,2231,-5768,-4246,
0.005,0.0263672,0.953613,0.544922,-57.1899,-27.2827,3.78418,2229,-5746,-4270,
0.005,0.0961914,0.883301,0.461914,-57.9224,-3.96729,-2.80762,2226,-5721,-4293,
0.005,0.0961914,0.883301,0.461914,-57.9224,-3.96729,-2.80762,2225,-5695,-4319,
0.005,0.0961914,0.883301,0.461914,-57.9224,-3.96729,-2.80762,2225,-5667,-4345,
0.005,0.0961914,0.883301,0.461914,-57.9224,-3.96729,-2.80762,2227,-5639,-4369,
0.005,0.125,0.826172,0.316406,-57.6172,12.6953,-9.21631,2229,-5611,-4394,
0.005,0.125,0.826172,0.316406,-57.6172,12.6953,-9.21631,2232,-5586,-4418,
0.005,0.125,0.826172,0.316406,-57.6172,12.6953,-9.21631,2234,-5560,-4439,
0.005,0.125,0.826172,0.316406,-57.6172,12.6953,-9.21631,2239,-5536,-4462,
0.005,0.0527344,0.825684,0.348145,-52.4902,5.67627,-8.17871,2246,-5511,-4488,
0.005,0.0527344,0.825684,0.348145,-52.4902,5.67627,-8.17871,2251,-5484,-4517,
0.005,0.0527344,0.825684,0.348145,-52.4902,5.67627,-8.17871,2256,-5457,-4548,
0.005,0.0527344,0.825684,0.348145,-52.4902,5.67627,-8.17871,2259,-5428,-4580,
0.005,0.0185547,0.875977,0.466309,-51.6968,-4.5166,-1.77002,2262,-5401,-4610,
0.005,0.0185547,0.875977,0.466309,-51.6968,-4.5166,-1.77002,2265,-5372,-4637,
0.005,0.0185547,0.875977,0.466309,-51.6968,-4.5166,-1.77002,2268,-5345,-4662,
0.005,0.0185547,0.875977,0.466309,-51.6968,-4.5166,-1.77002,2270,-5318,-4685,
0.005,0.0302734,0.886719,0.539551,-55.7251,-3.35693,-0.366211,2269,-5291,-4706,
0.005,0.0302734,0.886719,0.539551,-55.7251,-3.35693,-0.366211,2267,-5263,-4727,
0.005,0.0302734,0.886719,0.539551,-55.7251,-3.35693,-0.366211,2266,-5235,-4750,
0.005,0.0302734,0.886719,0.539551,-55.7251,-3.35693,-0.366211,2268,-5206,-4775,
0.005,0.0507812,0.856934,0.577148,-66.2842,-3.17383,0.671387,2269,-5177,-4802,
0.00500011,0.0507812,0.856934,0.577148,-66.2842,-3.17383,0.671387,2267,-5147,-4829,
0.005,0.0507812,0.856934,0.577148,-66.2842,-3.17383,0.671387,2265,-5117,-4855,
0.005,0.0507812,0.856934,0.577148,-66.2842,-3.17383,0.671387,2264,-5089,-4879,
0.005,0.0644531,0.842285,0.495605,-60.3027,14.7705,-2.86865,2265,-5061,-4906,
0.005,0.0644531,0.842285,0.495605,-60.3027,14.7705,-2.86865,2268,-5033,-4931,
0.005,0.0644531,0.842285,0.495605,-60.3027,14.7705,-2.86865,2270,-5002,-4957,
0.005,0.0644531,0.842285,0.495605,-60.3027,14.7705,-2.86865,2274,-4970,-4982,
0.005,0.0214844,0.808105,0.469238,-61.8896,14.0991,-2.38037,2277,-4936,-5002,
0.005,0.0214844,0.808105,0.469238,-61.8896,14.0991,-2.38037,2282,-4902,-5023,
0.005,0.0214844,0.808105,0.469238,-61.8896,14.0991,-2.38037,2289,-4871,-5046,
0.005,0.0214844,0.808105,0.469238,-61.8896,14.0991,-2.38037,2295,-4838,-5074,
0.005,-0.00927734,0.811523,0.583984,-64.6973,-3.23486,5.12695,2299,-4806,-5104,
0.005,-0.00927734,0.811523,0.583984,-64.6973,-3.23486,5.12695,2301,-4774,-5132,
0.005,-0.00927734,0.811523,0.583984,-64.6973,-3.23486,5.12695,2301,-4742,-5161,
0.005,-0.00927734,0.811523,0.583984,-64.6973,-3.23486,5.12695,2299,-4709,-5192,
0.005,0.00488281,0.81543,0.717285,-60.791,-9.8877,2.44141,2297,-4676,-5220,
0.005,0.00488281,0.81543,0.717285,-60.791,-9.8877,2.44141,2295,-4645,-5253,
0.005,0.00488281,0.81543,0.717285,-60.791,-9.8877,2.44141,2294,-4612,-5283,
0.005,0.00488281,0.81543,0.717285,-60.791,-9.8877,2.44141,2293,-4581,-5312,
0.005,0.00488281,0.81543,0.717285,-62.9272,12.6953,-7.56836,2293,-4547,-5342,
0.005,0.0458984,0.778809,0.691895,-62.9272,12.6953,-7.56836,2296,-4514,-5368,
0.005,0.0458984,0.778809,0.691895,-62.9272,12.6953,-7.56836,2301,-4482,-5393,
0.005,0.0458984,0.778809,0.691895,-62.9272,12.6953,-7.56836,2307,-4449,-5417,
0.005,0.0458984,0.778809,0.691895,-62.9272,12.6953,-7.56836,2314,-4416,-5439,
0.005,0.0869141,0.743164,0.597656,-61.1572,24.8413,-16.7847,2322,-4382,-5460,
0.00500011,0.0869141,0.743164,0.597656,-61.1572,24.8413,-16.7847,2331,-4348,-5483,
0.005,0.0869141,0.743164,0.597656,-61.1572,24.8413,-16.7847,2342,-4314,-5509,
0.005,0.0869141,0.743164,0.597656,-61.1572,24.8413,-16.7847,2353,-4280,-5536,
0.005,0.0493164,0.724609,0.625488,-59.5093,22.0947,-16.1133,2364,-4246,-5565,
0.005,0.0493164,0.724609,0.625488,-59.5093,22.0947,-16.1133,2374,-4212,-5589,
0.005,0.0493164,0.724609,0.625488,-59.5093,22.0947,-16.1133,2384,-4179,-5611,
0.005,0.0493164,0.724609,0.625488,-59.5093,22.0947,-16.1133,2395,-4144,-5631,
0.005,0.0214844,0.725098,0.665039,-57.9224,24.6582,-14.4653,2407,-4110,-5650,
0.005,0.0214844,0.725098,0.665039,-57.9224,24.6582,-14.4653,2421,-4074,-5665,
0.005,0.0214844,0.725098,0.665039,-57.9224,24.6582,-14.4653,2437,-4039,-5678,
0.005,0.0214844,0.725098,0.665039,-57.9224,24.6582,-14.4653,2452,-4004,-5692,
0.005,-0.0292969,0.697266,0.685059,-50.5371,16.6626,-12.146,2468,-3968,-5705,
0.005,-0.0292969,0.697266,0.685059,-50.5371,16.6626,-12.146,2483,-3932,-5717,
0.005,-0.0292969,0.697266,0.685059,-50.5371,16.6626,-12.146,2498,-3896,-5732,
0.005,-0.0292969,0.697266,0.685059,-50.5371,16.6626,-12.146,2512,-3863,-5744,
0.005,-0.0249023,0.702637,0.711914,-47.4854,7.26318,-8.05664,2524,-3828,-5760,
0.005,-0.0249023,0.702637,0.711914,-47.4854,7.26318,-8.05664,2533,-3795,-5775,
0.005,-0.0249023,0.702637,0.711914,-47.4854,7.26318,-8.05664,2540,-3762,-5790,
0.005,-0.0249023,0.702637,0.711914,-47.4854,7.26318,-8.05664,2546,-3730,-5807,
0.005,-0.0141602,0.693359,0.783203,-44.9829,-5.43213,-0.671387,2551,-3699,-5818,
0.005,-0.0141602,0.693359,0.783203,-44.9829,-5.43213,-0.671387,2557,-3667,-5829,
0.005,-0.0141602,0.693359,0.783203,-44.9829,-5.43213,-0.671387,2560,-3634,-5840,
0.005,-0.0141602,0.693359,0.783203,-44.9829,-5.43213,-0.671387,2562,-3601,-5852,
0.005,0.0449219,0.686035,0.776367,-39.0015,-3.2959,3.96729,2564,-3570,-5861,
0.005,0.0449219,0.686035,0.776367,-39.0015,-3.2959,3.96729,2566,-3541,-5872,
0.00500011,0.0449219,0.686035,0.776367,-39.0015,-3.2959,3.96729,2569,-3512,-5884,
0.005,0.0449219,0.686035,0.776367,-39.0015,-3.2959,3.96729,2572,-3487,-5895,
0.005,0.0327148,0.672363,0.716797,-39.7949,5.49316,-0.0610352,2578,-3462,-5909,
0.005,0.0327148,0.672363,0.716797,-39.7949,5.49316,-0.0610352,2582,-3438,-5927,
0.005,0.0327148,0.672363,0.716797,-39.7949,5.49316,-0.0610352,2587,-3414,-5946,
0.005,0.0327148,0.672363,0.716797,-39.7949,5.49316,-0.0610352,2589,-3388,-5967,
0.005,-0.00244141,0.67041,0.719238,-40.3442,-2.74658,-0.427246,2589,-3361,-5985,
0.005,-0.00244141,0.67041,0.719238,-40.3442,-2.74658,-0.427246,2591,-3332,-6003,
0.005,-0.00244141,0.67041,0.719238,-40.3442,-2.74658,-0.427246,2591,-3305,-6020,
0.005,-0.00244141,0.67041,0.719238,-40.3442,-2.74658,-0.427246,2591,-3280,-6038,
0.005,-0.059082,0.660156,0.733398,-38.3301,-11.7798,1.89209,2591,-3256,-6056,
0.005,-0.059082,0.660156,0.733398,-38.3301,-11.7798,1.89209,2589,-3233,-6071,
0.005,-0.059082,0.660156,0.733398,-38.3301,-11.7798,1.89209,2584,-3211,-6083,
0.005,-0.059082,0.660156,0.733398,-38.3301,-11.7798,1.89209,2580,-3189,-6089,
0.005,-0.0078125,0.659668,0.762695,-30.6396,-16.3574,3.72314,2576,-3166,-6097,
0.005,-0.0078125,0.659668,0.762695,-30.6396,-16.3574,3.72314,2574,-3142,-6103,
0.005,-0.0078125,0.659668,0.762695,-30.6396,-16.3574,3.72314,2573,-3119,-6111,
0.005,-0.0078125,0.659668,0.762695,-30.6396,-16.3574,3.72314,2573,-3097,-6124,
0.005,0.0239258,0.650879,0.770508,-29.8462,-5.5542,2.01416,2571,-3076,-6139,
0.005,0.0239258,0.650879,0.770508,-29.8462,-5.5542,2.01416,2568,-3058,-6157,
0.005,0.0239258,0.650879,0.770508,-29.8462,-5.5542,2.01416,2564,-3038,-6171,
0.005,0.0239258,0.650879,0.770508,-29.8462,-5.5542,2.01416,2559,-3018,-6185,
0.005,0.00341797,0.625,0.745117,-30.2124,-3.90625,0.976562,2554,-2997,-6195,
0.005,0.00341797,0.625,0.745117,-30.2124,-3.90625,0.976562,2550,-2976,-6206,
0.005,0.00341797,0.625,0.745117,-30.2124,-3.90625,0.976562,2545,-2956,-6218,
0.00500011,0.00341797,0.625,0.745117,-30.2124,-3.90625,0.976562,2540,-2937,-6227,
0.005,0.0107422,0.640625,0.77832,-36.0718,-13.2446,-0.610352,2536,-2919,-6237,
0.005,0.0107422,0.640625,0.77832,-36.0718,-13.2446,-0.610352,2532,-2901,-6245,
0.005,0.0107422,0.640625,0.77832,-36.0718,-13.2446,-0.610352,2528,-2878,-6253,
0.005,0.0107422,0.640625,0.77832,-36.0718,-13.2446,-0.610352,2525,-2855,-6261,
0.005,0.0322266,0.641113,0.794922,-40.5884,-10.498,-2.80762,2522,-2830,-6272,
0.005,0.0322266,0.641113,0.794922,-40.5884,-10.498,-2.80762,2518,-2804,-6286,
0.005,0.0322266,0.641113,0.794922,-40.5884,-10.498,-2.80762,2515,-2780,-6298,
0.005,0.0322266,0.641113,0.794922,-40.5884,-10.498,-2.80762,2514,-2757,-6310,
0.005,0.0795898,0.620605,0.801758,-32.2876,16.1743,-6.34766,2515,-2734,-6323,
0.005,0.0795898,0.620605,0.801758,-32.2876,16.1743,-6.34766,2516,-2712,-6334,
0.005,0.0795898,0.620605,0.801758,-32.2876,16.1743,-6.34766,2519,-2689,-6343,
0.005,0.0795898,0.620605,0.801758,-32.2876,16.1743,-6.34766,2520,-2668,-6355,
0.005,0.0859375,0.552734,0.775391,-25.5737,0.183105,-7.14111,2521,-2648,-6362,
0.005,0.0859375,0.552734,0.775391,-25.5737,0.183105,-7.14111,2523,-2630,-6368,
0.005,0.0859375,0.552734,0.775391,-25.5737,0.183105,-7.14111,2523,-2611,-6377,
0.005,0.0859375,0.552734,0.775391,-25.5737,0.183105,-7.14111,2522,-2594,-6385,
0.005,0.065918,0.563477,0.786621,-18.6157,-9.21631,-9.46045,2522,-2574,-6397,
0.005,0.065918,0.563477,0.786621,-18.6157,-9.21631,-9.46045,2520,-2554,-6409,
0.005,0.065918,0.563477,0.786621,-18.6157,-9.21631,-9.46045,2517,-2535,-6422,
0.005,0.065918,0.563477,0.786621,-18.6157,-9.21631,-9.46045,2514,-2516,-6430,
0.005,-0.0117188,0.609863,0.793457,-33.2031,-1.2207,-7.99561,2510,-2495,-6433,
0.005,-0.0117188,0.609863,0.793457,-33.2031,-1.2207,-7.99561,2508,-2473,-6436,
0.005,-0.0117188,0.609863,0.793457,-33.2031,-1.2207,-7.99561,2508,-2450,-6441,
0.005,-0.0117188,0.609863,0.793457,-33.2031,-1.2207,-7.99561,2508,-2426,-6451,
0.00500011,-0.03125,0.589355,0.803711,-44.7388,-12.5732,-1.09863,2506,-2401,-6464,
0.005,-0.03125,0.589355,0.803711,-44.7388,-12.5732,-1.09863,2502,-2375,-6476,
0.005,-0.03125,0.589355,0.803711,-44.7388,-12.5732,-1.09863,2498,-2349,-6487,
0.005,-0.03125,0.589355,0.803711,-44.7388,-12.5732,-1.09863,2494,-2326,-6496,
0.005,0.0444336,0.552246,0.820801,-35.4614,-15.625,5.5542,2489,-2303,-6506,
0.005,0.0444336,0.552246,0.820801,-35.4614,-15.625,5.5542,2485,-2280,-6513,
0.005,0.0444336,0.552246,0.820801,-35.4614,-15.625,5.5542,2480,-2257,-6522,
0.005,0.0444336,0.552246,0.820801,-35.4614,-15.625,5.5542,2475,-2235,-6530,
0.005,0.0810547,0.544922,0.840332,-25.8179,9.33838,0,2473,-2215,-6539,
0.005,0.0810547,0.544922,0.840332,-25.8179,9.33838,0,2472,-2195,-6547,
0.005,0.0810547,0.544922,0.840332,-25.8179,9.33838,0,2474,-2174,-6554,
0.005,0.0810547,0.544922,0.840332,-25.8179,9.33838,0,2477,-2152,-6560,
0.005,0.0493164,0.504395,0.793457,-16.7236,12.085,-7.62939,2478,-2130,-6567,
0.00500011,0.0493164,0.504395,0.793457,-16.7236,12.085,-7.62939,2481,-2109,-6570,
0.00499988,0.0493164,0.504395,0.793457,-16.7236,12.085,-7.62939,2483,-2089,-6577,
0.00500011,0.0493164,0.504395,0.793457,-16.7236,12.085,-7.62939,2486,-2071,-6585,
0.00499988,-0.00488281,0.530273,0.856445,-21.5454,-3.84521,-7.44629,2489,-2056,-6592,
0.00500011,-0.00488281,0.530273,0.856445,-21.5454,-3.84521,-7.44629,2491,-2041,-6602,
0.00499988,-0.00488281,0.530273,0.856445,-21.5454,-3.84521,-7.44629,2494,-2023,-6609,
0.00500011,-0.00488281,0.530273,0.856445,-21.5454,-3.84521,-7.44629,2496,-2003,-6613,
0.00499988,0.00878906,0.556152,0.879395,-42.3584,5.18799,-7.8125,2497,-1980,-6617,
0.00500011,0.00878906,0.556152,0.879395,-42.3584,5.18799,-7.8125,2499,-1958,-6621,
0.00499988,0.00878906,0.556152,0.879395,-42.3584,5.18799,-7.8125,2501,-1935,-6627,
0.00500011,0.00878906,0.556152,0.879395,-42.3584,5.18799,-7.8125,2502,-1911,-6632,
0.00499988,-0.00732422,0.532227,0.845703,-48.4619,-2.44141,-3.17383,2502,-1886,-6638,
0.00500011,-0.00732422,0.532227,0.845703,-48.4619,-2.44141,-3.17383,2502,-1859,-6643,
0.00499988,-0.00732422,0.532227,0.845703,-48.4619,-2.44141,-3.17383,2502,-1832,-6642,
0.00500011,-0.00732422,0.532227,0.845703,-48.4619,-2.44141,-3.17383,2503,-1805,-6643,
0.00499988,0.0112305,0.501465,0.844727,-36.9263,3.96729,0.183105,2506,-1781,-6647,
0.00500011,0.0112305,0.501465,0.844727,-36.9263,3.96729,0.183105,2508,-1758,-6653,
0.00499988,0.0112305,0.501465,0.844727,-36.9263,3.96729,0.183105,2511,-1736,-6662,
0.00500011,0.0112305,0.501465,0.844727,-36.9263,3.96729,0.183105,2515,-1715,-6673,
0.00499988,0.000488281,0.47998,0.850098,-31.311,14.5874,0,2518,-1693,-6683,
0.00500011,0.000488281,0.47998,0.850098,-31.311,14.5874,0,2523,-1669,-6689,
0.00499988,0.000488281,0.47998,0.850098,-31.311,14.5874,0,2528,-1644,-6693,
0.00500011,0.000488281,0.47998,0.850098,-31.311,14.5874,0,2532,-1618,-6695,
0.00499988,0.000488281,0.480469,0.864258,-41.0767,4.21143,0.854492,2536,-1593,-6698,
0.00500011,0.000488281,0.480469,0.864258,-41.0767,4.21143,0.854492,2540,-1568,-6703,
0.00500011,0.000488281,0.480469,0.864258,-41.0767,4.21143,0.854492,2543,-1544,-6711,
0.00499988,0.000488281,0.480469,0.864258,-41.0767,4.21143,0.854492,2544,-1518,-6720,
0.00500011,0.00195312,0.478027,0.841797,-38.8794,-9.76562,2.44141,2544,-1495,-6731,
0.00499988,0.00195312,0.478027,0.841797,-38.8794,-9.76562,2.44141,2543,-1470,-6741,
0.00500011,0.00195312,0.478027,0.841797,-38.8794,-9.76562,2.44141,2541,-1445,-6754,
0.00499988,0.00195312,0.478027,0.841797,-38.8794,-9.76562,2.44141,2538,-1420,-6762,
0.00500011,0.0405273,0.489258,0.858398,-35.9497,-16.6016,2.68555,2536,-1394,-6769,
0.00499988,0.0405273,0.489258,0.858398,-35.9497,-16.6016,2.68555,2532,-1369,-6773,
0.00500011,0.0405273,0.489258,0.858398,-35.9497,-16.6016,2.68555,2527,-1343,-6776,
0.00499988,0.0405273,0.489258,0.858398,-35.9497,-16.6016,2.68555,2522,-1318,-6784,
0.00500011,0.0151367,0.46582,0.90332,-41.3208,-10.8032,4.57764,2518,-1292,-6793,
0.00499988,0.0151367,0.46582,0.90332,-41.3208,-10.8032,4.57764,2513,-1266,-6802,
0.00500011,0.0151367,0.46582,0.90332,-41.3208,-10.8032,4.57764,2510,-1243,-6811,
0.00499988,0.0151367,0.46582,0.90332,-41.3208,-10.8032,4.57764,2509,-1218,-6821,
0.00500011,-0.00488281,0.45459,0.920898,-44.3726,7.99561,5.00488,2506,-1191,-6826,
0.00499988,-0.00488281,0.45459,0.920898,-44.3726,7.99561,5.00488,2505,-1163,-6828,
0.00500011,-0.00488281,0.45459,0.920898,-44.3726,7.99561,5.00488,2502,-1133,-6832,
0.00499988,-0.00488281,0.45459,0.920898,-44.3726,7.99561,5.00488,2501,-1103,-6839,
0.00500011,-0.00732422,0.43457,0.894531,-48.4009,6.04248,1.2207,2503,-1073,-6849,
0.00499988,-0.00732422,0.43457,0.894531,-48.4009,6.04248,1.2207,2504,-1045,-6862,
0.00500011,-0.00732422,0.43457,0.894531,-48.4009,6.04248,1.2207,2505,-1017,-6873,
0.00499988,-0.00732422,0.43457,0.894531,-48.4009,6.04248,1.2207,2507,-992,-6883,
0.00500011,-0.0385742,0.404297,0.921875,-49.9878,-8.78906,2.68555,2507,-964,-6893,
0.00499988,-0.0385742,0.404297,0.921875,-49.9878,-8.78906,2.68555,2505,-936,-6903,
0.00500011,-0.0385742,0.404297,0.921875,-49.9878,-8.78906,2.68555,2501,-908,-6910,
0.00500011,-0.0385742,0.404297,0.921875,-49.9878,-8.78906,2.68555,2496,-877,-6918,
0.00499988,-0.0131836,0.38623,0.939453,-48.8892,-18.5547,3.72314,2490,-847,-6924,
0.00500011,-0.0131836,0.38623,0.939453,-48.8892,-18.5547,3.72314,2484,-814,-6929,
0.00499988,-0.0131836,0.38623,0.939453,-48.8892,-18.5547,3.72314,2479,-781,-6939,
0.00500011,-0.0131836,0.38623,0.939453,-48.8892,-18.5547,3.72314,2474,-750,-6946,
0.00499988,0.0585938,0.384766,0.970215,-57.4341,-8.66699,-0.793457,2468,-718,-6954,
0.00500011,0.0585938,0.384766,0.970215,-57.4341,-8.66699,-0.793457,2462,-683,-6960,
0.00499988,0.0585938,0.384766,0.970215,-57.4341,-8.66699,-0.793457,2453,-646,-6966,
0.00500011,0.0585938,0.384766,0.970215,-57.4341,-8.66699,-0.793457,2447,-607,-6969,
0.00499988,0.046875,0.350098,0.963379,-59.7534,-10.1929,-0.488281,2440,-568,-6972,
0.00500011,0.046875,0.350098,0.963379,-59.7534,-10.1929,-0.488281,2434,-528,-6976,
0.00499988,0.046875,0.350098,0.963379,-59.7534,-10.1929,-0.488281,2429,-490,-6981,
0.00500011,0.046875,0.350098,0.963379,-59.7534,-10.1929,-0.488281,2423,-452,-6985,
0.00499988,0.0673828,0.327148,0.928223,-46.7529,-7.8125,1.40381,2420,-417,-6988,
0.00500011,0.0673828,0.327148,0.928223,-46.7529,-7.8125,1.40381,2417,-384,-6989,
0.00499988,0.0673828,0.327148,0.928223,-46.7529,-7.8125,1.40381,2413,-353,-6989,
0.00500011,0.0673828,0.327148,0.928223,-46.7529,-7.8125,1.40381,2410,-323,-6992,
0.00499988,0.00830078,0.304199,0.904785,-35.2173,3.96729,2.19727,2407,-294,-6994,
0.00500011,0.00830078,0.304199,0.904785,-35.2173,3.96729,2.19727,2403,-264,-6998,
0.00499988,0.00830078,0.304199,0.904785,-35.2173,3.96729,2.19727,2400,-233,-6999,
0.00500011,0.00830078,0.304199,0.904785,-35.2173,3.96729,2.19727,2397,-202,-6999,
0.00499988,0.0078125,0.310059,0.972168,-35.5225,-6.83594,0.610352,2393,-172,-7003,
0.00500011,0.0078125,0.310059,0.972168,-35.5225,-6.83594,0.610352,2391,-144,-7010,
0.00499988,0.0078125,0.310059,0.972168,-35.5225,-6.83594,0.610352,2389,-118,-7016,
0.00500011,0.0078125,0.310059,0.972168,-35.5225,-6.83594,0.610352,2388,-93,-7023,
0.00500011,0.0307617,0.298828,1.02051,-44.3726,2.50244,0.0610352,2388,-67,-7026,
0.00499988,0.0307617,0.298828,1.02051,-44.3726,2.50244,0.0610352,2388,-39,-7028,
0.00500011,0.0307617,0.298828,1.02051,-44.3726,2.50244,0.0610352,2387,-11,-7028,
0.00499988,0.0307617,0.298828,1.02051,-44.3726,2.50244,0.0610352,2388,17,-7031,
0.00500011,0.03125,0.280762,0.940918,-37.4756,9.64355,3.479,2389,44,-7034,
0.00499988,0.03125,0.280762,0.940918,-37.4756,9.64355,3.479,2392,72,-7037,
0.00500011,0.03125,0.280762,0.940918,-37.4756,9.64355,3.479,2394,98,-7040,
0.00499988,0.03125,0.280762,0.940918,-37.4756,9.64355,3.479,2397,123,-7043,
0.00500011,0.0458984,0.260742,0.958984,-21.6064,6.22559,4.39453,2399,146,-7046,
0.00499988,0.0458984,0.260742,0.958984,-21.6064,6.22559,4.39453,2401,167,-7047,
0.00500011,0.0458984,0.260742,0.958984,-21.6064,6.22559,4.39453,2403,185,-7050,
0.00499988,0.0458984,0.260742,0.958984,-21.6064,6.22559,4.39453,2407,201,-7053,
0.00500011,0.043457,0.236328,0.927734,-12.8174,13.855,1.89209,2410,216,-7056,
0.00499988,0.043457,0.236328,0.927734,-12.8174,13.855,1.89209,2414,230,-7061,
0.00500011,0.043457,0.236328,0.927734,-12.8174,13.855,1.89209,2418,246,-7063,
0.00499988,0.043457,0.236328,0.927734,-12.8174,13.855,1.89209,2423,264,-7060,
0.00500011,0.0239258,0.236816,0.932617,-23.1323,2.92969,-0.0610352,2429,281,-7059,
0.00499988,0.0239258,0.236816,0.932617,-23.1323,2.92969,-0.0610352,2433,298,-7054,
0.00500011,0.0239258,0.236816,0.932617,-23.1323,2.92969,-0.0610352,2438,316,-7049,
0.00499988,0.0239258,0.236816,0.932617,-23.1323,2.92969,-0.0610352,2439,335,-7046,
0.00500011,0.0258789,0.256836,0.984863,-31.25,-8.42285,-0.305176,2440,354,-7044,
0.00499988,0.0258789,0.256836,0.984863,-31.25,-8.42285,-0.305176,2440,372,-7047,
0.00500011,0.0258789,0.256836,0.984863,-31.25,-8.42285,-0.305176,2436,390,-7051,
0.00499988,0.0258789,0.256836,0.984863,-31.25,-8.42285,-0.305176,2435,407,-7055,
0.00500011,0.0200195,0.252441,0.990234,-23.6816,-1.40381,-0.488281,2432,423,-7061,
0.00500011,0.0200195,0.252441,0.990234,-23.6816,-1.40381,-0.488281,2428,440,-7066,
0.00499988,0.0200195,0.252441,0.990234,-23.6816,-1.40381,-0.488281,2427,456,-7070,
0.00500011,0.0200195,0.252441,0.990234,-23.6816,-1.40381,-0.488281,2425,472,-7076,
0.00499988,0.0195312,0.213867,0.907227,-19.165,-9.94873,0.244141,2424,488,-7080,
0.00500011,0.0195312,0.213867,0.907227,-19.165,-9.94873,0.244141,2422,505,-7083,
0.00499988,0.0195312,0.213867,0.907227,-19.165,-9.94873,0.244141,2419,521,-7084,
0.00500011,0.0195312,0.213867,0.907227,-19.165,-9.94873,0.244141,2414,537,-7085,
0.00499988,0.034668,0.203613,0.912598,-18.3105,-14.6484,0,2407,555,-7087,
0.00500011,0.034668,0.203613,0.912598,-18.3105,-14.6484,0,2402,570,-7092,
0.00499988,0.034668,0.203613,0.912598,-18.3105,-14.6484,0,2397,584,-7096,
0.00500011,0.034668,0.203613,0.912598,-18.3105,-14.6484,0,2392,598,-7100,
0.00499988,0.0336914,0.220215,0.99707,-16.4185,0,-0.12207,2390,611,-7103,
0.00500011,0.0336914,0.220215,0.99707,-16.4185,0,-0.12207,2387,624,-7106,
0.00499988,0.0336914,0.220215,0.99707,-16.4185,0,-0.12207,2385,640,-7109,
0.00500011,0.0336914,0.220215,0.99707,-16.4185,0,-0.12207,2386,656,-7110,
0.00499988,0.0512695,0.225098,1.01123,-20.9351,7.01904,0.610352,2386,672,-7111,
0.00500011,0.0512695,0.225098,1.01123,-20.9351,7.01904,0.610352,2388,690,-7107,
0.00499988,0.0512695,0.225098,1.01123,-20.9351,7.01904,0.610352,2390,707,-7103,
0.00500011,0.0512695,0.225098,1.01123,-20.9351,7.01904,0.610352,2394,723,-7100,
0.00499988,0.0537109,0.211426,0.989258,-17.7002,33.2031,-2.01416,2400,737,-7096,
0.00500011,0.0537109,0.211426,0.989258,-17.7002,33.2031,-2.01416,2409,749,-7092,
0.00499988,0.0537109,0.211426,0.989258,-17.7002,33.2031,-2.01416,2422,762,-7084,
0.00500011,0.0537109,0.211426,0.989258,-17.7002,33.2031,-2.01416,2436,774,-7078,
0.00499988,-0.0126953,0.195801,0.967285,-11.5967,47.3022,-3.05176,2452,787,-7073,
0.00500011,-0.0126953,0.195801,0.967285,-11.5967,47.3022,-3.05176,2470,799,-7067,
0.00500011,-0.0126953,0.195801,0.967285,-11.5967,47.3022,-3.05176,2488,810,-7061,
0.00499988,-0.0126953,0.195801,0.967285,-11.5967,47.3022,-3.05176,2508,819,-7051,
0.00500011,0.0107422,0.200684,1.04883,-9.21631,38.0859,-5.00488,2527,828,-7042,
0.00499988,0.0107422,0.200684,1.04883,-9.21631,38.0859,-5.00488,2546,836,-7032,
0.00500011,0.0107422,0.200684,1.04883,-9.21631,38.0859,-5.00488,2567,843,-7023,
0.00499988,0.0107422,0.200684,1.04883,-9.21631,38.0859,-5.00488,2590,849,-7011,
0.00500011,0.0302734,0.195312,1.00684,-7.32422,25.8179,-4.08936,2610,856,-6999,
0.00499988,0.0302734,0.195312,1.00684,-7.32422,25.8179,-4.08936,2628,866,-6988,
0.00500011,0.0302734,0.195312,1.00684,-7.32422,25.8179,-4.08936,2643,876,-6981,
0.00499988,0.0302734,0.195312,1.00684,-7.32422,25.8179,-4.08936,2656,887,-6978,
0.00500011,-0.00683594,0.189453,0.966797,-8.97217,3.72314,0.732422,2668,897,-6979,
0.00499988,-0.00683594,0.189453,0.966797,-8.97217,3.72314,0.732422,2679,906,-6979,
0.00500011,-0.00683594,0.189453,0.966797,-8.97217,3.72314,0.732422,2689,913,-6977,
0.00499988,-0.00683594,0.189453,0.966797,-8.97217,3.72314,0.732422,2700,920,-6974,
0.00500011,-0.0229492,0.196777,0.977051,-11.2915,7.8125,-0.0610352,2711,925,-6971,
0.00499988,-0.0229492,0.196777,0.977051,-11.2915,7.8125,-0.0610352,2722,932,-6969,
0.00500011,-0.0229492,0.196777,0.977051,-11.2915,7.8125,-0.0610352,2731,942,-6969,
0.00499988,-0.0229492,0.196777,0.977051,-11.2915,7.8125,-0.0610352,2739,950,-6967,
0.00500011,-0.0693359,0.19043,0.939453,-21.5454,9.21631,-1.58691,2745,958,-6965,
0.00499988,-0.0693359,0.19043,0.939453,-21.5454,9.21631,-1.58691,2753,967,-6962,
0.00500011,-0.0693359,0.19043,0.939453,-21.5454,9.21631,-1.58691,2760,975,-6958,
0.00499988,-0.0693359,0.19043,0.939453,-21.5454,9.21631,-1.58691,2767,984,-6957,
0.00500011,-0.0693359,0.186035,0.981934,-30.8838,-2.62451,1.52588,2771,996,-6957,
0.00499988,-0.0693359,0.186035,0.981934,-30.8838,-2.62451,1.52588,2774,1011,-6955,
0.00500011,-0.0693359,0.186035,0.981934,-30.8838,-2.62451,1.52588,2775,1027,-6954,
0.00500011,-0.0693359,0.186035,0.981934,-30.8838,-2.62451,1.52588,2775,1045,-6950,
0.00499988,0.0288086,0.174316,1.00586,-26.2451,-16.9067,8.42285,2775,1061,-6947,
0.00500011,0.0288086,0.174316,1.00586,-26.2451,-16.9067,8.42285,2773,1077,-6947,
0.00499988,0.0288086,0.174316,1.00586,-26.2451,-16.9067,8.42285,2769,1092,-6949,
0.00500011,0.0288086,0.174316,1.00586,-26.2451,-16.9067,8.42285,2762,1106,-6951,
0.00499988,0.0581055,0.146484,0.965332,-23.9258,-41.0156,7.38525,2755,1119,-6953,
0.00500011,0.0581055,0.146484,0.965332,-23.9258,-41.0156,7.38525,2746,1131,-6958,
0.00499988,0.0581055,0.146484,0.965332,-23.9258,-41.0156,7.38525,2735,1143,-6962,
0.00500011,0.0581055,0.146484,0.965332,-23.9258,-41.0156,7.38525,2724,1156,-6967,
0.00499988,0.0449219,0.129395,0.93457,-26.6724,-31.5552,3.17383,2713,1170,-6977,
0.00500011,0.0449219,0.129395,0.93457,-26.6724,-31.5552,3.17383,2701,1185,-6983,
0.00499988,0.0449219,0.129395,0.93457,-26.6724,-31.5552,3.17383,2691,1199,-6990,
0.00500011,0.0449219,0.129395,0.93457,-26.6724,-31.5552,3.17383,2683,1213,-6992,
0.00499988,-0.0356445,0.144043,0.98584,-15.8691,17.7002,4.57764,2677,1226,-6991,
0.00500011,-0.0356445,0.144043,0.98584,-15.8691,17.7002,4.57764,2672,1239,-6990,
0.00499988,-0.0356445,0.144043,0.98584,-15.8691,17.7002,4.57764,2670,1252,-6986,
0.00500011,-0.0356445,0.144043,0.98584,-15.8691,17.7002,4.57764,2669,1266,-6981,
0.00499988,-0.0385742,0.149414,1.04297,-18.7378,19.3481,5.18799,2670,1278,-6977,
0.00500011,-0.0385742,0.149414,1.04297,-18.7378,19.3481,5.18799,2672,1291,-6969,
0.00499988,-0.0385742,0.149414,1.04297,-18.7378,19.3481,5.18799,2674,1306,-6966,
0.00500011,-0.0385742,0.149414,1.04297,-18.7378,19.3481,5.18799,2675,1321,-6963,
0.00499988,-0.000488281,0.137695,0.983398,-25.3906,-7.62939,6.34766,2674,1338,-6962,
0.00500011,-0.000488281,0.137695,0.983398,-25.3906,-7.62939,6.34766,2675,1355,-6965,
0.00499988,-0.000488281,0.137695,0.983398,-25.3906,-7.62939,6.34766,2675,1370,-6968,
0.00500011,-0.000488281,0.137695,0.983398,-25.3906,-7.62939,6.34766,2673,1385,-6968,
0.00500011,0.00244141,0.128418,0.959473,-26.8555,-9.8877,5.79834,2672,1398,-6974,
0.00499988,0.00244141,0.128418,0.959473,-26.8555,-9.8877,5.79834,2672,1411,-6972,
0.00500011,0.00244141,0.128418,0.959473,-26.8555,-9.8877,5.79834,2673,1424,-6966,
0.00499988,0.00244141,0.128418,0.959473,-26.8555,-9.8877,5.79834,2672,1437,-6962,
0.00500011,0.0161133,0.117188,1.00732,-22.7051,-11.6577,4.21143,2667,1451,-6956,
0.00499988,0.0161133,0.117188,1.00732,-22.7051,-11.6577,4.21143,2662,1466,-6954,
0.00500011,0.0161133,0.117188,1.00732,-22.7051,-11.6577,4.21143,2657,1482,-6955,
0.00499988,0.0161133,0.117188,1.00732,-22.7051,-11.6577,4.21143,2653,1496,-6956,
0.00500011,0.0561523,0.107422,1.02588,-9.82666,1.89209,-1.09863,2651,1509,-6957,
0.00499988,0.0561523,0.107422,1.02588,-9.82666,1.89209,-1.09863,2651,1521,-6955,
0.00500011,0.0561523,0.107422,1.02588,-9.82666,1.89209,-1.09863,2654,1532,-6950,
0.00499988,0.0561523,0.107422,1.02588,-9.82666,1.89209,-1.09863,2657,1541,-6946,
0.00500011,-0.0180664,0.0869141,0.942383,6.16455,31.7383,0,2661,1548,-6939,
0.00499988,-0.0180664,0.0869141,0.942383,6.16455,31.7383,0,2665,1553,-6933,
0.00500011,-0.0180664,0.0869141,0.942383,6.16455,31.7383,0,2669,1558,-6928,
0.00499988,-0.0180664,0.0869141,0.942383,6.16455,31.7383,0,2673,1563,-6930,
0.00500011,-0.00195312,0.103027,1.01465,-3.60107,11.7188,2.62451,2677,1568,-6934,
0.00499988,-0.00195312,0.103027,1.01465,-3.60107,11.7188,2.62451,2682,1572,-6939,
0.00500011,-0.00195312,0.103027,1.01465,-3.60107,11.7188,2.62451,2686,1575,-6941,
0.00499988,-0.00195312,0.103027,1.01465,-3.60107,11.7188,2.62451,2691,1578,-6941,
0.00500011,-0.0273438,0.105957,1.02197,-8.54492,-0.671387,1.40381,2696,1580,-6934,
0.00499988,-0.0273438,0.105957,1.02197,-8.54492,-0.671387,1.40381,2701,1584,-6928,
0.00500011,-0.0273438,0.105957,1.02197,-8.54492,-0.671387,1.40381,2704,1589,-6922,
0.00499988,-0.0273438,0.105957,1.02197,-8.54492,-0.671387,1.40381,2705,1594,-6915,
0.00500011,0.00292969,0.0922852,0.955078,-6.89697,-17.2119,5.43213,2704,1602,-6911,
0.00500011,0.00292969,0.0922852,0.955078,-6.89697,-17.2119,5.43213,2702,1609,-6908,
0.00499988,0.00292969,0.0922852,0.955078,-6.89697,-17.2119,5.43213,2699,1615,-6906,
0.00500011,0.00292969,0.0922852,0.955078,-6.89697,-17.2119,5.43213,2694,1621,-6912,
0.00499988,-0.00683594,0.0942383,0.972656,-8.48389,-33.8135,3.96729,2688,1626,-6917,
0.00500011,-0.00683594,0.0942383,0.972656,-8.48389,-33.8135,3.96729,2680,1632,-6922,
0.00499988,-0.00683594,0.0942383,0.972656,-8.48389,-33.8135,3.96729,2668,1640,-6927,
0.00500011,-0.00683594,0.0942383,0.972656,-8.48389,-33.8135,3.96729,2657,1649,-6929,
0.00499988,0.0170898,0.100098,1.06006,-14.8315,-29.2969,0.732422,2645,1658,-6932,
0.00500011,0.0170898,0.100098,1.06006,-14.8315,-29.2969,0.732422,2632,1667,-6939,
0.00499988,0.0170898,0.100098,1.06006,-14.8315,-29.2969,0.732422,2622,1675,-6946,
0.00500011,0.0170898,0.100098,1.06006,-14.8315,-29.2969,0.732422,2612,1682,-6954,
0.00499988,0.050293,0.0942383,1.04541,-9.15527,1.40381,-3.05176,2604,1690,-6959,
0.00500011,0.050293,0.0942383,1.04541,-9.15527,1.40381,-3.05176,2595,1696,-6963,
0.00499988,0.050293,0.0942383,1.04541,-9.15527,1.40381,-3.05176,2590,1703,-6965,
0.00500011,0.050293,0.0942383,1.04541,-9.15527,1.40381,-3.05176,2583,1709,-6967,
0.00499988,-0.0151367,0.0703125,0.959961,-7.50732,-1.40381,-0.244141,2578,1716,-6968,
0.00500011,-0.0151367,0.0703125,0.959961,-7.50732,-1.40381,-0.244141,2573,1723,-6966,
0.00499988,-0.0151367,0.0703125,0.959961,-7.50732,-1.40381,-0.244141,2570,1729,-6964,
0.00500011,-0.0151367,0.0703125,0.959961,-7.50732,-1.40381,-0.244141,2568,1737,-6963,
0.00499988,0.00585938,0.0859375,1.01318,-5.24902,3.96729,1.2207,2566,1743,-6961,
0.00500011,0.00585938,0.0859375,1.01318,-5.24902,3.96729,1.2207,2564,1749,-6960,
0.00499988,0.00585938,0.0859375,1.01318,-5.24902,3.96729,1.2207,2564,1753,-6959,
0.00500011,0.00585938,0.0859375,1.01318,-5.24902,3.96729,1.2207,2566,1755,-6958,
0.00499988,0.0102539,0.0820312,0.982422,-6.89697,-4.88281,-1.28174,2566,1759,-6958,
0.00500011,0.0102539,0.0820312,0.982422,-6.89697,-4.88281,-1.28174,2567,1764,-6956,
0.00500011,0.0102539,0.0820312,0.982422,-6.89697,-4.88281,-1.28174,2563,1770,-6957,
0.00499988,0.0102539,0.0820312,0.982422,-6.89697,-4.88281,-1.28174,2555,1778,-6958,
0.00500011,0.0283203,0.074707,1.05664,-13.916,-38.8184,1.83105,2545,1785,-6960,
0.00499988,0.0283203,0.074707,1.05664,-13.916,-38.8184,1.83105,2534,1793,-6963,
0.00500011,0.0283203,0.074707,1.05664,-13.916,-38.8184,1.83105,2522,1800,-6967,
0.00499988,0.0283203,0.074707,1.05664,-13.916,-38.8184,1.83105,2512,1806,-6975,
0.00500011,0.0717773,0.0849609,1.03076,-1.95312,3.84521,2.38037,2504,1810,-6980,
0.00499988,0.0717773,0.0849609,1.03076,-1.95312,3.84521,2.38037,2498,1813,-6989,
0.00500011,0.0717773,0.0849609,1.03076,-1.95312,3.84521,2.38037,2494,1815,-6996,
0.00499988,0.0717773,0.0849609,1.03076,-1.95312,3.84521,2.38037,2489,1816,-6998,
0.00500011,0.0151367,0.065918,0.981445,-2.80762,17.0288,3.54004,2486,1820,-7001,
0.00499988,0.0151367,0.065918,0.981445,-2.80762,17.0288,3.54004,2484,1823,-7000,
0.00500011,0.0151367,0.065918,0.981445,-2.80762,17.0288,3.54004,2484,1827,-7000,
0.00499988,0.0151367,0.065918,0.981445,-2.80762,17.0288,3.54004,2487,1830,-7001,
0.00500011,0.0209961,0.0756836,0.967773,-5.98145,8.11768,2.56348,2490,1833,-7000,
0.00499988,0.0209961,0.0756836,0.967773,-5.98145,8.11768,2.56348,2492,1836,-6999,
0.00500011,0.0209961,0.0756836,0.967773,-5.98145,8.11768,2.56348,2495,1840,-6999,
0.00499988,0.0209961,0.0756836,0.967773,-5.98145,8.11768,2.56348,2497,1844,-6999,
0.00500011,0.00878906,0.0698242,0.993164,-7.38525,-11.1694,0.305176,2497,1849,-7000,
0.00499988,0.00878906,0.0698242,0.993164,-7.38525,-11.1694,0.305176,2497,1851,-7001,
0.00500011,0.00878906,0.0698242,0.993164,-7.38525,-11.1694,0.305176,2494,1856,-7001,
0.00499988,0.00878906,0.0698242,0.993164,-7.38525,-11.1694,0.305176,2489,1861,-7003,
0.00500011,-0.012207,0.0537109,0.992676,-14.7705,-59.2041,2.56348,2478,1866,-7003,
0.00499988,-0.012207,0.0537109,0.992676,-14.7705,-59.2041,2.56348,2466,1872,-7002,
0.00500011,-0.012207,0.0537109,0.992676,-14.7705,-59.2041,2.56348,2447,1879,-6997,
0.00500011,-0.012207,0.0537109,0.992676,-14.7705,-59.2041,2.56348,2428,1884,-6996,
0.00499988,0.112793,0.0756836,1.01172,-10.437,-53.4668,2.13623,2406,1890,-6997,
0.00500011,0.112793,0.0756836,1.01172,-10.437,-53.4668,2.13623,2386,1895,-7002,
0.00499988,0.112793,0.0756836,1.01172,-10.437,-53.4668,2.13623,2366,1900,-7012,
0.00500011,0.112793,0.0756836,1.01172,-10.437,-53.4668,2.13623,2347,1905,-7018,
0.00499988,0.15625,0.0776367,1.0127,-6.95801,-4.88281,-0.671387,2330,1910,-7025,
0.00500011,0.15625,0.0776367,1.0127,-6.95801,-4.88281,-0.671387,2315,1914,-7032,
0.00499988,0.15625,0.0776367,1.0127,-6.95801,-4.88281,-0.671387,2305,1920,-7036,
0.00500011,0.15625,0.0776367,1.0127,-6.95801,-4.88281,-0.671387,2300,1926,-7039,
0.00499988,0.0385742,0.0478516,0.989258,0.915527,49.1943,-1.64795,2299,1931,-7045,
0.00500011,0.0385742,0.0478516,0.989258,0.915527,49.1943,-1.64795,2301,1936,-7048,
0.00499988,0.0385742,0.0478516,0.989258,0.915527,49.1943,-1.64795,2306,1940,-7052,
0.00500011,0.0385742,0.0478516,0.989258,0.915527,49.1943,-1.64795,2313,1943,-7050,
0.00499988,0.0385742,0.0322266,0.896484,2.13623,30.5176,3.72314,2321,1948,-7046,
0.00500011,0.0385742,0.0322266,0.896484,2.13623,30.5176,3.72314,2327,1952,-7039,
0.00499988,0.0385742,0.0322266,0.896484,2.13623,30.5176,3.72314,2334,1954,-7034,
0.00500011,0.0385742,0.0322266,0.896484,2.13623,30.5176,3.72314,2338,1955,-7028,
0.00499988,0.0654297,0.0517578,0.990723,-2.86865,-33.02,-0.671387,2339,1955,-7029,
0.00500011,0.0654297,0.0517578,0.990723,-2.86865,-33.02,-0.671387,2336,1957,-7030,
0.00499988,0.0654297,0.0517578,0.990723,-2.86865,-33.02,-0.671387,2329,1961,-7032,
0.00500011,0.0654297,0.0517578,0.990723,-2.86865,-33.02,-0.671387,2318,1964,-7033,
0.00499988,-0.00244141,0.0405273,1.02539,-11.2305,-53.3447,1.70898,2305,1971,-7034,
0.00500011,-0.00244141,0.0405273,1.02539,-11.2305,-53.3447,1.70898,2290,1977,-7030,
0.00499988,-0.00244141,0.0405273,1.02539,-11.2305,-53.3447,1.70898,2276,1983,-7029,
0.00500011,-0.00244141,0.0405273,1.02539,-11.2305,-53.3447,1.70898,2261,1989,-7031,
0.00500011,0.13623,0.0625,0.973633,-7.50732,-23.6816,3.2959,2248,1995,-7035,
0.00499988,0.13623,0.0625,0.973633,-7.50732,-23.6816,3.2959,2235,2000,-7041,
0.00500011,0.13623,0.0625,0.973633,-7.50732,-23.6816,3.2959,2223,2003,-7049,
0.00499988,0.13623,0.0625,0.973633,-7.50732,-23.6816,3.2959,2215,2007,-7054,
0.00500011,0.0927734,0.0625,1.05811,0.305176,19.8975,4.63867,2210,2009,-7057,
0.00499988,0.0927734,0.0625,1.05811,0.305176,19.8975,4.63867,2211,2010,-7057,
0.00500011,0.0927734,0.0625,1.05811,0.305176,19.8975,4.63867,2216,2012,-7053,
0.00499988,0.0927734,0.0625,1.05811,0.305176,19.8975,4.63867,2226,2012,-7050,
0.00500011,0.0307617,0.0581055,1.0415,9.82666,84.2285,4.45557,2237,2012,-7047,
0.00499988,0.0307617,0.0581055,1.0415,9.82666,84.2285,4.45557,2252,2011,-7040,
0.00500011,0.0307617,0.0581055,1.0415,9.82666,84.2285,4.45557,2270,2009,-7032,
0.00499988,0.0307617,0.0581055,1.0415,9.82666,84.2285,4.45557,2289,2006,-7027,
0.00500011,0.0136719,0.0405273,0.970703,6.16455,51.3916,3.66211,2309,2004,-7023,
0.00499988,0.0136719,0.0405273,0.970703,6.16455,51.3916,3.66211,2329,2000,-7020,
0.00500011,0.0136719,0.0405273,0.970703,6.16455,51.3916,3.66211,2347,1997,-7018,
0.00499988,0.0136719,0.0405273,0.970703,6.16455,51.3916,3.66211,2364,1995,-7018,
0.00500011,0.0249023,0.0493164,0.992676,3.17383,2.31934,2.74658,2379,1992,-7016,
0.00499988,0.0249023,0.0493164,0.992676,3.17383,2.31934,2.74658,2392,1990,-7014,
0.00500011,0.0249023,0.0493164,0.992676,3.17383,2.31934,2.74658,2406,1986,-7010,
0.00499988,0.0249023,0.0493164,0.992676,3.17383,2.31934,2.74658,2420,1980,-7012,
0.00500011,-0.0400391,0.0478516,1.04688,3.11279,-16.6626,0,2431,1977,-7013,
0.00499988,-0.0400391,0.0478516,1.04688,3.11279,-16.6626,0,2439,1974,-7012,
0.00500011,-0.0400391,0.0478516,1.04688,3.11279,-16.6626,0,2443,1972,-7012,
0.00499988,-0.0400391,0.0478516,1.04688,3.11279,-16.6626,0,2445,1972,-7008,
0.00500011,0.0351562,0.0649414,0.95459,-3.90625,-26.1841,3.90625,2443,1972,-7005,
0.00500011,0.0351562,0.0649414,0.95459,-3.90625,-26.1841,3.90625,2440,1973,-7006,
0.00499988,0.0351562,0.0649414,0.95459,-3.90625,-26.1841,3.90625,2435,1976,-7008,
0.00500011,0.0351562,0.0649414,0.95459,-3.90625,-26.1841,3.90625,2428,1980,-7008,
0.00499988,0.09375,0.074707,1.00781,-6.22559,-23.6206,2.99072,2422,1983,-7005,
0.00500011,0.09375,0.074707,1.00781,-6.22559,-23.6206,2.99072,2416,1986,-7002,
0.00499988,0.09375,0.074707,1.00781,-6.22559,-23.6206,2.99072,2410,1987,-7000,
0.00500011,0.09375,0.074707,1.00781,-6.22559,-23.6206,2.99072,2407,1986,-7000,
0.00499988,0.0644531,0.0693359,1.03516,1.83105,12.3901,1.58691,2403,1985,-7001,
0.00500011,0.0644531,0.0693359,1.03516,1.83105,12.3901,1.58691,2402,1985,-6999,
0.00499988,0.0644531,0.0693359,1.03516,1.83105,12.3901,1.58691,2403,1984,-6993,
0.00500011,0.0644531,0.0693359,1.03516,1.83105,12.3901,1.58691,2404,1983,-6988,
0.00499988,0.0209961,0.0458984,0.978516,5.24902,24.5361,3.2959,2406,1982,-6982,
0.00500011,0.0209961,0.0458984,0.978516,5.24902,24.5361,3.2959,2408,1980,-6979,
0.00499988,0.0209961,0.0458984,0.978516,5.24902,24.5361,3.2959,2411,1978,-6979,
0.00500011,0.0209961,0.0458984,0.978516,5.24902,24.5361,3.2959,2413,1977,-6980,
0.00499988,0.0322266,0.0507812,0.990234,3.23486,-10.5591,1.28174,2414,1978,-6981,
0.00500011,0.0322266,0.0507812,0.990234,3.23486,-10.5591,1.28174,2415,1977,-6982,
0.00499988,0.0322266,0.0507812,0.990234,3.23486,-10.5591,1.28174,2415,1974,-6982,
0.00500011,0.0322266,0.0507812,0.990234,3.23486,-10.5591,1.28174,2414,1972,-6982,
0.00499988,0.0668945,0.0664062,0.993652,4.5166,-13.0615,-0.793457,2414,1970,-6980,
0.00500011,0.0668945,0.0664062,0.993652,4.5166,-13.0615,-0.793457,2413,1966,-6978,
0.00499988,0.0668945,0.0664062,0.993652,4.5166,-13.0615,-0.793457,2410,1963,-6979,
0.00500011,0.0668945,0.0664062,0.993652,4.5166,-13.0615,-0.793457,2408,1959,-6980,
0.00499988,0.0375977,0.0615234,0.992188,5.7373,-6.65283,-1.89209,2404,1956,-6986,
0.00500011,0.0375977,0.0615234,0.992188,5.7373,-6.65283,-1.89209,2399,1954,-6989,
0.00500011,0.0375977,0.0615234,0.992188,5.7373,-6.65283,-1.89209,2397,1951,-6989,
0.00499988,0.0375977,0.0615234,0.992188,5.7373,-6.65283,-1.89209,2395,1949,-6989,
0.00500011,0.0561523,0.0722656,1.02686,10.1929,12.146,-2.92969,2396,1945,-6987,
0.00499988,0.0561523,0.0722656,1.02686,10.1929,12.146,-2.92969,2399,1941,-6985,
0.00500011,0.0561523,0.0722656,1.02686,10.1929,12.146,-2.92969,2402,1937,-6985,
0.00499988,0.0561523,0.0722656,1.02686,10.1929,12.146,-2.92969,2407,1933,-6987,
0.00500011,0.0385742,0.0629883,0.975586,7.99561,18.4326,-1.34277,2413,1928,-6990,
0.00499988,0.0385742,0.0629883,0.975586,7.99561,18.4326,-1.34277,2418,1921,-6992,
0.00500011,0.0385742,0.0629883,0.975586,7.99561,18.4326,-1.34277,2423,1914,-6993,
0.00499988,0.0385742,0.0629883,0.975586,7.99561,18.4326,-1.34277,2426,1907,-6992,
0.00500011,0.0288086,0.0556641,0.996582,0.854492,-1.83105,-0.854492,2427,1903,-6992,
0.00499988,0.0288086,0.0556641,0.996582,0.854492,-1.83105,-0.854492,2429,1899,-6996,
0.00500011,0.0288086,0.0556641,0.996582,0.854492,-1.83105,-0.854492,2431,1897,-6996,
0.00499988,0.0288086,0.0556641,0.996582,0.854492,-1.83105,-0.854492,2433,1895,-7002,
0.00500011,0.0498047,0.0678711,0.999023,-1.64795,4.82178,-0.366211,2434,1894,-7009,
0.00499988,0.0498047,0.0678711,0.999023,-1.64795,4.82178,-0.366211,2435,1892,-7013,
0.00500011,0.0498047,0.0678711,0.999023,-1.64795,4.82178,-0.366211,2436,1891,-7015,
0.00499988,0.0498047,0.0678711,0.999023,-1.64795,4.82178,-0.366211,2437,1890,-7014,
0.00500011,0.0424805,0.0620117,0.965332,-2.86865,1.2207,0.610352,2437,1889,-7013,
0.00499988,0.0424805,0.0620117,0.965332,-2.86865,1.2207,0.610352,2437,1888,-7012,
0.00500011,0.0424805,0.0620117,0.965332,-2.86865,1.2207,0.610352,2438,1887,-7013,
0.00499988,0.0424805,0.0620117,0.965332,-2.86865,1.2207,0.610352,2437,1887,-7014,
0.00500011,0.0615234,0.0766602,1.02588,-1.58691,-2.50244,1.58691,2438,1886,-7015,
0.00499988,0.0615234,0.0766602,1.02588,-1.58691,-2.50244,1.58691,2438,1885,-7012,
0.00500011,0.0615234,0.0766602,1.02588,-1.58691,-2.50244,1.58691,2440,1886,-7010,
0.00500011,0.0615234,0.0766602,1.02588,-1.58691,-2.50244,1.58691,2441,1886,-7008,
0.00499988,0.0102539,0.0649414,1.01807,-0.305176,9.64355,0.854492,2444,1887,-7002,
0.00500011,0.0102539,0.0649414,1.01807,-0.305176,9.64355,0.854492,2447,1888,-6998,
0.00499988,0.0102539,0.0649414,1.01807,-0.305176,9.64355,0.854492,2450,1890,-6991,
0.00500011,0.0102539,0.0649414,1.01807,-0.305176,9.64355,0.854492,2452,1892,-6986,
0.00499988,0.0209961,0.0566406,0.969238,-0.915527,-7.32422,0.244141,2452,1895,-6985,
0.00500011,0.0209961,0.0566406,0.969238,-0.915527,-7.32422,0.244141,2451,1898,-6985,
0.00499988,0.0209961,0.0566406,0.969238,-0.915527,-7.32422,0.244141,2448,1901,-6990,
0.00500011,0.0209961,0.0566406,0.969238,-0.915527,-7.32422,0.244141,2446,1902,-6996,
0.00499988,0.0629883,0.0693359,0.998047,-0.549316,-17.4561,-0.244141,2444,1902,-6999,
0.00500011,0.0629883,0.0693359,0.998047,-0.549316,-17.4561,-0.244141,2441,1901,-7004,
0.00499988,0.0629883,0.0693359,0.998047,-0.549316,-17.4561,-0.244141,2437,1902,-7005,
0.00500011,0.0629883,0.0693359,0.998047,-0.549316,-17.4561,-0.244141,2432,1903,-7005,
0.00499988,0.0483398,0.0751953,1.021,3.66211,-4.27246,-0.488281,2429,1904,-7008,
0.00500011,0.0483398,0.0751953,1.021,3.66211,-4.27246,-0.488281,2429,1905,-7008,
0.00499988,0.0483398,0.0751953,1.021,3.66211,-4.27246,-0.488281,2428,1903,-7007,
0.00500011,0.0483398,0.0751953,1.021,3.66211,-4.27246,-0.488281,2429,1901,-7007,
0.00499988,0.0375977,0.0727539,0.98877,6.71387,15.7471,-1.70898,2429,1898,-7007,
0.00500011,0.0375977,0.0727539,0.98877,6.71387,15.7471,-1.70898,2428,1894,-7005,
0.00499988,0.0375977,0.0727539,0.98877,6.71387,15.7471,-1.70898,2427,1890,-7006,
0.00500011,0.0375977,0.0727539,0.98877,6.71387,15.7471,-1.70898,2428,1887,-7007,
0.00499988,0.0200195,0.0664062,0.967285,0.427246,12.8784,-1.40381,2430,1885,-7010,
0.00500011,0.0200195,0.0664062,0.967285,0.427246,12.8784,-1.40381,2433,1885,-7012,
0.00499988,0.0200195,0.0664062,0.967285,0.427246,12.8784,-1.40381,2435,1886,-7010,
0.00500011,0.0200195,0.0664062,0.967285,0.427246,12.8784,-1.40381,2438,1888,-7005,
0.00500011,0.0673828,0.0717773,0.980469,-6.10352,2.0752,0.0610352,2440,1890,-7000,
0.00499988,0.0673828,0.0717773,0.980469,-6.10352,2.0752,0.0610352,2441,1891,-6994,
0.00500011,0.0673828,0.0717773,0.980469,-6.10352,2.0752,0.0610352,2443,1894,-6989,
0.00499988,0.0673828,0.0717773,0.980469,-6.10352,2.0752,0.0610352,2446,1896,-6985,
0.00500011,0.0224609,0.0585938,1.01807,-2.19727,-1.89209,-0.976562,2449,1898,-6982,
0.00499988,0.0224609,0.0585938,1.01807,-2.19727,-1.89209,-0.976562,2452,1900,-6979,
0.00500011,0.0224609,0.0585938,1.01807,-2.19727,-1.89209,-0.976562,2454,1901,-6979,
0.00499988,0.0224609,0.0585938,1.01807,-2.19727,-1.89209,-0.976562,2453,1902,-6978,
0.00500011,0.0136719,0.0668945,0.974609,-5.85938,-21.4233,0.12207,2452,1903,-6979,
0.00499988,0.0136719,0.0668945,0.974609,-5.85938,-21.4233,0.12207,2448,1904,-6981,
0.00500011,0.0136719,0.0668945,0.974609,-5.85938,-21.4233,0.12207,2444,1904,-6981,
0.00499988,0.0136719,0.0668945,0.974609,-5.85938,-21.4233,0.12207,2438,1905,-6983,
0.00500011,0.0649414,0.0717773,0.979004,-9.33838,-24.5972,0.305176,2432,1907,-6986,
0.00499988,0.0649414,0.0717773,0.979004,-9.33838,-24.5972,0.305176,2426,1907,-6989,
0.00500011,0.0649414,0.0717773,0.979004,-9.33838,-24.5972,0.305176,2416,1911,-6996,
0.00499988,0.0649414,0.0717773,0.979004,-9.33838,-24.5972,0.305176,2408,1916,-7002,
0.00500011,0.0649414,0.0717773,0.979004,-7.20215,-15.3198,-0.427246,2399,1921,-7007,
0.00499988,0.0756836,0.074707,1.04639,-7.20215,-15.3198,-0.427246,2391,1925,-7010,
0.00500011,0.0756836,0.074707,1.04639,-7.20215,-15.3198,-0.427246,2385,1930,-7010,
0.00499988,0.0756836,0.074707,1.04639,-7.20215,-15.3198,-0.427246,2378,1932,-7010,
0.00500011,0.0756836,0.074707,1.04639,-7.20215,-15.3198,-0.427246,2373,1934,-7009,
0.00499988,0.0654297,0.0629883,1.0498,-3.60107,15.2588,-2.19727,2370,1937,-7010,
0.00500011,0.0654297,0.0629883,1.0498,-3.60107,15.2588,-2.19727,2369,1939,-7013,
0.00499988,0.0654297,0.0629883,1.0498,-3.60107,15.2588,-2.19727,2369,1943,-7013,
0.00500011,0.0654297,0.0629883,1.0498,-3.60107,15.2588,-2.19727,2370,1946,-7015,
0.00500011,0.034668,0.0517578,0.974609,-2.19727,22.3999,-4.5166,2371,1950,-7014,
0.00500011,0.034668,0.0517578,0.974609,-2.19727,22.3999,-4.5166,2373,1953,-7014,
0.00499964,0.034668,0.0517578,0.974609,-2.19727,22.3999,-4.5166,2375,1956,-7015,
0.00500011,0.034668,0.0517578,0.974609,-2.19727,22.3999,-4.5166,2380,1960,-7015,
0.00500011,0.012207,0.0444336,0.959473,-3.60107,7.56836,-3.479,2385,1963,-7015,
0.00500011,0.012207,0.0444336,0.959473,-3.60107,7.56836,-3.479,2391,1966,-7013,
0.00499964,0.012207,0.0444336,0.959473,-3.60107,7.56836,-3.479,2395,1969,-7010,
0.00500011,0.012207,0.0444336,0.959473,-3.60107,7.56836,-3.479,2399,1970,-7007,
0.00500011,0.0224609,0.059082,1.06299,-2.62451,-3.96729,-1.58691,2403,1971,-7005,
0.00500011,0.0224609,0.059082,1.06299,-2.62451,-3.96729,-1.58691,2404,1972,-7000,
0.00499964,0.0224609,0.059082,1.06299,-2.62451,-3.96729,-1.58691,2408,1973,-6996,
0.00500011,0.0224609,0.059082,1.06299,-2.62451,-3.96729,-1.58691,2410,1976,-6994,
0.00500011,0.0498047,0.0576172,1.00049,-2.19727,1.77002,-1.09863,2412,1979,-6992,
0.00500011,0.0498047,0.0576172,1.00049,-2.19727,1.77002,-1.09863,2414,1981,-6991,
0.00499964,0.0498047,0.0576172,1.00049,-2.19727,1.77002,-1.09863,2417,1984,-6993,
0.00500011,0.0498047,0.0576172,1.00049,-2.19727,1.77002,-1.09863,2418,1988,-6991,
0.00500011,0.0576172,0.0493164,0.936523,-5.49316,0.549316,0.427246,2420,1993,-6986,
0.00500011,0.0576172,0.0493164,0.936523,-5.49316,0.549316,0.427246,2419,1997,-6983,
0.00499964,0.0576172,0.0493164,0.936523,-5.49316,0.549316,0.427246,2418,2002,-6977,
0.00500011,0.0576172,0.0493164,0.936523,-5.49316,0.549316,0.427246,2417,2004,-6972,
0.00500011,0.0415039,0.0561523,0.996582,-1.95312,7.87354,1.34277,2418,2007,-6970,
0.00500011,0.0415039,0.0561523,0.996582,-1.95312,7.87354,1.34277,2419,2008,-6973,
0.00499964,0.0415039,0.0561523,0.996582,-1.95312,7.87354,1.34277,2422,2008,-6976,
0.00500011,0.0415039,0.0561523,0.996582,-1.95312,7.87354,1.34277,2423,2009,-6980,
0.00500011,0.0166016,0.0458984,0.992188,0.915527,-2.44141,0.183105,2423,2010,-6987,
0.00500011,0.0166016,0.0458984,0.992188,0.915527,-2.44141,0.183105,2421,2012,-6991,
0.00500011,0.0166016,0.0458984,0.992188,0.915527,-2.44141,0.183105,2418,2014,-6994,
0.00499964,0.0166016,0.0458984,0.992188,0.915527,-2.44141,0.183105,2413,2015,-6996,
0.00500011,0.0483398,0.0527344,1.02637,-2.50244,-17.8833,0.0610352,2407,2016,-6995,
0.00500011,0.0483398,0.0527344,1.02637,-2.50244,-17.8833,0.0610352,2402,2018,-6995,
0.00500011,0.0483398,0.0527344,1.02637,-2.50244,-17.8833,0.0610352,2397,2021,-6993,
0.00499964,0.0483398,0.0527344,1.02637,-2.50244,-17.8833,0.0610352,2393,2023,-6991,
0.00500011,0.0737305,0.0493164,1.01855,-2.99072,-14.2212,0.183105,2390,2025,-6991,
0.00500011,0.0737305,0.0493164,1.01855,-2.99072,-14.2212,0.183105,2387,2027,-6989,
0.00500011,0.0737305,0.0493164,1.01855,-2.99072,-14.2212,0.183105,2383,2027,-6991,
0.00499964,0.0737305,0.0493164,1.01855,-2.99072,-14.2212,0.183105,2377,2029,-6991,
0.00500011,0.0654297,0.0571289,0.998535,-0.427246,-5.98145,-0.915527,2372,2030,-6990,
0.00500011,0.0654297,0.0571289,0.998535,-0.427246,-5.98145,-0.915527,2368,2030,-6992,
0.00500011,0.0654297,0.0571289,0.998535,-0.427246,-5.98145,-0.915527,2365,2030,-6995,
0.00499964,0.0654297,0.0571289,0.998535,-0.427246,-5.98145,-0.915527,2364,2029,-6999,
0.00500011,0.0410156,0.0512695,0.981934,1.52588,9.0332,-1.89209,2362,2029,-6998,
0.00500011,0.0410156,0.0512695,0.981934,1.52588,9.0332,-1.89209,2362,2029,-6996,
0.00500011,0.0410156,0.0512695,0.981934,1.52588,9.0332,-1.89209,2362,2030,-6996,
0.00499964,0.0410156,0.0512695,0.981934,1.52588,9.0332,-1.89209,2362,2030,-6992,
0.00500011,0.03125,0.0429688,0.98291,1.2207,10.376,-2.50244,2363,2029,-6990,
0.00500011,0.03125,0.0429688,0.98291,1.2207,10.376,-2.50244,2364,2028,-6992,
0.00500011,0.03125,0.0429688,0.98291,1.2207,10.376,-2.50244,2366,2026,-6990,
0.00499964,0.03125,0.0429688,0.98291,1.2207,10.376,-2.50244,2369,2024,-6990,
0.00500011,0.0517578,0.0424805,1.02881,-0.12207,-2.01416,-2.01416,2370,2024,-6995,
0.00500011,0.0517578,0.0424805,1.02881,-0.12207,-2.01416,-2.01416,2369,2024,-6999,
0.00500011,0.0517578,0.0424805,1.02881,-0.12207,-2.01416,-2.01416,2369,2026,-7000,
0.00500011,0.0517578,0.0424805,1.02881,-0.12207,-2.01416,-2.01416,2367,2027,-7007,
0.00499964,0.0493164,0.0551758,1.00537,1.64795,-16.9067,-1.2207,2362,2029,-7007,
0.00500011,0.0493164,0.0551758,1.00537,1.64795,-16.9067,-1.2207,2358,2031,-7010,
0.00500011,0.0493164,0.0551758,1.00537,1.64795,-16.9067,-1.2207,2354,2032,-7013,
0.00500011,0.0493164,0.0551758,1.00537,1.64795,-16.9067,-1.2207,2348,2033,-7014,
0.00499964,0.0522461,0.0561523,0.963379,4.45557,-18.3105,-0.183105,2344,2032,-7015,
0.00500011,0.0522461,0.0561523,0.963379,4.45557,-18.3105,-0.183105,2339,2029,-7017,
0.00500011,0.0522461,0.0561523,0.963379,4.45557,-18.3105,-0.183105,2333,2025,-7018,
0.00500011,0.0522461,0.0561523,0.963379,4.45557,-18.3105,-0.183105,2327,2022,-7020,
0.00499964,0.0683594,0.0571289,0.998047,3.96729,-7.87354,0.244141,2323,2020,-7023,
0.00500011,0.0683594,0.0571289,0.998047,3.96729,-7.87354,0.244141,2318,2018,-7026,
0.00500011,0.0683594,0.0571289,0.998047,3.96729,-7.87354,0.244141,2314,2015,-7030,
0.00500011,0.0683594,0.0571289,0.998047,3.96729,-7.87354,0.244141,2310,2012,-7030,
0.00499964,0.0629883,0.0585938,1.01123,5.43213,7.20215,-0.976562,2306,2010,-7030,
0.00500011,0.0629883,0.0585938,1.01123,5.43213,7.20215,-0.976562,2301,2007,-7030,
0.00500011,0.0629883,0.0585938,1.01123,5.43213,7.20215,-0.976562,2298,2008,-7031,
0.00500011,0.0629883,0.0585938,1.01123,5.43213,7.20215,-0.976562,2296,2008,-7027,
0.00499964,0.0649414,0.0561523,1.01367,5.37109,11.7188,-3.11279,2296,2009,-7023,
0.00500011,0.0649414,0.0561523,1.01367,5.37109,11.7188,-3.11279,2298,2010,-7018,
0.00500011,0.0649414,0.0561523,1.01367,5.37109,11.7188,-3.11279,2301,2009,-7013,
0.00500011,0.0649414,0.0561523,1.01367,5.37109,11.7188,-3.11279,2304,2009,-7011,
0.00499964,0.0449219,0.050293,0.974121,4.63867,4.63867,-3.84521,2306,2007,-7009,
0.00500011,0.0449219,0.050293,0.974121,4.63867,4.63867,-3.84521,2308,2004,-7005,
0.00500011,0.0449219,0.050293,0.974121,4.63867,4.63867,-3.84521,2310,2002,-7002,
0.00500011,0.0449219,0.050293,0.974121,4.63867,4.63867,-3.84521,2313,1999,-7000,
0.00500011,0.0322266,0.0561523,1.00195,2.56348,-4.82178,-3.23486,2312,1997,-7000,
0.00499964,0.0322266,0.0561523,1.00195,2.56348,-4.82178,-3.23486,2310,1996,-7001,
0.00500011,0.0322266,0.0561523,1.00195,2.56348,-4.82178,-3.23486,2309,1994,-7004,
0.00500011,0.0322266,0.0561523,1.00195,2.56348,-4.82178,-3.23486,2307,1992,-7006,
0.00500011,0.0532227,0.0639648,0.987305,0.427246,-5.24902,-1.95312,2307,1989,-7008,
0.00499964,0.0532227,0.0639648,0.987305,0.427246,-5.24902,-1.95312,2306,1983,-7013,
0.00500011,0.0532227,0.0639648,0.987305,0.427246,-5.24902,-1.95312,2307,1978,-7013,
0.00500011,0.0532227,0.0639648,0.987305,0.427246,-5.24902,-1.95312,2306,1975,-7017,
0.00500011,0.0639648,0.0615234,1.00928,1.09863,-0.610352,-0.183105,2306,1972,-7019,
0.00499964,0.0639648,0.0615234,1.00928,1.09863,-0.610352,-0.183105,2306,1971,-7019,
0.00500011,0.0639648,0.0615234,1.00928,1.09863,-0.610352,-0.183105,2306,1970,-7022,
0.00500011,0.0639648,0.0615234,1.00928,1.09863,-0.610352,-0.183105,2307,1969,-7025,
0.00500011,0.0585938,0.0600586,1.01465,-0.854492,5.37109,-0.732422,2308,1972,-7027,
0.00499964,0.0585938,0.0600586,1.01465,-0.854492,5.37109,-0.732422,2310,1973,-7030,
0.00500011,0.0585938,0.0600586,1.01465,-0.854492,5.37109,-0.732422,2310,1975,-7032,
0.00500011,0.0585938,0.0600586,1.01465,-0.854492,5.37109,-0.732422,2311,1975,-7034,
0.00500011,0.0537109,0.0541992,0.969727,-1.89209,7.08008,-1.2207,2308,1975,-7035,
0.00499964,0.0537109,0.0541992,0.969727,-1.89209,7.08008,-1.2207,2305,1978,-7036,
0.00500011,0.0537109,0.0541992,0.969727,-1.89209,7.08008,-1.2207,2302,1980,-7037,
0.00500011,0.0537109,0.0541992,0.969727,-1.89209,7.08008,-1.2207,2303,1982,-7041,
0.00500011,0.0498047,0.0478516,0.961914,-1.77002,-12.2681,0.671387,2302,1984,-7045,
0.00499964,0.0498047,0.0478516,0.961914,-1.77002,-12.2681,0.671387,2300,1984,-7049,
0.00500011,0.0498047,0.0478516,0.961914,-1.77002,-12.2681,0.671387,2298,1984,-7051,
0.00500011,0.0498047,0.0478516,0.961914,-1.77002,-12.2681,0.671387,2294,1985,-7047,
0.00500011,0.0708008,0.0703125,1.01953,-0.854492,-10.376,1.46484,2289,1983,-7046,
0.00500011,0.0708008,0.0703125,1.01953,-0.854492,-10.376,1.46484,2285,1984,-7041,
0.00499964,0.0708008,0.0703125,1.01953,-0.854492,-10.376,1.46484,2281,1985,-7037,
0.00500011,0.0708008,0.0703125,1.01953,-0.854492,-10.376,1.46484,2277,1986,-7034,
0.00500011,0.0629883,0.0605469,1.01465,-2.80762,-0.244141,0.366211,2275,1989,-7033,
0.00500011,0.0629883,0.0605469,1.01465,-2.80762,-0.244141,0.366211,2273,1992,-7032,
0.00499964,0.0629883,0.0605469,1.01465,-2.80762,-0.244141,0.366211,2273,1994,-7031,
0.00500011,0.0629883,0.0605469,1.01465,-2.80762,-0.244141,0.366211,2272,1992,-7034,
0.00500011,0.050293,0.0527344,0.992676,-0.427246,16.1743,0.854492,2274,1990,-7037,
0.00500011,0.050293,0.0527344,0.992676,-0.427246,16.1743,0.854492,2277,1988,-7037,
0.00499964,0.050293,0.0527344,0.992676,-0.427246,16.1743,0.854492,2279,1990,-7037,
0.00500011,0.050293,0.0527344,0.992676,-0.427246,16.1743,0.854492,2282,1992,-7036,
0.00500011,0.0498047,0.050293,0.959473,-0.488281,3.90625,-0.0610352,2284,1998,-7035,
0.00500011,0.0498047,0.050293,0.959473,-0.488281,3.90625,-0.0610352,2286,2001,-7036,
0.00499964,0.0498047,0.050293,0.959473,-0.488281,3.90625,-0.0610352,2289,2002,-7040,
0.00500011,0.0498047,0.050293,0.959473,-0.488281,3.90625,-0.0610352,2292,2001,-7040,
0.00500011,0.059082,0.0644531,1.00977,-2.80762,-5.00488,-0.671387,2295,1998,-7042,
0.00500011,0.059082,0.0644531,1.00977,-2.80762,-5.00488,-0.671387,2298,1997,-7039,
0.00499964,0.059082,0.0644531,1.00977,-2.80762,-5.00488,-0.671387,2300,1996,-7034,
0.00500011,0.059082,0.0644531,1.00977,-2.80762,-5.00488,-0.671387,2300,1995,-7030,
0.00500011,0.0737305,0.0664062,1.00488,-0.793457,-2.19727,-1.70898,2300,1996,-7026,
0.00500011,0.0737305,0.0664062,1.00488,-0.793457,-2.19727,-1.70898,2299,1997,-7024,
0.00499964,0.0737305,0.0664062,1.00488,-0.793457,-2.19727,-1.70898,2297,1999,-7027,
0.00500011,0.0737305,0.0664062,1.00488,-0.793457,-2.19727,-1.70898,2297,2002,-7029,
0.00500011,0.0625,0.0581055,1.00293,2.31934,8.11768,-2.31934,2298,2004,-7030,
0.00500011,0.0625,0.0581055,1.00293,2.31934,8.11768,-2.31934,2299,2006,-7030,
0.00500011,0.0625,0.0581055,1.00293,2.31934,8.11768,-2.31934,2300,2006,-7031,
0.00499964,0.0625,0.0581055,1.00293,2.31934,8.11768,-2.31934,2302,2001,-7032,
0.00500011,0.0239258,0.050293,1.01221,2.56348,6.7749,-1.2207,2302,1999,-7032,
0.00500011,0.0239258,0.050293,1.01221,2.56348,6.7749,-1.2207,2303,1995,-7032,
0.00500011,0.0239258,0.050293,1.01221,2.56348,6.7749,-1.2207,2307,1993,-7034,
0.00499964,0.0239258,0.050293,1.01221,2.56348,6.7749,-1.2207,2310,1993,-7038,
0.00500011,0.0449219,0.0625,1.00928,2.80762,4.08936,-0.183105,2312,1993,-7041,
0.00500011,0.0449219,0.0625,1.00928,2.80762,4.08936,-0.183105,2315,1993,-7043,
0.00500011,0.0449219,0.0625,1.00928,2.80762,4.08936,-0.183105,2317,1993,-7042,
0.00499964,0.0449219,0.0625,1.00928,2.80762,4.08936,-0.183105,2321,1992,-7037,
0.00500011,0.0512695,0.0581055,0.991699,0.610352,-0.427246,0.427246,2324,1990,-7035,
0.00500011,0.0512695,0.0581055,0.991699,0.610352,-0.427246,0.427246,2327,1987,-7032,
0.00500011,0.0512695,0.0581055,0.991699,0.610352,-0.427246,0.427246,2329,1986,-7031,
0.00499964,0.0512695,0.0581055,0.991699,0.610352,-0.427246,0.427246,2329,1983,-7032,
0.00500011,0.0488281,0.0595703,0.994629,0.610352,-6.46973,0.305176,2328,1980,-7035,
0.00500011,0.0488281,0.0595703,0.994629,0.610352,-6.46973,0.305176,2328,1980,-7040,
0.00500011,0.0488281,0.0595703,0.994629,0.610352,-6.46973,0.305176,2326,1978,-7047,
0.00499964,0.0488281,0.0595703,0.994629,0.610352,-6.46973,0.305176,2325,1977,-7051,
0.00500011,0.0673828,0.0654297,0.998535,1.0376,0.183105,-0.427246,2325,1979,-7053,
0.00500011,0.0673828,0.0654297,0.998535,1.0376,0.183105,-0.427246,2325,1979,-7052,
0.00500011,0.0673828,0.0654297,0.998535,1.0376,0.183105,-0.427246,2325,1979,-7046,
0.00499964,0.0673828,0.0654297,0.998535,1.0376,0.183105,-0.427246,2325,1980,-7041,
0.00500011,0.0415039,0.0571289,1.00293,4.21143,4.08936,0,2325,1978,-7035,
0.00500011,0.0415039,0.0571289,1.00293,4.21143,4.08936,0,2325,1977,-7030,
0.00500011,0.0415039,0.0571289,1.00293,4.21143,4.08936,0,2326,1977,-7030,
0.00500011,0.0415039,0.0571289,1.00293,4.21143,4.08936,0,2327,1975,-7030,
0.00499964,0.0458984,0.0625,1.00977,2.2583,-0.915527,0.549316,2327,1974,-7034,
0.00500011,0.0458984,0.0625,1.00977,2.2583,-0.915527,0.549316,2328,1971,-7038,
0.00500011,0.0458984,0.0625,1.00977,2.2583,-0.915527,0.549316,2328,1969,-7037,
0.00500011,0.0458984,0.0625,1.00977,2.2583,-0.915527,0.549316,2329,1967,-7040,
0.00499964,0.0610352,0.0600586,0.966797,-1.09863,-7.93457,0,2327,1965,-7042,
0.00500011,0.0610352,0.0600586,0.966797,-1.09863,-7.93457,0,2325,1963,-7042,
0.00500011,0.0610352,0.0600586,0.966797,-1.09863,-7.93457,0,2321,1962,-7045,
0.00500011,0.0610352,0.0600586,0.966797,-1.09863,-7.93457,0,2318,1962,-7047,
0.00499964,0.050293,0.0654297,0.976074,-0.305176,-4.21143,0.610352,2315,1963,-7046,
0.00500011,0.050293,0.0654297,0.976074,-0.305176,-4.21143,0.610352,2312,1967,-7049,
0.00500011,0.050293,0.0654297,0.976074,-0.305176,-4.21143,0.610352,2308,1972,-7049,
0.00500011,0.050293,0.0654297,0.976074,-0.305176,-4.21143,0.610352,2304,1974,-7048,
0.00499964,0.0576172,0.0678711,0.990723,0.915527,-4.76074,1.64795,2301,1976,-7050,
0.00500011,0.0576172,0.0678711,0.990723,0.915527,-4.76074,1.64795,2301,1976,-7051,
0.00500011,0.0576172,0.0678711,0.990723,0.915527,-4.76074,1.64795,2302,1975,-7053,
0.00500011,0.0576172,0.0678711,0.990723,0.915527,-4.76074,1.64795,2300,1975,-7056,
0.00499964,0.0649414,0.065918,1.02051,1.89209,-9.94873,1.64795,2298,1974,-7058,
0.00500011,0.0649414,0.065918,1.02051,1.89209,-9.94873,1.64795,2293,1974,-7058,
0.00500011,0.0649414,0.065918,1.02051,1.89209,-9.94873,1.64795,2287,1973,-7058,
0.00500011,0.0649414,0.065918,1.02051,1.89209,-9.94873,1.64795,2282,1972,-7060,
0.00499964,0.0380859,0.0585938,1.03076,0.305176,-0.549316,0.610352,2277,1971,-7059,
0.00500011,0.0380859,0.0585938,1.03076,0.305176,-0.549316,0.610352,2274,1969,-7056,
0.00500011,0.0380859,0.0585938,1.03076,0.305176,-0.549316,0.610352,2275,1967,-7055,
0.00500011,0.0380859,0.0585938,1.03076,0.305176,-0.549316,0.610352,2275,1964,-7051,
0.00500011,0.0571289,0.0649414,0.989746,-0.305176,6.5918,0,2276,1964,-7046,
0.00499964,0.0571289,0.0649414,0.989746,-0.305176,6.5918,0,2278,1965,-7044,
0.00500011,0.0571289,0.0649414,0.989746,-0.305176,6.5918,0,2279,1967,-7043,
0.00500011,0.0571289,0.0649414,0.989746,-0.305176,6.5918,0,2281,1969,-7041,
0.00500011,0.0527344,0.059082,0.976562,0,9.46045,-0.732422,2284,1968,-7040,
0.00499964,0.0527344,0.059082,0.976562,0,9.46045,-0.732422,2286,1967,-7041,
0.00500011,0.0527344,0.059082,0.976562,0,9.46045,-0.732422,2288,1964,-7043,
0.00500011,0.0527344,0.059082,0.976562,0,9.46045,-0.732422,2291,1962,-7046,
0.00500011,0.0654297,0.0576172,0.984863,-3.90625,2.80762,-0.793457,2293,1962,-7049,
0.00499964,0.0654297,0.0576172,0.984863,-3.90625,2.80762,-0.793457,2293,1962,-7050,
0.00500011,0.0654297,0.0576172,0.984863,-3.90625,2.80762,-0.793457,2295,1962,-7052,
0.00500011,0.0654297,0.0576172,0.984863,-3.90625,2.80762,-0.793457,2297,1962,-7054,
0.00500011,0.0556641,0.0644531,0.999023,-4.82178,0.305176,-1.46484,2299,1963,-7055,
0.00499964,0.0556641,0.0644531,0.999023,-4.82178,0.305176,-1.46484,2301,1963,-7054,
0.00500011,0.0556641,0.0644531,0.999023,-4.82178,0.305176,-1.46484,2305,1966,-7054,
0.00500011,0.0556641,0.0644531,0.999023,-4.82178,0.305176,-1.46484,2307,1968,-7051,
0.00500011,0.0703125,0.0678711,1.01172,-3.96729,6.89697,-0.671387,2309,1972,-7046,
0.00499964,0.0703125,0.0678711,1.01172,-3.96729,6.89697,-0.671387,2310,1976,-7043,
0.00500011,0.0703125,0.0678711,1.01172,-3.96729,6.89697,-0.671387,2311,1978,-7044,
0.00500011,0.0703125,0.0678711,1.01172,-3.96729,6.89697,-0.671387,2312,1981,-7045,
0.00500011,0.0527344,0.0527344,0.976074,-1.2207,4.88281,0.183105,2312,1982,-7048,
0.00499964,0.0527344,0.0527344,0.976074,-1.2207,4.88281,0.183105,2310,1983,-7050,
0.00500011,0.0527344,0.0527344,0.976074,-1.2207,4.88281,0.183105,2309,1985,-7049,
0.00500011,0.0527344,0.0527344,0.976074,-1.2207,4.88281,0.183105,2307,1987,-7045,
0.00500011,0.0371094,0.0498047,0.987793,-1.89209,-0.610352,0.0610352,2306,1990,-7040,
0.00500011,0.0371094,0.0498047,0.987793,-1.89209,-0.610352,0.0610352,2307,1992,-7038,
0.00499964,0.0371094,0.0498047,0.987793,-1.89209,-0.610352,0.0610352,2309,1996,-7035,
0.00500011,0.0371094,0.0498047,0.987793,-1.89209,-0.610352,0.0610352,2309,1998,-7037,
0.00500011,0.0380859,0.0566406,1.01123,-5.92041,3.05176,0.488281,2312,2000,-7043,
0.00500011,0.0380859,0.0566406,1.01123,-5.92041,3.05176,0.488281,2313,2002,-7046,
0.00499964,0.0380859,0.0566406,1.01123,-5.92041,3.05176,0.488281,2314,2004,-7048,
0.00500011,0.0380859,0.0566406,1.01123,-5.92041,3.05176,0.488281,2317,2006,-7047,
0.00500011,0.0493164,0.0571289,1.00244,-3.66211,5.18799,1.15967,2320,2009,-7039,
0.00500011,0.0493164,0.0571289,1.00244,-3.66211,5.18799,1.15967,2323,2013,-7034,
0.00499964,0.0493164,0.0571289,1.00244,-3.66211,5.18799,1.15967,2328,2018,-7031,
0.00500011,0.0493164,0.0571289,1.00244,-3.66211,5.18799,1.15967,2332,2021,-7028,
0.00500011,0.0634766,0.0571289,0.958496,-3.66211,-6.40869,1.15967,2335,2027,-7027,
0.00500011,0.0634766,0.0571289,0.958496,-3.66211,-6.40869,1.15967,2338,2031,-7027,
0.00499964,0.0634766,0.0571289,0.958496,-3.66211,-6.40869,1.15967,2339,2035,-7026,
0.00500011,0.0634766,0.0571289,0.958496,-3.66211,-6.40869,1.15967,2338,2036,-7024,
0.00500011,0.0512695,0.0600586,1.01514,-1.58691,-15.1367,0.732422,2336,2035,-7022,
0.00500011,0.0512695,0.0600586,1.01514,-1.58691,-15.1367,0.732422,2332,2035,-7025,
0.00499964,0.0512695,0.0600586,1.01514,-1.58691,-15.1367,0.732422,2330,2034,-7027,
0.00500011,0.0512695,0.0600586,1.01514,-1.58691,-15.1367,0.732422,2328,2036,-7030,
0.00500011,0.0400391,0.0581055,1.02393,0.854492,-2.92969,-0.305176,2325,2040,-7034,
0.00500011,0.0400391,0.0581055,1.02393,0.854492,-2.92969,-0.305176,2323,2042,-7036,
0.00499964,0.0400391,0.0581055,1.02393,0.854492,-2.92969,-0.305176,2322,2044,-7035,
0.00500011,0.0400391,0.0581055,1.02393,0.854492,-2.92969,-0.305176,2322,2045,-7029,
0.00500011,0.0649414,0.050293,0.996582,2.31934,4.82178,-0.549316,2321,2046,-7023,
0.00500011,0.0649414,0.050293,0.996582,2.31934,4.82178,-0.549316,2318,2046,-7020,
0.00500011,0.0649414,0.050293,0.996582,2.31934,4.82178,-0.549316,2316,2045,-7021,
0.00499964,0.0649414,0.050293,0.996582,2.31934,4.82178,-0.549316,2313,2044,-7024,
0.00500011,0.0561523,0.0473633,1.0083,3.35693,11.1084,-0.915527,2311,2043,-7022,
0.00500011,0.0561523,0.0473633,1.0083,3.35693,11.1084,-0.915527,2314,2039,-7020,
0.00500011,0.0561523,0.0473633,1.0083,3.35693,11.1084,-0.915527,2316,2036,-7015,
0.00499964,0.0561523,0.0473633,1.0083,3.35693,11.1084,-0.915527,2318,2033,-7011,
0.00500011,0.0341797,0.0439453,1.00635,0.915527,7.62939,-0.549316,2323,2031,-7013,
0.00500011,0.0341797,0.0439453,1.00635,0.915527,7.62939,-0.549316,2329,2031,-7013,
0.00500011,0.0341797,0.0439453,1.00635,0.915527,7.62939,-0.549316,2333,2032,-7009,
0.00499964,0.0341797,0.0439453,1.00635,0.915527,7.62939,-0.549316,2338,2030,-7008,
0.00500011,0.0419922,0.0537109,0.990723,-0.244141,-7.62939,0.793457,2339,2029,-7005,
0.00500011,0.0419922,0.0537109,0.990723,-0.244141,-7.62939,0.793457,2339,2029,-7007,
0.00500011,0.0419922,0.0537109,0.990723,-0.244141,-7.62939,0.793457,2338,2028,-7011,
0.00499964,0.0419922,0.0537109,0.990723,-0.244141,-7.62939,0.793457,2338,2029,-7014,
0.00500011,0.0649414,0.0649414,1.01514,-0.12207,-0.549316,1.46484,2338,2031,-7017,
0.00500011,0.0649414,0.0649414,1.01514,-0.12207,-0.549316,1.46484,2339,2030,-7016,
0.00500011,0.0649414,0.0649414,1.01514,-0.12207,-0.549316,1.46484,2340,2029,-7020,
0.00499964,0.0649414,0.0649414,1.01514,-0.12207,-0.549316,1.46484,2341,2027,-7025,
0.00500011,0.0615234,0.059082,1,-0.12207,3.66211,0.793457,2342,2026,-7031,
0.00500011,0.0615234,0.059082,1,-0.12207,3.66211,0.793457,2340,2026,-7035,
0.00500011,0.0615234,0.059082,1,-0.12207,3.66211,0.793457,2340,2027,-7035,
0.00499964,0.0615234,0.059082,1,-0.12207,3.66211,0.793457,2341,2029,-7035,
0.00500011,0.043457,0.0522461,0.995117,-0.244141,4.76074,0,2342,2031,-7034,
0.00500011,0.043457,0.0522461,0.995117,-0.244141,4.76074,0,2344,2031,-7033,
0.00500011,0.043457,0.0522461,0.995117,-0.244141,4.76074,0,2348,2029,-7032,
0.00500011,0.043457,0.0522461,0.995117,-0.244141,4.76074,0,2351,2027,-7033,
0.00499964,0.0415039,0.0546875,0.974609,-1.46484,2.19727,-0.854492,2355,2024,-7031,
0.00500011,0.0415039,0.0546875,0.974609,-1.46484,2.19727,-0.854492,2356,2023,-7031,
0.00500011,0.0415039,0.0546875,0.974609,-1.46484,2.19727,-0.854492,2357,2023,-7029,
0.00500011,0.0415039,0.0546875,0.974609,-1.46484,2.19727,-0.854492,2357,2024,-7025,
0.00499964,0.0385742,0.0532227,1.00195,-2.86865,4.08936,-1.09863,2357,2025,-7020,
0.00500011,0.0385742,0.0532227,1.00195,-2.86865,4.08936,-1.09863,2358,2027,-7014,
0.00500011,0.0385742,0.0532227,1.00195,-2.86865,4.08936,-1.09863,2360,2028,-7006,
0.00500011,0.0385742,0.0532227,1.00195,-2.86865,4.08936,-1.09863,2364,2028,-7004,
0.00499964,0.0541992,0.0551758,0.983398,-2.80762,3.35693,0.366211,2367,2031,-7001,
0.00500011,0.0541992,0.0551758,0.983398,-2.80762,3.35693,0.366211,2370,2033,-7002,
0.00500011,0.0541992,0.0551758,0.983398,-2.80762,3.35693,0.366211,2373,2034,-7004,
0.00500011,0.0541992,0.0551758,0.983398,-2.80762,3.35693,0.366211,2374,2036,-7004,
0.00499964,0.0415039,0.0512695,1.0127,2.50244,-0.976562,0,2374,2037,-7002,
0.00500011,0.0415039,0.0512695,1.0127,2.50244,-0.976562,0,2373,2039,-6999,
0.00500011,0.0415039,0.0512695,1.0127,2.50244,-0.976562,0,2371,2041,-6997,
0.00500011,0.0415039,0.0512695,1.0127,2.50244,-0.976562,0,2370,2042,-6995,
0.00499964,0.0297852,0.0546875,1.00488,2.68555,-9.15527,-0.183105,2368,2044,-6993,
0.00500011,0.0297852,0.0546875,1.00488,2.68555,-9.15527,-0.183105,2368,2045,-6993,
0.00500011,0.0297852,0.0546875,1.00488,2.68555,-9.15527,-0.183105,2367,2046,-6996,
0.00500011,0.0297852,0.0546875,1.00488,2.68555,-9.15527,-0.183105,2367,2047,-6999,
0.00499964,0.0551758,0.0537109,0.993164,-1.15967,1.58691,-0.244141,2364,2047,-7002,
0.00500011,0.0551758,0.0537109,0.993164,-1.15967,1.58691,-0.244141,2363,2046,-7004,
0.00500011,0.0551758,0.0537109,0.993164,-1.15967,1.58691,-0.244141,2364,2046,-7003,
0.00500011,0.0551758,0.0537109,0.993164,-1.15967,1.58691,-0.244141,2365,2045,-7007,
0.00500011,0.0629883,0.0507812,0.961914,-2.2583,8.11768,-0.12207,2366,2044,-7011,
0.00499964,0.0629883,0.0507812,0.961914,-2.2583,8.11768,-0.12207,2369,2044,-7014,
0.00500011,0.0629883,0.0507812,0.961914,-2.2583,8.11768,-0.12207,2370,2045,-7013,
0.00500011,0.0629883,0.0507812,0.961914,-2.2583,8.11768,-0.12207,2370,2048,-7010,
0.00500011,0.0473633,0.0532227,0.976074,-2.31934,0.427246,0.12207,2370,2053,-7008,
0.00499964,0.0473633,0.0532227,0.976074,-2.31934,0.427246,0.12207,2370,2056,-7003,
0.00500011,0.0473633,0.0532227,0.976074,-2.31934,0.427246,0.12207,2370,2060,-6998,
0.00500011,0.0473633,0.0532227,0.976074,-2.31934,0.427246,0.12207,2371,2062,-6994,
0.00500011,0.0332031,0.0522461,1.02686,-3.11279,-4.15039,0,2370,2064,-6989,
0.00499964,0.0332031,0.0522461,1.02686,-3.11279,-4.15039,0,2368,2063,-6989,
0.00500011,0.0332031,0.0522461,1.02686,-3.11279,-4.15039,0,2366,2062,-6990,
0.00500011,0.0332031,0.0522461,1.02686,-3.11279,-4.15039,0,2365,2063,-6994,
0.00500011,0.0600586,0.0507812,1.00732,-0.671387,4.3335,-0.305176,2364,2062,-6998,
0.00499964,0.0600586,0.0507812,1.00732,-0.671387,4.3335,-0.305176,2364,2061,-7001,
0.00500011,0.0600586,0.0507812,1.00732,-0.671387,4.3335,-0.305176,2364,2061,-7004,
0.00500011,0.0600586,0.0507812,1.00732,-0.671387,4.3335,-0.305176,2363,2059,-7006,
0.00500011,0.0166016,0.0419922,1.00488,1.40381,-7.56836,0.0610352,2364,2058,-7008,
0.00499964,0.0166016,0.0419922,1.00488,1.40381,-7.56836,0.0610352,2363,2057,-7006,
0.00500011,0.0166016,0.0419922,1.00488,1.40381,-7.56836,0.0610352,2361,2056,-7005,
0.00500011,0.0166016,0.0419922,1.00488,1.40381,-7.56836,0.0610352,2359,2055,-7007,
0.00500011,0.0439453,0.0600586,1.01465,2.01416,-7.87354,0.793457,2359,2052,-7009,
0.00499964,0.0439453,0.0600586,1.01465,2.01416,-7.87354,0.793457,2359,2052,-7014,
0.00500011,0.0439453,0.0600586,1.01465,2.01416,-7.87354,0.793457,2359,2048,-7020,
0.00500011,0.0439453,0.0600586,1.01465,2.01416,-7.87354,0.793457,2359,2045,-7026,
0.00500011,0.0742188,0.0620117,1.00244,2.99072,3.23486,0.305176,2356,2042,-7030,
0.00500011,0.0742188,0.0620117,1.00244,2.99072,3.23486,0.305176,2354,2041,-7033,
0.00499964,0.0742188,0.0620117,1.00244,2.99072,3.23486,0.305176,2353,2041,-7035,
0.00500011,0.0742188,0.0620117,1.00244,2.99072,3.23486,0.305176,2354,2041,-7037,
0.00500011,0.0546875,0.046875,0.972168,0.0610352,5.79834,-0.488281,2354,2041,-7036,
0.00500011,0.0546875,0.046875,0.972168,0.0610352,5.79834,-0.488281,2355,2041,-7036,
0.00499964,0.0546875,0.046875,0.972168,0.0610352,5.79834,-0.488281,2357,2040,-7036,
0.00500011,0.0546875,0.046875,0.972168,0.0610352,5.79834,-0.488281,2358,2039,-7035,
0.00500011,0.0307617,0.0522461,1.01807,-1.28174,3.54004,-1.09863,2359,2038,-7033,
0.00500011,0.0307617,0.0522461,1.01807,-1.28174,3.54004,-1.09863,2360,2036,-7032,
0.00499964,0.0307617,0.0522461,1.01807,-1.28174,3.54004,-1.09863,2361,2037,-7028,
0.00500011,0.0307617,0.0522461,1.01807,-1.28174,3.54004,-1.09863,2364,2038,-7024,
0.00500011,0.0380859,0.0566406,1.00635,-1.70898,8.54492,-1.28174,2366,2040,-7021,
0.00500011,0.0380859,0.0566406,1.00635,-1.70898,8.54492,-1.28174,2370,2043,-7014,
0.00499964,0.0380859,0.0566406,1.00635,-1.70898,8.54492,-1.28174,2374,2045,-7006,
0.00500011,0.0380859,0.0566406,1.00635,-1.70898,8.54492,-1.28174,2376,2047,-7000,
0.00500011,0.0385742,0.0473633,0.981445,-0.366211,-0.244141,-0.366211,2377,2047,-6995,
0.00500011,0.0385742,0.0473633,0.981445,-0.366211,-0.244141,-0.366211,2377,2046,-6993,
0.00499964,0.0385742,0.0473633,0.981445,-0.366211,-0.244141,-0.366211,2378,2045,-6994,
0.00500011,0.0385742,0.0473633,0.981445,-0.366211,-0.244141,-0.366211,2379,2045,-6993,
0.00500011,0.0566406,0.0551758,1.00732,0.488281,-3.35693,0.671387,2380,2044,-6994,
0.00500011,0.0566406,0.0551758,1.00732,0.488281,-3.35693,0.671387,2381,2043,-6998,
0.00499964,0.0566406,0.0551758,1.00732,0.488281,-3.35693,0.671387,2382,2041,-7003,
0.00500011,0.0566406,0.0551758,1.00732,0.488281,-3.35693,0.671387,2383,2038,-7008,
0.00500011,0.0395508,0.0551758,0.993164,0.976562,0.183105,0.305176,2384,2036,-7012,
0.00500011,0.0395508,0.0551758,0.993164,0.976562,0.183105,0.305176,2385,2035,-7014,
0.00500011,0.0395508,0.0551758,0.993164,0.976562,0.183105,0.305176,2386,2035,-7013,
0.00499964,0.0395508,0.0551758,0.993164,0.976562,0.183105,0.305176,2386,2036,-7013,
0.00500011,0.0302734,0.0527344,0.987793,1.2207,-8.78906,1.2207,2384,2039,-7013,
0.00500011,0.0302734,0.0527344,0.987793,1.2207,-8.78906,1.2207,2382,2041,-7012,
0.00500011,0.0302734,0.0527344,0.987793,1.2207,-8.78906,1.2207,2379,2042,-7012,
0.00499964,0.0302734,0.0527344,0.987793,1.2207,-8.78906,1.2207,2376,2042,-7013,
0.00500011,0.0556641,0.0585938,1.00732,3.23486,-5.37109,1.15967,2371,2041,-7012,
0.00500011,0.0556641,0.0585938,1.00732,3.23486,-5.37109,1.15967,2367,2038,-7013,
0.00500011,0.0556641,0.0585938,1.00732,3.23486,-5.37109,1.15967,2365,2034,-7014,
0.00499964,0.0556641,0.0585938,1.00732,3.23486,-5.37109,1.15967,2360,2033,-7016,
0.00500011,0.0517578,0.0546875,0.986816,5.5542,-7.75146,-0.244141,2358,2030,-7018,
0.00500011,0.0517578,0.0546875,0.986816,5.5542,-7.75146,-0.244141,2354,2028,-7018,
0.00500011,0.0517578,0.0546875,0.986816,5.5542,-7.75146,-0.244141,2350,2027,-7015,
0.00499964,0.0517578,0.0546875,0.986816,5.5542,-7.75146,-0.244141,2348,2025,-7014,
0.00500011,0.059082,0.0634766,0.992676,7.44629,-1.34277,-0.976562,2346,2024,-7014,
0.00500011,0.059082,0.0634766,0.992676,7.44629,-1.34277,-0.976562,2343,2022,-7016,
0.00500011,0.059082,0.0634766,0.992676,7.44629,-1.34277,-0.976562,2340,2019,-7019,
0.00499964,0.059082,0.0634766,0.992676,7.44629,-1.34277,-0.976562,2339,2015,-7022,
0.00500011,0.0439453,0.0581055,1.00928,4.27246,0.0610352,-2.13623,2338,2011,-7025,
0.00500011,0.0439453,0.0581055,1.00928,4.27246,0.0610352,-2.13623,2338,2009,-7023,
0.00500011,0.0439453,0.0581055,1.00928,4.27246,0.0610352,-2.13623,2339,2008,-7022,
0.00499964,0.0439453,0.0581055,1.00928,4.27246,0.0610352,-2.13623,2339,2007,-7024,
0.00500011,0.065918,0.0571289,0.994629,-0.854492,1.0376,-2.50244,2339,2006,-7025,
0.00500011,0.065918,0.0571289,0.994629,-0.854492,1.0376,-2.50244,2340,2004,-7027,
0.00500011,0.065918,0.0571289,0.994629,-0.854492,1.0376,-2.50244,2340,2004,-7029,
0.00500011,0.065918,0.0571289,0.994629,-0.854492,1.0376,-2.50244,2340,2002,-7034,
0.00499964,0.0473633,0.0527344,0.993652,1.2207,4.15039,-2.92969,2340,2000,-7036,
0.00500011,0.0473633,0.0527344,0.993652,1.2207,4.15039,-2.92969,2340,1999,-7035,
0.00500011,0.0473633,0.0527344,0.993652,1.2207,4.15039,-2.92969,2340,1998,-7033,
0.00500011,0.0473633,0.0527344,0.993652,1.2207,4.15039,-2.92969,2341,1995,-7031,
0.00499964,0.0424805,0.059082,1.00781,2.44141,7.62939,-2.56348,2342,1993,-7028,
0.00500011,0.0424805,0.059082,1.00781,2.44141,7.62939,-2.56348,2342,1991,-7026,
0.00500011,0.0424805,0.059082,1.00781,2.44141,7.62939,-2.56348,2342,1991,-7023,
0.00500011,0.0424805,0.059082,1.00781,2.44141,7.62939,-2.56348,2342,1991,-7021,
0.00499964,0.0473633,0.0585938,1.00293,-1.2207,9.82666,-0.793457,2345,1994,-7016,
0.00500011,0.0473633,0.0585938,1.00293,-1.2207,9.82666,-0.793457,2348,1998,-7015,
0.00500011,0.0473633,0.0585938,1.00293,-1.2207,9.82666,-0.793457,2352,2002,-7014,
0.00500011,0.0473633,0.0585938,1.00293,-1.2207,9.82666,-0.793457,2356,2002,-7012,
0.00499964,0.0493164,0.0551758,0.980469,-5.5542,3.41797,1.46484,2359,2001,-7010,
0.00500011,0.0493164,0.0551758,0.980469,-5.5542,3.41797,1.46484,2362,2002,-7007,
0.00500011,0.0493164,0.0551758,0.980469,-5.5542,3.41797,1.46484,2366,2001,-7003,
0.00500011,0.0493164,0.0551758,0.980469,-5.5542,3.41797,1.46484,2369,2002,-7001,
0.00499964,0.0380859,0.0620117,0.989258,-2.50244,-9.82666,2.56348,2371,2004,-6997,
0.00500011,0.0380859,0.0620117,0.989258,-2.50244,-9.82666,2.56348,2370,2005,-6993,
0.00500011,0.0380859,0.0620117,0.989258,-2.50244,-9.82666,2.56348,2368,2008,-6990,
0.00500011,0.0380859,0.0620117,0.989258,-2.50244,-9.82666,2.56348,2366,2009,-6990,
0.00499964,0.0546875,0.0698242,0.992676,3.17383,-5.31006,1.89209,2365,2008,-6995,
0.00500011,0.0546875,0.0698242,0.992676,3.17383,-5.31006,1.89209,2366,2008,-7001,
0.00500011,0.0546875,0.0698242,0.992676,3.17383,-5.31006,1.89209,2366,2007,-7007,
0.00500011,0.0546875,0.0698242,0.992676,3.17383,-5.31006,1.89209,2365,2007,-7009,
0.00500011,0.0551758,0.0625,0.996582,2.50244,-1.46484,0.488281,2364,2007,-7010,
0.00499964,0.0551758,0.0625,0.996582,2.50244,-1.46484,0.488281,2360,2006,-7010,
0.00500011,0.0551758,0.0625,0.996582,2.50244,-1.46484,0.488281,2358,2005,-7012,
0.00500011,0.0551758,0.0625,0.996582,2.50244,-1.46484,0.488281,2358,2003,-7016,
0.00500011,0.0527344,0.0541992,1.00635,1.0376,4.63867,-0.183105,2357,2001,-7023,
0.00499964,0.0527344,0.0541992,1.00635,1.0376,4.63867,-0.183105,2358,2002,-7027,
0.00500011,0.0527344,0.0541992,1.00635,1.0376,4.63867,-0.183105,2358,2000,-7030,
0.00500011,0.0527344,0.0541992,1.00635,1.0376,4.63867,-0.183105,2357,2000,-7034,
0.00500011,0.0361328,0.0561523,1.00195,-2.01416,4.82178,-0.366211,2356,2000,-7036,
0.00499964,0.0361328,0.0561523,1.00195,-2.01416,4.82178,-0.366211,2356,1999,-7039,
0.00500011,0.0361328,0.0561523,1.00195,-2.01416,4.82178,-0.366211,2358,1999,-7045,
0.00500011,0.0361328,0.0561523,1.00195,-2.01416,4.82178,-0.366211,2359,2002,-7046,
0.00500011,0.0454102,0.0610352,0.991699,-4.21143,-1.28174,-0.488281,2360,2002,-7051,
0.00499964,0.0454102,0.0610352,0.991699,-4.21143,-1.28174,-0.488281,2360,2004,-7052,
0.00500011,0.0454102,0.0610352,0.991699,-4.21143,-1.28174,-0.488281,2357,2004,-7051,
0.00500011,0.0454102,0.0610352,0.991699,-4.21143,-1.28174,-0.488281,2355,2004,-7051,
0.00500011,0.0419922,0.0625,0.997559,-3.72314,-1.15967,-1.0376,2354,2004,-7047,
0.00499964,0.0419922,0.0625,0.997559,-3.72314,-1.15967,-1.0376,2353,2003,-7042,
0.00500011,0.0419922,0.0625,0.997559,-3.72314,-1.15967,-1.0376,2354,2003,-7035,
0.00500011,0.0419922,0.0625,0.997559,-3.72314,-1.15967,-1.0376,2355,2002,-7032,
0.00500011,0.0385742,0.0561523,1.00879,-3.35693,2.01416,-0.732422,2355,2003,-7028,
0.00499964,0.0385742,0.0561523,1.00879,-3.35693,2.01416,-0.732422,2355,2004,-7025,
0.00500011,0.0385742,0.0561523,1.00879,-3.35693,2.01416,-0.732422,2355,2005,-7023,
0.00500011,0.0385742,0.0561523,1.00879,-3.35693,2.01416,-0.732422,2354,2008,-7021,
0.00500011,0.0405273,0.0507812,0.983887,-3.05176,0,0.671387,2354,2009,-7023,
0.00500011,0.0405273,0.0507812,0.983887,-3.05176,0,0.671387,2355,2011,-7022,
0.00499964,0.0405273,0.0507812,0.983887,-3.05176,0,0.671387,2356,2014,-7023,
0.00500011,0.0405273,0.0507812,0.983887,-3.05176,0,0.671387,2358,2015,-7023,
0.00500011,0.0322266,0.0532227,1.00879,-0.976562,0.0610352,0.915527,2360,2019,-7021,
0.00500011,0.0322266,0.0532227,1.00879,-0.976562,0.0610352,0.915527,2362,2020,-7022,
0.00499964,0.0322266,0.0532227,1.00879,-0.976562,0.0610352,0.915527,2365,2022,-7024,
0.00500011,0.0322266,0.0532227,1.00879,-0.976562,0.0610352,0.915527,2368,2024,-7025,
0.00500011,0.050293,0.0546875,1.0083,-0.671387,2.38037,-0.427246,2370,2025,-7025,
0.00500011,0.050293,0.0546875,1.0083,-0.671387,2.38037,-0.427246,2371,2027,-7023,
0.00499964,0.050293,0.0546875,1.0083,-0.671387,2.38037,-0.427246,2370,2029,-7020,
0.00500011,0.050293,0.0546875,1.0083,-0.671387,2.38037,-0.427246,2368,2032,-7020,
0.00500011,0.0512695,0.0498047,0.986328,0.244141,-0.854492,-0.793457,2365,2037,-7020,
0.00500011,0.0512695,0.0498047,0.986328,0.244141,-0.854492,-0.793457,2364,2040,-7019,
0.00499964,0.0512695,0.0498047,0.986328,0.244141,-0.854492,-0.793457,2363,2044,-7015,
0.00500011,0.0512695,0.0498047,0.986328,0.244141,-0.854492,-0.793457,2362,2045,-7012,
0.00500011,0.0600586,0.0546875,0.996094,-0.183105,-4.27246,0.366211,2363,2047,-7010,
0.00500011,0.0600586,0.0546875,0.996094,-0.183105,-4.27246,0.366211,2362,2046,-7011,
0.00499964,0.0600586,0.0546875,0.996094,-0.183105,-4.27246,0.366211,2362,2045,-7017,
0.00500011,0.0600586,0.0546875,0.996094,-0.183105,-4.27246,0.366211,2360,2044,-7024,
0.00500011,0.0546875,0.0532227,1.00146,-1.83105,-1.46484,0.549316,2357,2042,-7029,
0.00500011,0.0546875,0.0532227,1.00146,-1.83105,-1.46484,0.549316,2355,2042,-7030,
0.00499964,0.0546875,0.0532227,1.00146,-1.83105,-1.46484,0.549316,2354,2040,-7031,
0.00500011,0.0546875,0.0532227,1.00146,-1.83105,-1.46484,0.549316,2354,2041,-7032,
0.00500011,0.0576172,0.0551758,0.997559,-2.38037,3.41797,-0.610352,2354,2041,-7033,
0.00500011,0.0576172,0.0551758,0.997559,-2.38037,3.41797,-0.610352,2355,2042,-7034,
0.00500011,0.0576172,0.0551758,0.997559,-2.38037,3.41797,-0.610352,2358,2042,-7036,
0.00499964,0.0576172,0.0551758,0.997559,-2.38037,3.41797,-0.610352,2359,2041,-7040,
0.00500011,0.0517578,0.0512695,1.00439,-0.183105,7.38525,-2.56348,2360,2042,-7045,
0.00500011,0.0517578,0.0512695,1.00439,-0.183105,7.38525,-2.56348,2360,2041,-7049,
0.00500011,0.0517578,0.0512695,1.00439,-0.183105,7.38525,-2.56348,2361,2041,-7051,
0.00499964,0.0517578,0.0512695,1.00439,-0.183105,7.38525,-2.56348,2361,2042,-7052,
0.00500011,0.0375977,0.0541992,0.992676,-2.0752,2.62451,-2.92969,2364,2044,-7046,
0.00500011,0.0375977,0.0541992,0.992676,-2.0752,2.62451,-2.92969,2366,2045,-7040,
0.00500011,0.0375977,0.0541992,0.992676,-2.0752,2.62451,-2.92969,2368,2048,-7035,
0.00499964,0.0375977,0.0541992,0.992676,-2.0752,2.62451,-2.92969,2369,2050,-7030,
0.00500011,0.0332031,0.0610352,1.01855,0,4.21143,-3.17383,2370,2051,-7029,
0.00500011,0.0332031,0.0610352,1.01855,0,4.21143,-3.17383,2371,2052,-7030,
0.00500011,0.0332031,0.0610352,1.01855,0,4.21143,-3.17383,2375,2054,-7030,
0.00499964,0.0332031,0.0610352,1.01855,0,4.21143,-3.17383,2380,2056,-7028,
0.00500011,0.0429688,0.0581055,0.974121,3.23486,6.04248,-3.23486,2385,2058,-7026,
0.00500011,0.0429688,0.0581055,0.974121,3.23486,6.04248,-3.23486,2388,2058,-7025,
0.00500011,0.0429688,0.0581055,0.974121,3.23486,6.04248,-3.23486,2392,2058,-7022,
0.00499964,0.0429688,0.0581055,0.974121,3.23486,6.04248,-3.23486,2393,2058,-7021,
0.00500011,0.0375977,0.0561523,0.975586,5.43213,1.77002,-3.66211,2395,2057,-7020,
0.00500011,0.0375977,0.0561523,0.975586,5.43213,1.77002,-3.66211,2397,2057,-7018,
0.00500011,0.0375977,0.0561523,0.975586,5.43213,1.77002,-3.66211,2399,2056,-7017,
0.00499964,0.0375977,0.0561523,0.975586,5.43213,1.77002,-3.66211,2402,2054,-7014,
0.00500011,0.012207,0.0581055,0.996094,5.12695,0.366211,-4.02832,2403,2050,-7013,
0.00500011,0.012207,0.0581055,0.996094,5.12695,0.366211,-4.02832,2403,2047,-7013,
0.00500011,0.012207,0.0581055,0.996094,5.12695,0.366211,-4.02832,2404,2045,-7010,
0.00500011,0.012207,0.0581055,0.996094,5.12695,0.366211,-4.02832,2403,2042,-7013,
0.00499964,0.0307617,0.0644531,1.00781,0.854492,0.427246,-4.08936,2402,2041,-7016,
0.00500011,0.0307617,0.0644531,1.00781,0.854492,0.427246,-4.08936,2401,2041,-7017,
0.00500011,0.0307617,0.0644531,1.00781,0.854492,0.427246,-4.08936,2401,2041,-7018,
0.00500011,0.0307617,0.0644531,1.00781,0.854492,0.427246,-4.08936,2400,2042,-7015,
0.00499964,0.0400391,0.0698242,0.990723,2.62451,-2.0752,-4.3335,2399,2042,-7013,
0.00500011,0.0400391,0.0698242,0.990723,2.62451,-2.0752,-4.3335,2397,2044,-7012,
0.00500011,0.0400391,0.0698242,0.990723,2.62451,-2.0752,-4.3335,2393,2045,-7013,
0.00500011,0.0400391,0.0698242,0.990723,2.62451,-2.0752,-4.3335,2390,2047,-7015,
0.00499964,0.0107422,0.0683594,1.00781,5.49316,-12.0239,-6.28662,2386,2047,-7018,
0.00500011,0.0107422,0.0683594,1.00781,5.49316,-12.0239,-6.28662,2382,2047,-7020,
0.00500011,0.0107422,0.0683594,1.00781,5.49316,-12.0239,-6.28662,2378,2046,-7023,
0.00500011,0.0107422,0.0683594,1.00781,5.49316,-12.0239,-6.28662,2375,2047,-7024,
0.00499964,-0.0224609,0.0791016,1.06934,2.44141,-27.3438,-12.2681,2369,2048,-7024,
0.00500011,-0.0224609,0.0791016,1.06934,2.44141,-27.3438,-12.2681,2360,2050,-7025,
0.00500011,-0.0224609,0.0791016,1.06934,2.44141,-27.3438,-12.2681,2348,2051,-7030,
0.00500011,-0.0224609,0.0791016,1.06934,2.44141,-27.3438,-12.2681,2332,2053,-7034,
0.00499964,-0.0170898,0.09375,1.02002,4.57764,-46.2646,-28.7476,2317,2053,-7039,
0.00500011,-0.0170898,0.09375,1.02002,4.57764,-46.2646,-28.7476,2300,2053,-7046,
0.00500011,-0.0170898,0.09375,1.02002,4.57764,-46.2646,-28.7476,2283,2054,-7052,
0.00500011,-0.0170898,0.09375,1.02002,4.57764,-46.2646,-28.7476,2264,2056,-7056,
0.00499964,0.132812,0.0874023,0.970215,7.08008,-51.1475,-35.5225,2243,2057,-7058,
0.00500011,0.132812,0.0874023,0.970215,7.08008,-51.1475,-35.5225,2221,2059,-7061,
0.00500011,0.132812,0.0874023,0.970215,7.08008,-51.1475,-35.5225,2197,2060,-7065,
0.00500011,0.132812,0.0874023,0.970215,7.08008,-51.1475,-35.5225,2172,2061,-7071,
0.00500011,0.132812,0.0874023,0.970215,9.46045,-22.522,-35.5225,2148,2063,-7080,
0.00499964,0.245117,0.0839844,0.95166,9.46045,-22.522,-35.5225,2125,2066,-7090,
0.00500011,0.245117,0.0839844,0.95166,9.46045,-22.522,-35.5225,2103,2068,-7099,
0.00500011,0.245117,0.0839844,0.95166,9.46045,-22.522,-35.5225,2081,2070,-7109,
0.00500011,0.245117,0.0839844,0.95166,9.46045,-22.522,-35.5225,2061,2071,-7115,
0.00499964,0.160645,0.0527344,0.950684,10.8643,-2.19727,-36.1938,2041,2071,-7119,
0.00500011,0.160645,0.0527344,0.950684,10.8643,-2.19727,-36.1938,2024,2071,-7124,
0.00500011,0.160645,0.0527344,0.950684,10.8643,-2.19727,-36.1938,2008,2070,-7133,
0.00500011,0.160645,0.0527344,0.950684,10.8643,-2.19727,-36.1938,1993,2071,-7145,
0.00499964,0.0395508,0.0458984,0.995605,12.6343,-9.64355,-35.0952,1980,2070,-7156,
0.00500011,0.0395508,0.0458984,0.995605,12.6343,-9.64355,-35.0952,1966,2068,-7168,
0.00500011,0.0395508,0.0458984,0.995605,12.6343,-9.64355,-35.0952,1953,2066,-7175,
0.00500011,0.0395508,0.0458984,0.995605,12.6343,-9.64355,-35.0952,1937,2064,-7183,
0.00499964,-0.000488281,0.0605469,1.06299,3.11279,-25.6348,-29.9072,1920,2062,-7189,
0.00500011,-0.000488281,0.0605469,1.06299,3.11279,-25.6348,-29.9072,1901,2064,-7195,
0.00500011,-0.000488281,0.0605469,1.06299,3.11279,-25.6348,-29.9072,1882,2066,-7201,
0.00500011,-0.000488281,0.0605469,1.06299,3.11279,-25.6348,-29.9072,1863,2067,-7206,
0.00499964,0.0976562,0.0820312,1.00244,-9.46045,-20.5078,-26.9775,1846,2069,-7209,
0.00500011,0.0976562,0.0820312,1.00244,-9.46045,-20.5078,-26.9775,1830,2071,-7214,
0.00500011,0.0976562,0.0820312,1.00244,-9.46045,-20.5078,-26.9775,1817,2075,-7218,
0.00500011,0.0976562,0.0820312,1.00244,-9.46045,-20.5078,-26.9775,1805,2081,-7219,
0.00499964,0.168945,0.0844727,0.95166,-8.8501,0.488281,-25.6958,1790,2089,-7221,
0.00500011,0.168945,0.0844727,0.95166,-8.8501,0.488281,-25.6958,1780,2097,-7223,
0.00500011,0.168945,0.0844727,0.95166,-8.8501,0.488281,-25.6958,1772,2102,-7224,
0.00500011,0.168945,0.0844727,0.95166,-8.8501,0.488281,-25.6958,1767,2108,-7225,
0.00500011,0.154297,0.0703125,0.947266,-3.72314,21.9116,-21.6064,1765,2114,-7225,
0.00499964,0.154297,0.0703125,0.947266,-3.72314,21.9116,-21.6064,1763,2121,-7224,
0.00500011,0.154297,0.0703125,0.947266,-3.72314,21.9116,-21.6064,1762,2128,-7223,
0.00500011,0.154297,0.0703125,0.947266,-3.72314,21.9116,-21.6064,1761,2134,-7223,
0.00500011,0.113281,0.0839844,0.993164,0.854492,19.5312,-19.2261,1760,2139,-7221,
0.00499964,0.113281,0.0839844,0.993164,0.854492,19.5312,-19.2261,1760,2143,-7217,
0.00500011,0.113281,0.0839844,0.993164,0.854492,19.5312,-19.2261,1757,2147,-7213,
0.00500011,0.113281,0.0839844,0.993164,0.854492,19.5312,-19.2261,1754,2150,-7210,
0.00500011,0.0727539,0.0800781,1.02393,6.5918,19.165,-17.7612,1752,2154,-7209,
0.00499964,0.0727539,0.0800781,1.02393,6.5918,19.165,-17.7612,1754,2158,-7206,
0.00500011,0.0727539,0.0800781,1.02393,6.5918,19.165,-17.7612,1759,2160,-7202,
0.00500011,0.0727539,0.0800781,1.02393,6.5918,19.165,-17.7612,1765,2163,-7197,
0.00500011,0.0595703,0.0786133,0.996094,5.79834,15.564,-16.5405,1772,2164,-7193,
0.00499964,0.0595703,0.0786133,0.996094,5.79834,15.564,-16.5405,1779,2165,-7190,
0.00500011,0.0595703,0.0786133,0.996094,5.79834,15.564,-16.5405,1784,2166,-7189,
0.00500011,0.0595703,0.0786133,0.996094,5.79834,15.564,-16.5405,1790,2165,-7185,
0.00500011,0.0532227,0.0825195,0.994629,2.56348,16.9067,-16.6016,1797,2166,-7184,
0.00499964,0.0532227,0.0825195,0.994629,2.56348,16.9067,-16.6016,1803,2165,-7184,
0.00500011,0.0532227,0.0825195,0.994629,2.56348,16.9067,-16.6016,1809,2164,-7183,
0.00500011,0.0532227,0.0825195,0.994629,2.56348,16.9067,-16.6016,1815,2165,-7186,
0.00500011,0.0424805,0.0874023,0.972656,-3.35693,20.5688,-17.2119,1823,2167,-7187,
0.00499964,0.0424805,0.0874023,0.972656,-3.35693,20.5688,-17.2119,1830,2170,-7184,
0.00500011,0.0424805,0.0874023,0.972656,-3.35693,20.5688,-17.2119,1837,2172,-7183,
0.00500011,0.0424805,0.0874023,0.972656,-3.35693,20.5688,-17.2119,1845,2174,-7180,
0.00500011,0.0258789,0.0922852,0.959473,-3.72314,8.78906,-18.6157,1852,2177,-7173,
0.00500011,0.0258789,0.0922852,0.959473,-3.72314,8.78906,-18.6157,1860,2179,-7166,
0.00499964,0.0258789,0.0922852,0.959473,-3.72314,8.78906,-18.6157,1865,2183,-7161,
0.00500011,0.0258789,0.0922852,0.959473,-3.72314,8.78906,-18.6157,1867,2186,-7159,
0.00500011,0.0473633,0.104004,1.04688,1.64795,-7.01904,-20.9961,1866,2188,-7158,
0.00500011,0.0473633,0.104004,1.04688,1.64795,-7.01904,-20.9961,1864,2191,-7159,
0.00499964,0.0473633,0.104004,1.04688,1.64795,-7.01904,-20.9961,1862,2193,-7160,
0.00500011,0.0473633,0.104004,1.04688,1.64795,-7.01904,-20.9961,1860,2196,-7162,
0.00500011,0.0673828,0.108398,1.04541,5.24902,-0.854492,-25.5737,1857,2199,-7165,
0.00500011,0.0673828,0.108398,1.04541,5.24902,-0.854492,-25.5737,1856,2202,-7165,
0.00499964,0.0673828,0.108398,1.04541,5.24902,-0.854492,-25.5737,1855,2204,-7162,
0.00500011,0.0673828,0.108398,1.04541,5.24902,-0.854492,-25.5737,1855,2205,-7160,
0.00500011,0.0698242,0.0888672,0.945801,6.34766,-3.41797,-29.3579,1854,2204,-7156,
0.00500011,0.0698242,0.0888672,0.945801,6.34766,-3.41797,-29.3579,1852,2203,-7152,
0.00499964,0.0698242,0.0888672,0.945801,6.34766,-3.41797,-29.3579,1848,2201,-7149,
0.00500011,0.0698242,0.0888672,0.945801,6.34766,-3.41797,-29.3579,1842,2203,-7148,
0.00500011,0.0615234,0.0893555,0.942871,3.41797,-17.7002,-29.9072,1837,2204,-7146,
0.00500011,0.0615234,0.0893555,0.942871,3.41797,-17.7002,-29.9072,1831,2206,-7145,
0.00499964,0.0615234,0.0893555,0.942871,3.41797,-17.7002,-29.9072,1823,2211,-7143,
0.00500011,0.0615234,0.0893555,0.942871,3.41797,-17.7002,-29.9072,1814,2218,-7140,
0.00500011,0.0541992,0.102539,1.021,-1.89209,-20.5688,-32.0435,1805,2224,-7138,
0.00500011,0.0541992,0.102539,1.021,-1.89209,-20.5688,-32.0435,1795,2230,-7137,
0.00499964,0.0541992,0.102539,1.021,-1.89209,-20.5688,-32.0435,1785,2234,-7137,
0.00500011,0.0541992,0.102539,1.021,-1.89209,-20.5688,-32.0435,1774,2237,-7140,
0.00500011,0.0810547,0.106445,1.06152,-1.70898,-2.01416,-33.0811,1764,2241,-7144,
0.00500011,0.0810547,0.106445,1.06152,-1.70898,-2.01416,-33.0811,1755,2247,-7149,
0.00500011,0.0810547,0.106445,1.06152,-1.70898,-2.01416,-33.0811,1748,2254,-7154,
0.00499964,0.0810547,0.106445,1.06152,-1.70898,-2.01416,-33.0811,1742,2259,-7161,
0.00500011,0.107422,0.09375,0.998535,3.54004,15.8691,-32.2876,1737,2263,-7168,
0.00500011,0.107422,0.09375,0.998535,3.54004,15.8691,-32.2876,1730,2266,-7173,
0.00500011,0.107422,0.09375,0.998535,3.54004,15.8691,-32.2876,1727,2267,-7178,
0.00499964,0.107422,0.09375,0.998535,3.54004,15.8691,-32.2876,1723,2268,-7176,
0.00500011,0.0893555,0.0844727,0.956543,6.5918,12.146,-31.6772,1721,2271,-7173,
0.00500011,0.0893555,0.0844727,0.956543,6.5918,12.146,-31.6772,1720,2274,-7169,
0.00500011,0.0893555,0.0844727,0.956543,6.5918,12.146,-31.6772,1718,2278,-7168,
0.00499964,0.0893555,0.0844727,0.956543,6.5918,12.146,-31.6772,1716,2283,-7170,
0.00500011,0.0527344,0.0839844,0.975586,4.02832,5.67627,-29.541,1716,2286,-7173,
0.00500011,0.0527344,0.0839844,0.975586,4.02832,5.67627,-29.541,1717,2287,-7178,
0.00500011,0.0527344,0.0839844,0.975586,4.02832,5.67627,-29.541,1718,2286,-7183,
0.00499964,0.0527344,0.0839844,0.975586,4.02832,5.67627,-29.541,1717,2287,-7185,
0.00500011,0.0390625,0.0874023,0.992676,-2.2583,9.27734,-26.3062,1717,2288,-7187,
0.00500011,0.0390625,0.0874023,0.992676,-2.2583,9.27734,-26.3062,1714,2289,-7186,
0.00500011,0.0390625,0.0874023,0.992676,-2.2583,9.27734,-26.3062,1714,2291,-7186,
0.00499964,0.0390625,0.0874023,0.992676,-2.2583,9.27734,-26.3062,1713,2293,-7187,
0.00500011,0.074707,0.0893555,1.00049,-0.305176,-6.40869,-21.4844,1710,2294,-7187,
0.00500011,0.074707,0.0893555,1.00049,-0.305176,-6.40869,-21.4844,1707,2296,-7188,
0.00500011,0.074707,0.0893555,1.00049,-0.305176,-6.40869,-21.4844,1701,2300,-7190,
0.00499964,0.074707,0.0893555,1.00049,-0.305176,-6.40869,-21.4844,1694,2303,-7189,
0.00500011,0.0947266,0.0976562,0.995117,3.90625,-15.9302,-18.6768,1689,2306,-7192,
0.00500011,0.0947266,0.0976562,0.995117,3.90625,-15.9302,-18.6768,1683,2310,-7194,
0.00500011,0.0947266,0.0976562,0.995117,3.90625,-15.9302,-18.6768,1678,2312,-7197,
0.00500011,0.0947266,0.0976562,0.995117,3.90625,-15.9302,-18.6768,1673,2313,-7201,
0.00499964,0.0888672,0.10498,0.962891,5.98145,-2.80762,-17.2729,1668,2312,-7205,
0.00500011,0.0888672,0.10498,0.962891,5.98145,-2.80762,-17.2729,1663,2312,-7206,
0.00500011,0.0888672,0.10498,0.962891,5.98145,-2.80762,-17.2729,1658,2313,-7206,
0.00500011,0.0888672,0.10498,0.962891,5.98145,-2.80762,-17.2729,1655,2313,-7203,
0.00499964,0.0820312,0.101562,0.958984,6.53076,8.23975,-15.2588,1654,2314,-7202,
0.00500011,0.0820312,0.101562,0.958984,6.53076,8.23975,-15.2588,1654,2314,-7201,
0.00500011,0.0820312,0.101562,0.958984,6.53076,8.23975,-15.2588,1653,2310,-7204,
0.00500011,0.0820312,0.101562,0.958984,6.53076,8.23975,-15.2588,1651,2309,-7205,
0.00499964,0.0444336,0.105957,1.01904,0.976562,-1.83105,-12.0239,1645,2309,-7202,
0.00500011,0.0444336,0.105957,1.01904,0.976562,-1.83105,-12.0239,1638,2311,-7200,
0.00500011,0.0444336,0.105957,1.01904,0.976562,-1.83105,-12.0239,1633,2314,-7199,
0.00500011,0.0444336,0.105957,1.01904,0.976562,-1.83105,-12.0239,1628,2318,-7198,
0.00499964,0.0537109,0.112305,1.04443,-8.78906,2.62451,-10.9253,1626,2321,-7200,
0.00500011,0.0537109,0.112305,1.04443,-8.78906,2.62451,-10.9253,1624,2325,-7203,
0.00500011,0.0537109,0.112305,1.04443,-8.78906,2.62451,-10.9253,1621,2331,-7205,
0.00500011,0.0537109,0.112305,1.04443,-8.78906,2.62451,-10.9253,1618,2335,-7208,
0.00499964,0.0483398,0.0947266,0.951172,-5.49316,-1.70898,-11.7188,1613,2339,-7213,
0.00500011,0.0483398,0.0947266,0.951172,-5.49316,-1.70898,-11.7188,1609,2343,-7214,
0.00500011,0.0483398,0.0947266,0.951172,-5.49316,-1.70898,-11.7188,1606,2346,-7215,
0.00500011,0.0483398,0.0947266,0.951172,-5.49316,-1.70898,-11.7188,1602,2350,-7211,
0.00499964,0.0307617,0.0981445,0.973633,-3.41797,-7.93457,-13.2446,1598,2354,-7204,
0.00500011,0.0307617,0.0981445,0.973633,-3.41797,-7.93457,-13.2446,1594,2359,-7197,
0.00500011,0.0307617,0.0981445,0.973633,-3.41797,-7.93457,-13.2446,1590,2361,-7193,
0.00500011,0.0307617,0.0981445,0.973633,-3.41797,-7.93457,-13.2446,1587,2365,-7190,
0.00500011,0.0400391,0.109863,1.02734,-0.732422,-4.76074,-14.0991,1585,2368,-7187,
0.00499964,0.0400391,0.109863,1.02734,-0.732422,-4.76074,-14.0991,1584,2371,-7184,
0.00500011,0.0400391,0.109863,1.02734,-0.732422,-4.76074,-14.0991,1581,2374,-7181,
0.00500011,0.0400391,0.109863,1.02734,-0.732422,-4.76074,-14.0991,1580,2377,-7181,
0.00500011,0.0537109,0.109863,1.00928,1.09863,9.27734,-15.686,1580,2379,-7180,
0.00499964,0.0537109,0.109863,1.00928,1.09863,9.27734,-15.686,1579,2381,-7182,
0.00500011,0.0537109,0.109863,1.00928,1.09863,9.27734,-15.686,1578,2381,-7188,
0.00500011,0.0537109,0.109863,1.00928,1.09863,9.27734,-15.686,1575,2380,-7193,
0.00500011,0.0385742,0.103027,0.97998,3.41797,4.94385,-17.0898,1573,2380,-7195,
0.00499964,0.0385742,0.103027,0.97998,3.41797,4.94385,-17.0898,1571,2381,-7196,
0.00500011,0.0385742,0.103027,0.97998,3.41797,4.94385,-17.0898,1570,2383,-7193,
0.00500011,0.0385742,0.103027,0.97998,3.41797,4.94385,-17.0898,1570,2386,-7192,
0.00500011,0.0200195,0.0927734,0.978027,1.2207,-0.0610352,-18.3105,1567,2388,-7191,
0.00499964,0.0200195,0.0927734,0.978027,1.2207,-0.0610352,-18.3105,1563,2392,-7188,
0.00500011,0.0200195,0.0927734,0.978027,1.2207,-0.0610352,-18.3105,1558,2394,-7182,
0.00500011,0.0200195,0.0927734,0.978027,1.2207,-0.0610352,-18.3105,1554,2397,-7180,
0.00500011,0.0078125,0.0986328,0.971191,-0.854492,-18.0664,-18.7378,1549,2401,-7180,
0.00499964,0.0078125,0.0986328,0.971191,-0.854492,-18.0664,-18.7378,1543,2405,-7181,
0.00500011,0.0078125,0.0986328,0.971191,-0.854492,-18.0664,-18.7378,1534,2410,-7184,
0.00500011,0.0078125,0.0986328,0.971191,-0.854492,-18.0664,-18.7378,1522,2415,-7186,
0.00500011,0.0629883,0.121094,1.01855,-0.976562,-35.0342,-20.6299,1509,2417,-7190,
0.00499964,0.0629883,0.121094,1.01855,-0.976562,-35.0342,-20.6299,1496,2418,-7198,
0.00500011,0.0629883,0.121094,1.01855,-0.976562,-35.0342,-20.6299,1482,2420,-7203,
0.00500011,0.0629883,0.121094,1.01855,-0.976562,-35.0342,-20.6299,1469,2421,-7207,
0.00500011,0.137207,0.127441,1.02881,5.24902,-13.2446,-22.3389,1455,2422,-7211,
0.00500011,0.137207,0.127441,1.02881,5.24902,-13.2446,-22.3389,1443,2424,-7213,
0.00499964,0.137207,0.127441,1.02881,5.24902,-13.2446,-22.3389,1433,2425,-7218,
0.00500011,0.137207,0.127441,1.02881,5.24902,-13.2446,-22.3389,1424,2426,-7227,
0.00500011,0.133789,0.121582,0.963379,6.22559,13.9771,-24.4141,1415,2428,-7235,
0.00500011,0.133789,0.121582,0.963379,6.22559,13.9771,-24.4141,1407,2432,-7241,
0.00499964,0.133789,0.121582,0.963379,6.22559,13.9771,-24.4141,1399,2435,-7243,
0.00500011,0.133789,0.121582,0.963379,6.22559,13.9771,-24.4141,1393,2438,-7243,
0.00500011,0.0629883,0.106934,0.96582,0,6.46973,-25.7568,1388,2440,-7241,
0.00500011,0.0629883,0.106934,0.96582,0,6.46973,-25.7568,1384,2441,-7241,
0.00499964,0.0629883,0.106934,0.96582,0,6.46973,-25.7568,1379,2443,-7238,
0.00500011,0.0629883,0.106934,0.96582,0,6.46973,-25.7568,1375,2443,-7238,
0.00500011,0.0268555,0.10791,1.04199,-0.0610352,0.427246,-23.4375,1372,2444,-7240,
0.00500011,0.0268555,0.10791,1.04199,-0.0610352,0.427246,-23.4375,1368,2445,-7241,
0.00499964,0.0268555,0.10791,1.04199,-0.0610352,0.427246,-23.4375,1366,2447,-7244,
0.00500011,0.0268555,0.10791,1.04199,-0.0610352,0.427246,-23.4375,1362,2449,-7246,
0.00500011,0.0253906,0.112793,1.00098,2.74658,-8.23975,-22.7051,1359,2451,-7246,
0.00500011,0.0253906,0.112793,1.00098,2.74658,-8.23975,-22.7051,1355,2452,-7247,
0.00499964,0.0253906,0.112793,1.00098,2.74658,-8.23975,-22.7051,1351,2452,-7248,
0.00500011,0.0253906,0.112793,1.00098,2.74658,-8.23975,-22.7051,1343,2450,-7249,
0.00500011,0.0625,0.118652,0.97998,8.05664,-13.0005,-25.6958,1335,2448,-7252,
0.00500011,0.0625,0.118652,0.97998,8.05664,-13.0005,-25.6958,1326,2447,-7254,
0.00499964,0.0625,0.118652,0.97998,8.05664,-13.0005,-25.6958,1315,2444,-7254,
0.00500011,0.0625,0.118652,0.97998,8.05664,-13.0005,-25.6958,1307,2443,-7255,
0.00500011,0.128418,0.128418,0.981934,5.37109,6.40869,-28.3813,1299,2442,-7258,
0.00500011,0.128418,0.128418,0.981934,5.37109,6.40869,-28.3813,1293,2442,-7262,
0.00500011,0.128418,0.128418,0.981934,5.37109,6.40869,-28.3813,1288,2442,-7266,
0.00499964,0.128418,0.128418,0.981934,5.37109,6.40869,-28.3813,1284,2443,-7268,
0.00500011,0.120117,0.12793,0.962402,-1.0376,10.6812,-26.9165,1282,2445,-7270,
0.00500011,0.120117,0.12793,0.962402,-1.0376,10.6812,-26.9165,1279,2448,-7270,
0.00500011,0.120117,0.12793,0.962402,-1.0376,10.6812,-26.9165,1277,2451,-7270,
0.00499964,0.120117,0.12793,0.962402,-1.0376,10.6812,-26.9165,1273,2453,-7270,
0.00500011,0.0620117,0.124023,1.01514,3.479,5.18799,-24.5361,1270,2454,-7270,
0.00500011,0.0620117,0.124023,1.01514,3.479,5.18799,-24.5361,1267,2454,-7270,
0.00500011,0.0620117,0.124023,1.01514,3.479,5.18799,-24.5361,1263,2450,-7274,
0.00499964,0.0620117,0.124023,1.01514,3.479,5.18799,-24.5361,1259,2448,-7277,
0.00500011,0.0380859,0.130859,1.01514,14.0991,1.64795,-23.9868,1255,2445,-7280,
0.00500011,0.0380859,0.130859,1.01514,14.0991,1.64795,-23.9868,1252,2440,-7282,
0.00500011,0.0380859,0.130859,1.01514,14.0991,1.64795,-23.9868,1251,2436,-7282,
0.00499964,0.0380859,0.130859,1.01514,14.0991,1.64795,-23.9868,1250,2433,-7280,
0.00500011,0.0356445,0.129395,0.955566,13.6719,-5.79834,-25.6348,1249,2431,-7276,
0.00500011,0.0356445,0.129395,0.955566,13.6719,-5.79834,-25.6348,1246,2431,-7271,
0.00500011,0.0356445,0.129395,0.955566,13.6719,-5.79834,-25.6348,1242,2430,-7269,
0.00499964,0.0356445,0.129395,0.955566,13.6719,-5.79834,-25.6348,1238,2427,-7272,
0.00500011,0.074707,0.133789,0.972168,8.36182,-5.49316,-26.6113,1235,2424,-7277,
0.00500011,0.074707,0.133789,0.972168,8.36182,-5.49316,-26.6113,1230,2421,-7280,
0.00500011,0.074707,0.133789,0.972168,8.36182,-5.49316,-26.6113,1225,2416,-7282,
0.00499964,0.074707,0.133789,0.972168,8.36182,-5.49316,-26.6113,1218,2412,-7282,
0.00500011,0.0947266,0.154785,0.982422,1.89209,6.10352,-26.1841,1213,2409,-7285,
0.00500011,0.0947266,0.154785,0.982422,1.89209,6.10352,-26.1841,1209,2408,-7290,
0.00500011,0.0947266,0.154785,0.982422,1.89209,6.10352,-26.1841,1203,2407,-7295,
0.00500011,0.0947266,0.154785,0.982422,1.89209,6.10352,-26.1841,1198,2407,-7299,
0.00499964,0.0947266,0.157715,1.00635,-1.64795,5.31006,-26.001,1193,2406,-7301,
0.00500011,0.0947266,0.157715,1.00635,-1.64795,5.31006,-26.001,1188,2407,-7301,
0.00500011,0.0947266,0.157715,1.00635,-1.64795,5.31006,-26.001,1184,2408,-7300,
0.00500011,0.0947266,0.157715,1.00635,-1.64795,5.31006,-26.001,1181,2408,-7298,
0.00499964,0.0532227,0.139648,0.995605,3.90625,5.85938,-28.2593,1179,2409,-7296,
0.00500011,0.0532227,0.139648,0.995605,3.90625,5.85938,-28.2593,1176,2410,-7296,
0.00500011,0.0532227,0.139648,0.995605,3.90625,5.85938,-28.2593,1174,2408,-7296,
0.00500011,0.0532227,0.139648,0.995605,3.90625,5.85938,-28.2593,1170,2406,-7298,
0.00499964,0.0214844,0.124512,0.987793,12.6953,3.2959,-31.0059,1167,2402,-7301,
0.00500011,0.0214844,0.124512,0.987793,12.6953,3.2959,-31.0059,1163,2396,-7304,
0.00500011,0.0214844,0.124512,0.987793,12.6953,3.2959,-31.0059,1159,2391,-7309,
0.00500011,0.0214844,0.124512,0.987793,12.6953,3.2959,-31.0059,1154,2388,-7312,
0.00499964,0,0.126465,0.986816,2.80762,1.0376,-30.4565,1151,2384,-7314,
0.00500011,0,0.126465,0.986816,2.80762,1.0376,-30.4565,1148,2384,-7313,
0.00500011,0,0.126465,0.986816,2.80762,1.0376,-30.4565,1143,2385,-7310,
0.00500011,0,0.126465,0.986816,2.80762,1.0376,-30.4565,1138,2387,-7311,
0.00499964,-0.00927734,0.12207,0.971191,-12.8784,-5.79834,-25.6958,1132,2391,-7307,
0.00500011,-0.00927734,0.12207,0.971191,-12.8784,-5.79834,-25.6958,1125,2396,-7306,
0.00500011,-0.00927734,0.12207,0.971191,-12.8784,-5.79834,-25.6958,1121,2401,-7302,
0.00500011,-0.00927734,0.12207,0.971191,-12.8784,-5.79834,-25.6958,1117,2406,-7295,
0.00499964,0.0400391,0.14209,0.977051,-13.6719,-10.1318,-25.6348,1112,2413,-7290,
0.00500011,0.0400391,0.14209,0.977051,-13.6719,-10.1318,-25.6348,1105,2420,-7287,
0.00500011,0.0400391,0.14209,0.977051,-13.6719,-10.1318,-25.6348,1099,2426,-7287,
0.00500011,0.0400391,0.14209,0.977051,-13.6719,-10.1318,-25.6348,1090,2434,-7288,
0.00500011,0.0839844,0.152832,0.999512,-5.49316,-14.0991,-27.71,1080,2441,-7291,
0.00499964,0.0839844,0.152832,0.999512,-5.49316,-14.0991,-27.71,1068,2449,-7293,
0.00500011,0.0839844,0.152832,0.999512,-5.49316,-14.0991,-27.71,1056,2455,-7295,
0.00500011,0.0839844,0.152832,0.999512,-5.49316,-14.0991,-27.71,1045,2461,-7294,
0.00500011,0.0869141,0.146973,1.00977,-0.854492,-4.69971,-28.8696,1033,2467,-7293,
0.00499964,0.0869141,0.146973,1.00977,-0.854492,-4.69971,-28.8696,1024,2472,-7295,
0.00500011,0.0869141,0.146973,1.00977,-0.854492,-4.69971,-28.8696,1017,2477,-7299,
0.00500011,0.0869141,0.146973,1.00977,-0.854492,-4.69971,-28.8696,1009,2483,-7304,
0.00500011,0.065918,0.132324,0.994141,1.46484,-2.92969,-27.1606,1003,2487,-7306,
0.00499964,0.065918,0.132324,0.994141,1.46484,-2.92969,-27.1606,995,2491,-7305,
0.00500011,0.065918,0.132324,0.994141,1.46484,-2.92969,-27.1606,987,2494,-7303,
0.00500011,0.065918,0.132324,0.994141,1.46484,-2.92969,-27.1606,978,2496,-7302,
0.00500011,0.0488281,0.141602,1.01416,-1.64795,-4.69971,-29.7241,969,2499,-7302,
0.00499964,0.0488281,0.141602,1.01416,-1.64795,-4.69971,-29.7241,962,2503,-7304,
0.00500011,0.0488281,0.141602,1.01416,-1.64795,-4.69971,-29.7241,956,2506,-7309,
0.00500011,0.0488281,0.141602,1.01416,-1.64795,-4.69971,-29.7241,949,2510,-7311,
0.00500011,0.0224609,0.121094,0.968262,-1.77002,-0.610352,-31.9824,942,2514,-7312,
0.00499964,0.0224609,0.121094,0.968262,-1.77002,-0.610352,-31.9824,935,2517,-7312,
0.00500011,0.0224609,0.121094,0.968262,-1.77002,-0.610352,-31.9824,930,2521,-7312,
0.00500011,0.0224609,0.121094,0.968262,-1.77002,-0.610352,-31.9824,923,2524,-7308,
0.00500011,0.00292969,0.121094,0.953613,4.63867,-3.2959,-30.5176,917,2526,-7303,
0.00499964,0.00292969,0.121094,0.953613,4.63867,-3.2959,-30.5176,908,2531,-7295,
0.00500011,0.00292969,0.121094,0.953613,4.63867,-3.2959,-30.5176,898,2534,-7287,
0.00500011,0.00292969,0.121094,0.953613,4.63867,-3.2959,-30.5176,889,2537,-7283,
0.00500011,0.0332031,0.130859,0.962402,3.41797,-14.6484,-31.5552,878,2540,-7284,
0.00500011,0.0332031,0.130859,0.962402,3.41797,-14.6484,-31.5552,867,2538,-7288,
0.00499964,0.0332031,0.130859,0.962402,3.41797,-14.6484,-31.5552,856,2537,-7292,
0.00500011,0.0332031,0.130859,0.962402,3.41797,-14.6484,-31.5552,842,2538,-7295,
0.00500011,0.074707,0.14209,1.01562,-5.85938,-13.6719,-33.5693,829,2542,-7295,
0.00500011,0.074707,0.14209,1.01562,-5.85938,-13.6719,-33.5693,816,2549,-7294,
0.00499964,0.074707,0.14209,1.01562,-5.85938,-13.6719,-33.5693,802,2557,-7290,
0.00500011,0.074707,0.14209,1.01562,-5.85938,-13.6719,-33.5693,791,2563,-7288,
0.00500011,0.101562,0.143555,1.02588,-10.498,3.479,-32.5928,780,2569,-7287,
0.00500011,0.101562,0.143555,1.02588,-10.498,3.479,-32.5928,770,2575,-7286,
0.00499964,0.101562,0.143555,1.02588,-10.498,3.479,-32.5928,762,2581,-7285,
0.00500011,0.101562,0.143555,1.02588,-10.498,3.479,-32.5928,753,2584,-7287,
0.00500011,0.0878906,0.128418,0.96875,0.244141,3.90625,-30.2734,746,2588,-7288,
0.00500011,0.0878906,0.128418,0.96875,0.244141,3.90625,-30.2734,740,2591,-7293,
0.00499964,0.0878906,0.128418,0.96875,0.244141,3.90625,-30.2734,735,2593,-7295,
0.00500011,0.0878906,0.128418,0.96875,0.244141,3.90625,-30.2734,732,2596,-7297,
0.00500011,0.0566406,0.146484,1.00488,-1.40381,8.11768,-33.5083,728,2600,-7299,
0.00500011,0.0566406,0.146484,1.00488,-1.40381,8.11768,-33.5083,725,2604,-7301,
0.00499964,0.0566406,0.146484,1.00488,-1.40381,8.11768,-33.5083,720,2609,-7300,
0.00500011,0.0566406,0.146484,1.00488,-1.40381,8.11768,-33.5083,715,2614,-7304,
0.00500011,0.0429688,0.138672,1.01416,-9.64355,19.104,-35.7056,713,2618,-7310,
0.00500011,0.0429688,0.138672,1.01416,-9.64355,19.104,-35.7056,714,2621,-7315,
0.00499964,0.0429688,0.138672,1.01416,-9.64355,19.104,-35.7056,718,2624,-7319,
0.00500011,0.0429688,0.138672,1.01416,-9.64355,19.104,-35.7056,722,2624,-7319,
0.00500011,0.0390625,0.124023,0.976074,-3.11279,18.3105,-34.729,725,2628,-7317,
0.00500011,0.0390625,0.124023,0.976074,-3.11279,18.3105,-34.729,726,2631,-7317,
0.00500011,0.0390625,0.124023,0.976074,-3.11279,18.3105,-34.729,728,2634,-7318,
0.00499964,0.0390625,0.124023,0.976074,-3.11279,18.3105,-34.729,729,2637,-7318,
0.00500011,0.0151367,0.131836,0.951172,7.99561,6.16455,-34.1797,730,2641,-7318,
0.00500011,0.0151367,0.131836,0.951172,7.99561,6.16455,-34.1797,729,2645,-7316,
0.00500011,0.0151367,0.131836,0.951172,7.99561,6.16455,-34.1797,727,2648,-7314,
0.00499964,0.0151367,0.131836,0.951172,7.99561,6.16455,-34.1797,724,2651,-7314,
0.00500011,0.0102539,0.137695,0.975098,10.5591,-7.32422,-33.8745,719,2653,-7317,
0.00500011,0.0102539,0.137695,0.975098,10.5591,-7.32422,-33.8745,712,2653,-7321,
0.00500011,0.0102539,0.137695,0.975098,10.5591,-7.32422,-33.8745,703,2651,-7324,
0.00499964,0.0102539,0.137695,0.975098,10.5591,-7.32422,-33.8745,694,2650,-7326,
0.00500011,0.0175781,0.149414,1.01465,14.5264,-16.2964,-34.1797,682,2649,-7328,
0.00500011,0.0175781,0.149414,1.01465,14.5264,-16.2964,-34.1797,670,2646,-7326,
0.00500011,0.0175781,0.149414,1.01465,14.5264,-16.2964,-34.1797,657,2642,-7324,
0.00499964,0.0175781,0.149414,1.01465,14.5264,-16.2964,-34.1797,645,2638,-7324,
0.00500011,0.0385742,0.149414,1.00635,14.7705,-8.72803,-32.6538,636,2632,-7325,
0.00500011,0.0385742,0.149414,1.00635,14.7705,-8.72803,-32.6538,628,2627,-7327,
0.00500011,0.0385742,0.149414,1.00635,14.7705,-8.72803,-32.6538,619,2622,-7329,
0.00499964,0.0385742,0.149414,1.00635,14.7705,-8.72803,-32.6538,611,2617,-7334,
0.00500011,0.0444336,0.153809,0.999512,7.56836,0.793457,-27.71,601,2613,-7336,
0.00500011,0.0444336,0.153809,0.999512,7.56836,0.793457,-27.71,592,2608,-7339,
0.00500011,0.0444336,0.153809,0.999512,7.56836,0.793457,-27.71,585,2603,-7342,
0.00499964,0.0444336,0.153809,0.999512,7.56836,0.793457,-27.71,577,2597,-7342,
0.00500011,-0.012207,0.146973,0.976562,25.4517,-2.86865,-32.8369,574,2587,-7344,
0.00500011,-0.012207,0.146973,0.976562,25.4517,-2.86865,-32.8369,568,2578,-7342,
0.00500011,-0.012207,0.146973,0.976562,25.4517,-2.86865,-32.8369,562,2565,-7338,
0.00500011,-0.012207,0.146973,0.976562,25.4517,-2.86865,-32.8369,555,2552,-7338,
0.00499964,0,0.158691,0.986816,29.541,-0.488281,-44.4336,543,2542,-7342,
0.00500011,0,0.158691,0.986816,29.541,-0.488281,-44.4336,535,2531,-7347,
0.00500011,0,0.158691,0.986816,29.541,-0.488281,-44.4336,523,2522,-7353,
0.00500011,0,0.158691,0.986816,29.541,-0.488281,-44.4336,512,2512,-7358,
0.00499964,0.0170898,0.185059,0.984375,9.27734,-11.2915,-32.5928,502,2503,-7359,
0.00500011,0.0170898,0.185059,0.984375,9.27734,-11.2915,-32.5928,491,2494,-7360,
0.00500011,0.0170898,0.185059,0.984375,9.27734,-11.2915,-32.5928,480,2487,-7359,
0.00500011,0.0170898,0.185059,0.984375,9.27734,-11.2915,-32.5928,467,2482,-7360,
0.00499964,0.0424805,0.191406,1.00342,-1.34277,-6.71387,-28.4424,455,2476,-7362,
0.00500011,0.0424805,0.191406,1.00342,-1.34277,-6.71387,-28.4424,445,2471,-7363,
0.00500011,0.0424805,0.191406,1.00342,-1.34277,-6.71387,-28.4424,437,2467,-7367,
0.00500011,0.0424805,0.191406,1.00342,-1.34277,-6.71387,-28.4424,429,2461,-7370,
0.00499964,0.0327148,0.179199,0.976562,-4.39453,9.58252,-31.189,423,2455,-7374,
0.00500011,0.0327148,0.179199,0.976562,-4.39453,9.58252,-31.189,418,2451,-7377,
0.00500011,0.0327148,0.179199,0.976562,-4.39453,9.58252,-31.189,413,2446,-7378,
0.00500011,0.0327148,0.179199,0.976562,-4.39453,9.58252,-31.189,410,2443,-7380,
0.00499964,0.012207,0.168457,0.968262,-3.66211,12.3901,-32.5928,408,2441,-7382,
0.00500011,0.012207,0.168457,0.968262,-3.66211,12.3901,-32.5928,406,2436,-7385,
0.00500011,0.012207,0.168457,0.968262,-3.66211,12.3901,-32.5928,405,2435,-7386,
0.00500011,0.012207,0.168457,0.968262,-3.66211,12.3901,-32.5928,406,2435,-7387,
0.00499964,-0.00585938,0.170898,0.98877,-5.06592,13.0005,-32.2266,406,2434,-7388,
0.00500011,-0.00585938,0.170898,0.98877,-5.06592,13.0005,-32.2266,405,2437,-7387,
0.00500011,-0.00585938,0.170898,0.98877,-5.06592,13.0005,-32.2266,404,2439,-7388,
0.00500011,-0.00585938,0.170898,0.98877,-5.06592,13.0005,-32.2266,403,2442,-7387,
0.00500011,0,0.182129,0.998535,-9.76562,8.48389,-31.25,400,2445,-7390,
0.00500011,0,0.182129,0.998535,-9.76562,8.48389,-31.25,399,2449,-7393,
0.00500011,0,0.182129,0.998535,-9.76562,8.48389,-31.25,398,2453,-7395,
0.00499916,0,0.182129,0.998535,-9.76562,8.48389,-31.25,395,2459,-7397,
0.00500011,0.00537109,0.17041,0.986328,-12.8174,6.46973,-30.0903,394,2466,-7394,
0.00500011,0.00537109,0.17041,0.986328,-12.8174,6.46973,-30.0903,392,2471,-7391,
0.00500011,0.00537109,0.17041,0.986328,-12.8174,6.46973,-30.0903,389,2476,-7388,
0.00500011,0.00537109,0.17041,0.986328,-12.8174,6.46973,-30.0903,387,2482,-7384,
0.00500011,0.0126953,0.170898,0.999023,-8.11768,10.0098,-32.5317,386,2487,-7377,
0.00500011,0.0126953,0.170898,0.999023,-8.11768,10.0098,-32.5317,386,2492,-7373,
0.00500011,0.0126953,0.170898,0.999023,-8.11768,10.0098,-32.5317,388,2497,-7371,
0.00499916,0.0126953,0.170898,0.999023,-8.11768,10.0098,-32.5317,391,2498,-7371,
0.00500011,-0.0151367,0.158691,0.984863,1.77002,15.3198,-34.3018,395,2499,-7375,
0.00500011,-0.0151367,0.158691,0.984863,1.77002,15.3198,-34.3018,399,2497,-7377,
0.00500011,-0.0151367,0.158691,0.984863,1.77002,15.3198,-34.3018,401,2495,-7379,
0.00500011,-0.0151367,0.158691,0.984863,1.77002,15.3198,-34.3018,403,2495,-7377,
0.00500011,-0.012207,0.160156,0.994141,3.479,14.1602,-32.4707,405,2496,-7378,
0.00500011,-0.012207,0.160156,0.994141,3.479,14.1602,-32.4707,408,2500,-7377,
0.00500011,-0.012207,0.160156,0.994141,3.479,14.1602,-32.4707,412,2505,-7375,
0.00499916,-0.012207,0.160156,0.994141,3.479,14.1602,-32.4707,415,2510,-7372,
0.00500011,-0.0126953,0.14502,0.984863,10.376,1.58691,-29.48,416,2514,-7368,
0.00500011,-0.0126953,0.14502,0.984863,10.376,1.58691,-29.48,416,2515,-7366,
0.00500011,-0.0126953,0.14502,0.984863,10.376,1.58691,-29.48,413,2515,-7369,
0.00500011,-0.0126953,0.14502,0.984863,10.376,1.58691,-29.48,410,2513,-7370,
0.00500011,-0.015625,0.160156,1.01562,15.625,-6.53076,-31.9824,406,2511,-7370,
0.00500011,-0.015625,0.160156,1.01562,15.625,-6.53076,-31.9824,401,2509,-7372,
0.00500011,-0.015625,0.160156,1.01562,15.625,-6.53076,-31.9824,397,2506,-7374,
0.00500011,-0.015625,0.160156,1.01562,15.625,-6.53076,-31.9824,393,2504,-7372,
0.00499916,-0.0449219,0.15918,0.989746,13.1226,3.479,-29.9683,389,2501,-7376,
0.00500011,-0.0449219,0.15918,0.989746,13.1226,3.479,-29.9683,385,2499,-7378,
0.00500011,-0.0449219,0.15918,0.989746,13.1226,3.479,-29.9683,379,2497,-7381,
0.00500011,-0.0449219,0.15918,0.989746,13.1226,3.479,-29.9683,375,2494,-7385,
0.00500011,-0.0263672,0.162598,0.941406,5.49316,4.88281,-24.353,372,2491,-7387,
0.00500011,-0.0263672,0.162598,0.941406,5.49316,4.88281,-24.353,369,2485,-7383,
0.00500011,-0.0263672,0.162598,0.941406,5.49316,4.88281,-24.353,368,2478,-7383,
0.00500011,-0.0263672,0.162598,0.941406,5.49316,4.88281,-24.353,368,2471,-7381,
0.00499916,-0.0117188,0.180176,0.975586,1.15967,2.2583,-22.3389,370,2465,-7381,
0.00500011,-0.0117188,0.180176,0.975586,1.15967,2.2583,-22.3389,372,2460,-7385,
0.00500011,-0.0117188,0.180176,0.975586,1.15967,2.2583,-22.3389,374,2456,-7387,
0.00500011,-0.0117188,0.180176,0.975586,1.15967,2.2583,-22.3389,374,2452,-7392,
0.00500011,-0.0244141,0.180176,0.998535,3.84521,8.42285,-21.9727,373,2449,-7395,
0.00500011,-0.0244141,0.180176,0.998535,3.84521,8.42285,-21.9727,372,2447,-7396,
0.00500011,-0.0244141,0.180176,0.998535,3.84521,8.42285,-21.9727,372,2445,-7395,
0.00500011,-0.0244141,0.180176,0.998535,3.84521,8.42285,-21.9727,372,2443,-7392,
0.00499916,-0.050293,0.168945,0.969238,5.00488,7.01904,-23.0713,371,2440,-7389,
0.00500011,-0.050293,0.168945,0.969238,5.00488,7.01904,-23.0713,371,2438,-7385,
0.00500011,-0.050293,0.168945,0.969238,5.00488,7.01904,-23.0713,370,2435,-7382,
0.00500011,-0.050293,0.168945,0.969238,5.00488,7.01904,-23.0713,369,2435,-7378,
0.00500011,-0.0341797,0.170898,0.95166,3.17383,-0.915527,-24.4751,369,2432,-7378,
0.00500011,-0.0341797,0.170898,0.95166,3.17383,-0.915527,-24.4751,370,2429,-7381,
0.00500011,-0.0341797,0.170898,0.95166,3.17383,-0.915527,-24.4751,369,2426,-7387,
0.00500011,-0.0341797,0.170898,0.95166,3.17383,-0.915527,-24.4751,368,2425,-7392,
0.00500011,-0.0175781,0.188477,0.982422,-5.24902,-1.83105,-22.2168,365,2422,-7393,
0.00499916,-0.0175781,0.188477,0.982422,-5.24902,-1.83105,-22.2168,361,2422,-7393,
0.00500011,-0.0175781,0.188477,0.982422,-5.24902,-1.83105,-22.2168,359,2422,-7391,
0.00500011,-0.0175781,0.188477,0.982422,-5.24902,-1.83105,-22.2168,357,2422,-7388,
0.00500011,-0.0102539,0.188477,1.00146,-11.5967,-3.23486,-19.7754,354,2424,-7387,
0.00500011,-0.0102539,0.188477,1.00146,-11.5967,-3.23486,-19.7754,352,2427,-7387,
0.00500011,-0.0102539,0.188477,1.00146,-11.5967,-3.23486,-19.7754,347,2429,-7386,
0.00500011,-0.0102539,0.188477,1.00146,-11.5967,-3.23486,-19.7754,342,2429,-7388,
0.00500011,-0.015625,0.171387,0.986816,-6.53076,-4.3335,-22.4609,335,2429,-7389,
0.00499916,-0.015625,0.171387,0.986816,-6.53076,-4.3335,-22.4609,330,2430,-7389,
0.00500011,-0.015625,0.171387,0.986816,-6.53076,-4.3335,-22.4609,323,2432,-7388,
0.00500011,-0.015625,0.171387,0.986816,-6.53076,-4.3335,-22.4609,316,2436,-7389,
0.00500011,-0.0322266,0.160156,0.967773,-4.15039,-5.79834,-29.1138,309,2442,-7390,
0.00500011,-0.0322266,0.160156,0.967773,-4.15039,-5.79834,-29.1138,300,2447,-7389,
0.00500011,-0.0322266,0.160156,0.967773,-4.15039,-5.79834,-29.1138,293,2451,-7386,
0.00500011,-0.0322266,0.160156,0.967773,-4.15039,-5.79834,-29.1138,285,2457,-7383,
0.00500011,-0.0507812,0.15332,0.962891,-12.4512,-8.78906,-29.8462,277,2464,-7377,
0.00499916,-0.0507812,0.15332,0.962891,-12.4512,-8.78906,-29.8462,272,2472,-7372,
0.00500011,-0.0507812,0.15332,0.962891,-12.4512,-8.78906,-29.8462,262,2482,-7370,
0.00500011,-0.0507812,0.15332,0.962891,-12.4512,-8.78906,-29.8462,251,2492,-7367,
0.00500011,0.00390625,0.154785,0.96875,-31.1279,-13.1836,-47.5464,238,2504,-7364,
0.00500011,0.00390625,0.154785,0.96875,-31.1279,-13.1836,-47.5464,225,2517,-7361,
0.00500011,0.00390625,0.154785,0.96875,-31.1279,-13.1836,-47.5464,212,2531,-7357,
0.00500011,0.00390625,0.154785,0.96875,-31.1279,-13.1836,-47.5464,200,2544,-7355,
0.00500011,-0.00244141,0.16748,1.01562,-25.5127,-11.1084,-43.8232,186,2558,-7351,
0.00500011,-0.00244141,0.16748,1.01562,-25.5127,-11.1084,-43.8232,173,2571,-7348,
0.00499916,-0.00244141,0.16748,1.01562,-25.5127,-11.1084,-43.8232,161,2581,-7348,
0.00500011,-0.00244141,0.16748,1.01562,-25.5127,-11.1084,-43.8232,148,2593,-7345,
0.00500011,-0.043457,0.138672,0.989746,-19.8364,-0.854492,-38.7573,137,2604,-7340,
0.00500011,-0.043457,0.138672,0.989746,-19.8364,-0.854492,-38.7573,126,2616,-7330,
0.00500011,-0.043457,0.138672,0.989746,-19.8364,-0.854492,-38.7573,115,2629,-7322,
0.00500011,-0.043457,0.138672,0.989746,-19.8364,-0.854492,-38.7573,105,2643,-7317,
0.00500011,-0.074707,0.108398,0.954102,-23.4985,-2.38037,-46.2646,95,2657,-7317,
0.00500011,-0.074707,0.108398,0.954102,-23.4985,-2.38037,-46.2646,85,2672,-7320,
0.00499916,-0.074707,0.108398,0.954102,-23.4985,-2.38037,-46.2646,74,2687,-7321,
0.00500011,-0.074707,0.108398,0.954102,-23.4985,-2.38037,-46.2646,63,2701,-7319,
0.00500011,-0.0688477,0.123535,1.00244,-17.8833,0.488281,-39.917,50,2716,-7316,
0.00500011,-0.0688477,0.123535,1.00244,-17.8833,0.488281,-39.917,36,2732,-7315,
0.00500011,-0.0688477,0.123535,1.00244,-17.8833,0.488281,-39.917,24,2746,-7313,
0.00500011,-0.0688477,0.123535,1.00244,-17.8833,0.488281,-39.917,13,2758,-7313,
0.00500011,-0.0415039,0.119629,1.0459,-10.376,3.23486,-30.5786,6,2768,-7311,
0.00500011,-0.0415039,0.119629,1.0459,-10.376,3.23486,-30.5786,0,2777,-7304,
0.00499916,-0.0415039,0.119629,1.0459,-10.376,3.23486,-30.5786,-7,2785,-7301,
0.00500011,-0.0415039,0.119629,1.0459,-10.376,3.23486,-30.5786,-16,2794,-7296,
0.00500011,-0.0117188,0.118652,1.01074,-15.0146,-5.12695,-36.499,-25,2805,-7291,
0.00500011,-0.0117188,0.118652,1.01074,-15.0146,-5.12695,-36.499,-33,2815,-7289,
0.00500011,-0.0117188,0.118652,1.01074,-15.0146,-5.12695,-36.499,-44,2823,-7288,
0.00500011,-0.0117188,0.118652,1.01074,-15.0146,-5.12695,-36.499,-55,2834,-7287,
0.00500011,-0.0175781,0.097168,0.984375,-16.2354,-19.6533,-52.3071,-66,2843,-7286,
0.00500011,-0.0175781,0.097168,0.984375,-16.2354,-19.6533,-52.3071,-80,2854,-7283,
0.00500011,-0.0175781,0.097168,0.984375,-16.2354,-19.6533,-52.3071,-95,2867,-7276,
0.00499916,-0.0175781,0.097168,0.984375,-16.2354,-19.6533,-52.3071,-113,2879,-7268,
0.00500011,-0.0332031,0.104492,0.990234,-24.9634,-29.6021,-55.8472,-133,2893,-7256,
0.00500011,-0.0332031,0.104492,0.990234,-24.9634,-29.6021,-55.8472,-152,2905,-7247,
0.00500011,-0.0332031,0.104492,0.990234,-24.9634,-29.6021,-55.8472,-173,2916,-7242,
0.00500011,-0.0332031,0.104492,0.990234,-24.9634,-29.6021,-55.8472,-193,2929,-7235,
0.00500011,-0.0527344,0.102051,1.02783,-26.2451,-18.7378,-37.1704,-213,2941,-7229,
0.00500011,-0.0527344,0.102051,1.02783,-26.2451,-18.7378,-37.1704,-230,2954,-7223,
0.00500011,-0.0527344,0.102051,1.02783,-26.2451,-18.7378,-37.1704,-247,2967,-7216,
0.00499916,-0.0527344,0.102051,1.02783,-26.2451,-18.7378,-37.1704,-264,2981,-7212,
0.00500011,-0.0551758,0.0708008,1.00928,-21.2402,-12.6343,-23.0103,-280,2994,-7211,
0.00500011,-0.0551758,0.0708008,1.00928,-21.2402,-12.6343,-23.0103,-294,3007,-7210,
0.00500011,-0.0551758,0.0708008,1.00928,-21.2402,-12.6343,-23.0103,-309,3019,-7211,
0.00500011,-0.0551758,0.0708008,1.00928,-21.2402,-12.6343,-23.0103,-323,3031,-7212,
0.00500011,-0.0107422,0.074707,1.00098,-16.6626,-13.2446,-24.1089,-339,3044,-7208,
0.00500011,-0.0107422,0.074707,1.00098,-16.6626,-13.2446,-24.1089,-354,3057,-7204,
0.00500011,-0.0107422,0.074707,1.00098,-16.6626,-13.2446,-24.1089,-370,3072,-7196,
0.00499916,-0.0107422,0.074707,1.00098,-16.6626,-13.2446,-24.1089,-386,3085,-7186,
0.00500011,0.0170898,0.0957031,1.02197,-9.70459,-5.00488,-27.4048,-401,3095,-7176,
0.00500011,0.0170898,0.0957031,1.02197,-9.70459,-5.00488,-27.4048,-414,3105,-7166,
0.00500011,0.0170898,0.0957031,1.02197,-9.70459,-5.00488,-27.4048,-427,3111,-7159,
0.00500011,0.0170898,0.0957031,1.02197,-9.70459,-5.00488,-27.4048,-438,3116,-7156,
0.00500011,-0.019043,0.0615234,1.01123,10.2539,10.1929,-25.8789,-448,3121,-7155,
0.00500011,-0.019043,0.0615234,1.01123,10.2539,10.1929,-25.8789,-457,3124,-7154,
0.00500011,-0.019043,0.0615234,1.01123,10.2539,10.1929,-25.8789,-463,3126,-7152,
0.00500011,-0.019043,0.0615234,1.01123,10.2539,10.1929,-25.8789,-468,3125,-7147,
0.00499916,-0.0512695,0.0415039,0.972168,24.6582,11.9629,-26.7334,-473,3125,-7142,
0.00500011,-0.0512695,0.0415039,0.972168,24.6582,11.9629,-26.7334,-478,3121,-7142,
0.00500011,-0.0512695,0.0415039,0.972168,24.6582,11.9629,-26.7334,-483,3115,-7146,
0.00500011,-0.0512695,0.0415039,0.972168,24.6582,11.9629,-26.7334,-489,3108,-7153,
0.00500011,-0.0541992,0.0595703,0.948242,28.4424,8.48389,-28.6255,-494,3099,-7158,
0.00500011,-0.0541992,0.0595703,0.948242,28.4424,8.48389,-28.6255,-496,3089,-7163,
0.00500011,-0.0541992,0.0595703,0.948242,28.4424,8.48389,-28.6255,-501,3079,-7167,
0.00500011,-0.0541992,0.0595703,0.948242,28.4424,8.48389,-28.6255,-505,3066,-7169,
0.00499916,-0.0458984,0.0839844,0.998535,25.5737,-3.41797,-27.9541,-509,3053,-7170,
0.00500011,-0.0458984,0.0839844,0.998535,25.5737,-3.41797,-27.9541,-515,3041,-7171,
0.00500011,-0.0458984,0.0839844,0.998535,25.5737,-3.41797,-27.9541,-522,3029,-7173,
0.00500011,-0.0458984,0.0839844,0.998535,25.5737,-3.41797,-27.9541,-532,3018,-7176,
0.00500011,-0.0126953,0.131836,1.04688,19.2871,-2.92969,-29.3579,-543,3006,-7178,
0.00500011,-0.0126953,0.131836,1.04688,19.2871,-2.92969,-29.3579,-551,2991,-7182,
0.00500011,-0.0126953,0.131836,1.04688,19.2871,-2.92969,-29.3579,-556,2977,-7181,
0.00500011,-0.0126953,0.131836,1.04688,19.2871,-2.92969,-29.3579,-562,2963,-7180,
0.00499916,0.000488281,0.131836,1.00537,12.207,14.1602,-29.8462,-564,2949,-7181,
0.00500011,0.000488281,0.131836,1.00537,12.207,14.1602,-29.8462,-567,2936,-7180,
0.00500011,0.000488281,0.131836,1.00537,12.207,14.1602,-29.8462,-569,2922,-7183,
0.00500011,0.000488281,0.131836,1.00537,12.207,14.1602,-29.8462,-569,2909,-7185,
0.00500011,-0.0332031,0.0927734,0.92041,6.28662,3.05176,-32.6538,-570,2897,-7186,
0.00500011,-0.0332031,0.0927734,0.92041,6.28662,3.05176,-32.6538,-573,2886,-7190,
0.00500011,-0.0332031,0.0927734,0.92041,6.28662,3.05176,-32.6538,-578,2878,-7194,
0.00500011,-0.0332031,0.0927734,0.92041,6.28662,3.05176,-32.6538,-583,2869,-7197,
0.00500011,-0.0375977,0.104492,0.971191,2.92969,-8.97217,-37.8418,-590,2862,-7202,
0.00499916,-0.0375977,0.104492,0.971191,2.92969,-8.97217,-37.8418,-596,2855,-7206,
0.00500011,-0.0375977,0.104492,0.971191,2.92969,-8.97217,-37.8418,-602,2847,-7208,
0.00500011,-0.0375977,0.104492,0.971191,2.92969,-8.97217,-37.8418,-608,2840,-7211,
0.00500011,-0.0234375,0.123535,1.01807,-0.671387,-3.2959,-37.9639,-615,2833,-7212,
0.00500011,-0.0234375,0.123535,1.01807,-0.671387,-3.2959,-37.9639,-624,2827,-7217,
0.00500011,-0.0234375,0.123535,1.01807,-0.671387,-3.2959,-37.9639,-634,2824,-7220,
0.00500011,-0.0234375,0.123535,1.01807,-0.671387,-3.2959,-37.9639,-645,2820,-7218,
0.00500011,-0.0234375,0.123535,1.01807,1.28174,-13.6719,-38.6353,-654,2817,-7217,
0.00499916,-0.0307617,0.109863,1.00537,1.28174,-13.6719,-38.6353,-666,2814,-7215,
0.00500011,-0.0307617,0.109863,1.00537,1.28174,-13.6719,-38.6353,-678,2811,-7215,
0.00500011,-0.0307617,0.109863,1.00537,1.28174,-13.6719,-38.6353,-689,2807,-7212,
0.00500011,-0.0307617,0.109863,1.00537,1.28174,-13.6719,-38.6353,-703,2803,-7213,
0.00500011,-0.00537109,0.14502,1.0127,4.21143,-13.916,-38.8794,-716,2799,-7213,
0.00500011,-0.00537109,0.14502,1.0127,4.21143,-13.916,-38.8794,-729,2794,-7211,
0.00500011,-0.00537109,0.14502,1.0127,4.21143,-13.916,-38.8794,-739,2787,-7211,
0.00500011,-0.00537109,0.14502,1.0127,4.21143,-13.916,-38.8794,-748,2783,-7209,
0.00499916,-0.0151367,0.13623,1.00342,-4.94385,5.00488,-31.7383,-756,2780,-7205,
0.00500011,-0.0151367,0.13623,1.00342,-4.94385,5.00488,-31.7383,-764,2777,-7205,
0.00500011,-0.0151367,0.13623,1.00342,-4.94385,5.00488,-31.7383,-773,2778,-7204,
0.00500011,-0.0151367,0.13623,1.00342,-4.94385,5.00488,-31.7383,-782,2777,-7203,
0.00500011,0.000976562,0.109375,0.976562,-14.7705,3.66211,-40.8325,-792,2774,-7209,
0.00500011,0.000976562,0.109375,0.976562,-14.7705,3.66211,-40.8325,-802,2773,-7211,
0.00500011,0.000976562,0.109375,0.976562,-14.7705,3.66211,-40.8325,-813,2773,-7211,
0.00500011,0.000976562,0.109375,0.976562,-14.7705,3.66211,-40.8325,-824,2772,-7212,
0.00500011,-0.0341797,0.0859375,0.955566,-8.17871,-15.5029,-49.4995,-838,2773,-7209,
0.00499916,-0.0341797,0.0859375,0.955566,-8.17871,-15.5029,-49.4995,-851,2774,-7204,
0.00500011,-0.0341797,0.0859375,0.955566,-8.17871,-15.5029,-49.4995,-866,2774,-7202,
0.00500011,-0.0341797,0.0859375,0.955566,-8.17871,-15.5029,-49.4995,-882,2775,-7199,
0.00500011,-0.0488281,0.0869141,1.00391,-2.01416,-22.3389,-46.0815,-900,2778,-7195,
0.00500011,-0.0488281,0.0869141,1.00391,-2.01416,-22.3389,-46.0815,-917,2779,-7192,
0.00500011,-0.0488281,0.0869141,1.00391,-2.01416,-22.3389,-46.0815,-933,2779,-7188,
0.00500011,-0.0488281,0.0869141,1.00391,-2.01416,-22.3389,-46.0815,-949,2778,-7185,
0.00500011,-0.0727539,0.0761719,1.00439,-5.98145,-5.98145,-36.9873,-961,2777,-7183,
0.00499916,-0.0727539,0.0761719,1.00439,-5.98145,-5.98145,-36.9873,-969,2776,-7182,
0.00500011,-0.0727539,0.0761719,1.00439,-5.98145,-5.98145,-36.9873,-978,2776,-7179,
0.00500011,-0.0727539,0.0761719,1.00439,-5.98145,-5.98145,-36.9873,-986,2776,-7178,
0.00500011,-0.0561523,0.0634766,0.966797,-16.4795,-7.44629,-29.9072,-999,2777,-7175,
0.00500011,-0.0561523,0.0634766,0.966797,-16.4795,-7.44629,-29.9072,-1011,2780,-7173,
0.00500011,-0.0561523,0.0634766,0.966797,-16.4795,-7.44629,-29.9072,-1025,2786,-7170,
0.00500011,-0.0561523,0.0634766,0.966797,-16.4795,-7.44629,-29.9072,-1040,2792,-7166,
0.00500011,-0.00244141,0.103516,1.00195,-29.2358,-13.7329,-29.48,-1055,2800,-7163,
0.00499916,-0.00244141,0.103516,1.00195,-29.2358,-13.7329,-29.48,-1070,2806,-7158,
0.00500011,-0.00244141,0.103516,1.00195,-29.2358,-13.7329,-29.48,-1086,2814,-7154,
0.00500011,-0.00244141,0.103516,1.00195,-29.2358,-13.7329,-29.48,-1100,2825,-7149,
0.00500011,0.012207,0.103027,1.0249,-34.9731,-8.30078,-31.3721,-1115,2836,-7143,
0.00500011,0.012207,0.103027,1.0249,-34.9731,-8.30078,-31.3721,-1128,2847,-7135,
0.00500011,0.012207,0.103027,1.0249,-34.9731,-8.30078,-31.3721,-1142,2857,-7130,
0.00500011,0.012207,0.103027,1.0249,-34.9731,-8.30078,-31.3721,-1152,2868,-7122,
0.00500011,-0.0541992,0.034668,1.02197,-31.9824,-4.27246,-23.1323,-1162,2878,-7115,
0.00500011,-0.0541992,0.034668,1.02197,-31.9824,-4.27246,-23.1323,-1173,2891,-7109,
0.00499916,-0.0541992,0.034668,1.02197,-31.9824,-4.27246,-23.1323,-1184,2905,-7102,
0.00500011,-0.0541992,0.034668,1.02197,-31.9824,-4.27246,-23.1323,-1198,2920,-7095,
0.00500011,-0.0341797,0.0336914,1.00537,-26.2451,-19.4702,-23.6206,-1212,2935,-7089,
0.00500011,-0.0341797,0.0336914,1.00537,-26.2451,-19.4702,-23.6206,-1227,2951,-7084,
0.00500011,-0.0341797,0.0336914,1.00537,-26.2451,-19.4702,-23.6206,-1241,2964,-7079,
0.00500011,-0.0341797,0.0336914,1.00537,-26.2451,-19.4702,-23.6206,-1255,2976,-7076,
0.00500011,0.00146484,0.0449219,1.02686,-28.1982,-17.1509,-16.0522,-1268,2988,-7070,
0.00500011,0.00146484,0.0449219,1.02686,-28.1982,-17.1509,-16.0522,-1279,3000,-7063,
0.00499916,0.00146484,0.0449219,1.02686,-28.1982,-17.1509,-16.0522,-1290,3013,-7053,
0.00500011,0.00146484,0.0449219,1.02686,-28.1982,-17.1509,-16.0522,-1299,3029,-7043,
0.00500011,-0.00634766,0.0229492,1.00537,-30.1514,3.2959,-11.4746,-1309,3045,-7036,
0.00500011,-0.00634766,0.0229492,1.00537,-30.1514,3.2959,-11.4746,-1318,3062,-7029,
0.00500011,-0.00634766,0.0229492,1.00537,-30.1514,3.2959,-11.4746,-1327,3079,-7024,
0.00500011,-0.00634766,0.0229492,1.00537,-30.1514,3.2959,-11.4746,-1336,3094,-7022,
0.00500011,0.0288086,0.0390625,0.982422,-27.5269,-9.0332,-13.9771,-1344,3110,-7017,
0.00500011,0.0288086,0.0390625,0.982422,-27.5269,-9.0332,-13.9771,-1351,3125,-7008,
0.00499916,0.0288086,0.0390625,0.982422,-27.5269,-9.0332,-13.9771,-1357,3140,-6999,
0.00500011,0.0288086,0.0390625,0.982422,-27.5269,-9.0332,-13.9771,-1362,3154,-6992,
0.00500011,0.000488281,0.0146484,1.01318,-18.7378,-7.75146,-16.3574,-1369,3167,-6985,
0.00500011,0.000488281,0.0146484,1.01318,-18.7378,-7.75146,-16.3574,-1377,3179,-6982,
0.00500011,0.000488281,0.0146484,1.01318,-18.7378,-7.75146,-16.3574,-1383,3189,-6977,
0.00500011,0.000488281,0.0146484,1.01318,-18.7378,-7.75146,-16.3574,-1389,3198,-6971,
0.00500011,-0.0317383,-0.00244141,1.01172,-1.77002,0.915527,-12.4512,-1394,3207,-6965,
0.00500011,-0.0317383,-0.00244141,1.01172,-1.77002,0.915527,-12.4512,-1397,3215,-6962,
0.00500011,-0.0317383,-0.00244141,1.01172,-1.77002,0.915527,-12.4512,-1403,3223,-6958,
0.00499916,-0.0317383,-0.00244141,1.01172,-1.77002,0.915527,-12.4512,-1410,3229,-6955,
0.00500011,0.0195312,0.0185547,0.912109,-3.66211,-23.9868,-26.6113,-1420,3235,-6953,
0.00500011,0.0195312,0.0185547,0.912109,-3.66211,-23.9868,-26.6113,-1435,3240,-6948,
0.00500011,0.0195312,0.0185547,0.912109,-3.66211,-23.9868,-26.6113,-1450,3246,-6944,
0.00500011,0.0195312,0.0185547,0.912109,-3.66211,-23.9868,-26.6113,-1467,3251,-6942,
0.00500011,0.00195312,-0.0253906,0.978516,-8.54492,-21.1182,-30.0293,-1483,3255,-6939,
0.00500011,0.00195312,-0.0253906,0.978516,-8.54492,-21.1182,-30.0293,-1498,3258,-6936,
0.00500011,0.00195312,-0.0253906,0.978516,-8.54492,-21.1182,-30.0293,-1511,3259,-6932,
0.00499916,0.00195312,-0.0253906,0.978516,-8.54492,-21.1182,-30.0293,-1521,3259,-6927,
0.00500011,0.012207,-0.0102539,1.03711,-5.12695,6.71387,-23.5596,-1530,3261,-6921,
0.00500011,0.012207,-0.0102539,1.03711,-5.12695,6.71387,-23.5596,-1537,3260,-6917,
0.00500011,0.012207,-0.0102539,1.03711,-5.12695,6.71387,-23.5596,-1544,3259,-6914,
0.00500011,0.012207,-0.0102539,1.03711,-5.12695,6.71387,-23.5596,-1549,3259,-6912,
0.00500011,0.00683594,0.00195312,0.983887,-1.64795,16.5405,-17.7002,-1555,3259,-6910,
0.00500011,0.00683594,0.00195312,0.983887,-1.64795,16.5405,-17.7002,-1562,3260,-6910,
0.00500011,0.00683594,0.00195312,0.983887,-1.64795,16.5405,-17.7002,-1566,3260,-6908,
0.00499916,0.00683594,0.00195312,0.983887,-1.64795,16.5405,-17.7002,-1570,3258,-6908,
0.00500011,-0.0180664,-0.0209961,0.98584,13.3667,-5.61523,-13.0005,-1574,3255,-6905,
0.00500011,-0.0180664,-0.0209961,0.98584,13.3667,-5.61523,-13.0005,-1580,3249,-6901,
0.00500011,-0.0180664,-0.0209961,0.98584,13.3667,-5.61523,-13.0005,-1586,3244,-6895,
0.00500011,-0.0180664,-0.0209961,0.98584,13.3667,-5.61523,-13.0005,-1593,3237,-6890,
0.00500011,0.0234375,0.0219727,1.02734,28.8696,-10.2539,-17.5171,-1599,3229,-6889,
0.00500011,0.0234375,0.0219727,1.02734,28.8696,-10.2539,-17.5171,-1605,3221,-6890,
0.00500011,0.0234375,0.0219727,1.02734,28.8696,-10.2539,-17.5171,-1610,3210,-6889,
0.00500011,0.0234375,0.0219727,1.02734,28.8696,-10.2539,-17.5171,-1616,3200,-6891,
0.00499916,0.0195312,0.0258789,0.974121,23.9258,11.5356,-21.7896,-1622,3189,-6891,
0.00500011,0.0195312,0.0258789,0.974121,23.9258,11.5356,-21.7896,-1627,3178,-6894,
0.00500011,0.0195312,0.0258789,0.974121,23.9258,11.5356,-21.7896,-1631,3165,-6900,
0.00500011,0.0195312,0.0258789,0.974121,23.9258,11.5356,-21.7896,-1637,3152,-6907,
0.00500011,0.0117188,0.0356445,0.965332,14.2212,10.1318,-23.0103,-1643,3138,-6918,
0.00500011,0.0117188,0.0356445,0.965332,14.2212,10.1318,-23.0103,-1647,3124,-6928,
0.00500011,0.0117188,0.0356445,0.965332,14.2212,10.1318,-23.0103,-1649,3111,-6941,
0.00500011,0.0117188,0.0356445,0.965332,14.2212,10.1318,-23.0103,-1652,3097,-6953,
0.00499916,-0.00732422,0.0258789,1.01807,15.9912,15.8081,-21.9116,-1652,3085,-6961,
0.00500011,-0.00732422,0.0258789,1.01807,15.9912,15.8081,-21.9116,-1650,3073,-6970,
0.00500011,-0.00732422,0.0258789,1.01807,15.9912,15.8081,-21.9116,-1649,3062,-6979,
0.00500011,-0.00732422,0.0258789,1.01807,15.9912,15.8081,-21.9116,-1646,3053,-6983,
0.00500011,-0.0327148,0.0131836,0.995605,16.7847,15.8691,-18.3105,-1643,3043,-6992,
0.00500011,-0.0327148,0.0131836,0.995605,16.7847,15.8691,-18.3105,-1640,3031,-7003,
0.00500011,-0.0327148,0.0131836,0.995605,16.7847,15.8691,-18.3105,-1639,3019,-7010,
0.00500011,-0.0327148,0.0131836,0.995605,16.7847,15.8691,-18.3105,-1638,3006,-7016,
0.00499916,-0.00292969,0.0532227,0.96582,13.0005,2.74658,-17.5781,-1637,2993,-7019,
0.00500011,-0.00292969,0.0532227,0.96582,13.0005,2.74658,-17.5781,-1635,2981,-7022,
0.00500011,-0.00292969,0.0532227,0.96582,13.0005,2.74658,-17.5781,-1635,2967,-7020,
0.00500011,-0.00292969,0.0532227,0.96582,13.0005,2.74658,-17.5781,-1633,2955,-7020,
0.00500011,0.0356445,0.0917969,0.961426,6.10352,-3.11279,-23.7427,-1633,2943,-7019,
0.00500011,0.0356445,0.0917969,0.961426,6.10352,-3.11279,-23.7427,-1636,2931,-7019,
0.00500011,0.0356445,0.0917969,0.961426,6.10352,-3.11279,-23.7427,-1641,2921,-7020,
0.00500011,0.0356445,0.0917969,0.961426,6.10352,-3.11279,-23.7427,-1648,2913,-7021,
0.00500011,0.019043,0.0786133,1.02393,8.11768,-7.26318,-25.2075,-1655,2905,-7028,
0.00499916,0.019043,0.0786133,1.02393,8.11768,-7.26318,-25.2075,-1662,2899,-7031,
0.00500011,0.019043,0.0786133,1.02393,8.11768,-7.26318,-25.2075,-1669,2894,-7032,
0.00500011,0.019043,0.0786133,1.02393,8.11768,-7.26318,-25.2075,-1674,2888,-7036,
0.00500011,-0.00439453,0.0556641,1.04736,9.8877,6.46973,-24.1089,-1678,2880,-7039,
0.00500011,-0.00439453,0.0556641,1.04736,9.8877,6.46973,-24.1089,-1680,2871,-7041,
0.00500011,-0.00439453,0.0556641,1.04736,9.8877,6.46973,-24.1089,-1682,2862,-7045,
0.00500011,-0.00439453,0.0556641,1.04736,9.8877,6.46973,-24.1089,-1684,2851,-7049,
0.00500011,-0.012207,0.0532227,1.00439,16.2964,-6.10352,-21.1792,-1687,2837,-7051,
0.00499916,-0.012207,0.0532227,1.00439,16.2964,-6.10352,-21.1792,-1693,2824,-7054,
0.00500011,-0.012207,0.0532227,1.00439,16.2964,-6.10352,-21.1792,-1699,2808,-7055,
0.00500011,-0.012207,0.0532227,1.00439,16.2964,-6.10352,-21.1792,-1705,2792,-7056,
0.00500011,0.0419922,0.09375,0.992188,13.6108,-2.56348,-25.6348,-1710,2775,-7060,
0.00500011,0.0419922,0.09375,0.992188,13.6108,-2.56348,-25.6348,-1716,2761,-7065,
0.00500011,0.0419922,0.09375,0.992188,13.6108,-2.56348,-25.6348,-1722,2748,-7068,
0.00500011,0.0419922,0.09375,0.992188,13.6108,-2.56348,-25.6348,-1728,2736,-7070,
0.00500011,0.015625,0.078125,0.996094,7.69043,6.22559,-26.9165,-1735,2726,-7071,
0.00499916,0.015625,0.078125,0.996094,7.69043,6.22559,-26.9165,-1739,2716,-7070,
0.00500011,0.015625,0.078125,0.996094,7.69043,6.22559,-26.9165,-1743,2704,-7070,
0.00500011,0.015625,0.078125,0.996094,7.69043,6.22559,-26.9165,-1748,2695,-7068,
0.00500011,-0.0273438,0.0527344,1.00928,6.34766,10.0708,-20.9351,-1754,2685,-7068,
0.00500011,-0.0273438,0.0527344,1.00928,6.34766,10.0708,-20.9351,-1761,2676,-7067,
0.00500011,-0.0273438,0.0527344,1.00928,6.34766,10.0708,-20.9351,-1768,2666,-7064,
0.00500011,-0.0273438,0.0527344,1.00928,6.34766,10.0708,-20.9351,-1772,2656,-7064,
0.00500011,-0.050293,0.0429688,1.01855,10.8032,-3.479,-12.6953,-1775,2648,-7066,
0.00500011,-0.050293,0.0429688,1.01855,10.8032,-3.479,-12.6953,-1778,2640,-7069,
0.00499916,-0.050293,0.0429688,1.01855,10.8032,-3.479,-12.6953,-1780,2629,-7074,
0.00500011,-0.050293,0.0429688,1.01855,10.8032,-3.479,-12.6953,-1784,2618,-7076,
0.00500011,-0.0322266,0.0600586,1.00879,7.99561,-6.95801,-6.89697,-1787,2605,-7077,
0.00500011,-0.0322266,0.0600586,1.00879,7.99561,-6.95801,-6.89697,-1790,2593,-7079,
0.00500011,-0.0322266,0.0600586,1.00879,7.99561,-6.95801,-6.89697,-1794,2584,-7079,
0.00500011,-0.0322266,0.0600586,1.00879,7.99561,-6.95801,-6.89697,-1795,2577,-7081,
0.00500011,-0.0112305,0.0629883,0.994629,2.68555,5.85938,-0.366211,-1797,2572,-7085,
0.00500011,-0.0112305,0.0629883,0.994629,2.68555,5.85938,-0.366211,-1800,2568,-7086,
0.00499916,-0.0112305,0.0629883,0.994629,2.68555,5.85938,-0.366211,-1802,2565,-7085,
0.00500011,-0.0112305,0.0629883,0.994629,2.68555,5.85938,-0.366211,-1804,2561,-7084,
0.00500011,-0.0205078,0.0664062,1.01318,0.366211,8.60596,6.89697,-1802,2557,-7084,
0.00500011,-0.0205078,0.0664062,1.01318,0.366211,8.60596,6.89697,-1799,2554,-7083,
0.00500011,-0.0205078,0.0664062,1.01318,0.366211,8.60596,6.89697,-1795,2552,-7085,
0.00500011,-0.0205078,0.0664062,1.01318,0.366211,8.60596,6.89697,-1791,2551,-7090,
0.00500011,-0.0205078,0.0834961,1.0166,-8.54492,9.46045,11.5356,-1786,2550,-7092,
0.00500011,-0.0205078,0.0834961,1.0166,-8.54492,9.46045,11.5356,-1784,2550,-7098,
0.00499916,-0.0205078,0.0834961,1.0166,-8.54492,9.46045,11.5356,-1780,2553,-7102,
0.00500011,-0.0205078,0.0834961,1.0166,-8.54492,9.46045,11.5356,-1776,2556,-7105,
0.00500011,-0.0239258,0.0668945,1.00439,-14.8315,8.11768,10.0098,-1771,2560,-7106,
0.00500011,-0.0239258,0.0668945,1.00439,-14.8315,8.11768,10.0098,-1766,2564,-7105,
0.00500011,-0.0239258,0.0668945,1.00439,-14.8315,8.11768,10.0098,-1759,2569,-7105,
0.00500011,-0.0239258,0.0668945,1.00439,-14.8315,8.11768,10.0098,-1752,2573,-7106,
0.00500011,-0.03125,0.0507812,0.985352,-9.33838,3.54004,5.67627,-1745,2578,-7107,
0.00500011,-0.03125,0.0507812,0.985352,-9.33838,3.54004,5.67627,-1740,2583,-7108,
0.00500011,-0.03125,0.0507812,0.985352,-9.33838,3.54004,5.67627,-1735,2586,-7112,
0.00499916,-0.03125,0.0507812,0.985352,-9.33838,3.54004,5.67627,-1729,2589,-7113,
0.00500011,-0.0253906,0.0444336,1.0127,-6.22559,11.5967,3.17383,-1724,2591,-7116,
0.00500011,-0.0253906,0.0444336,1.0127,-6.22559,11.5967,3.17383,-1720,2596,-7118,
0.00500011,-0.0253906,0.0444336,1.0127,-6.22559,11.5967,3.17383,-1716,2601,-7120,
0.00500011,-0.0253906,0.0444336,1.0127,-6.22559,11.5967,3.17383,-1709,2607,-7121,
0.00500011,-0.0283203,0.0541992,1.01611,-12.6343,17.7002,3.96729,-1701,2616,-7120,
0.00500011,-0.0283203,0.0541992,1.01611,-12.6343,17.7002,3.96729,-1693,2624,-7116,
0.00500011,-0.0283203,0.0541992,1.01611,-12.6343,17.7002,3.96729,-1684,2631,-7111,
0.00499916,-0.0283203,0.0541992,1.01611,-12.6343,17.7002,3.96729,-1676,2639,-7105,
0.00500011,0.034668,0.137695,0.998535,-14.3433,13.4277,-14.7705,-1668,2645,-7101,
0.00500011,0.034668,0.137695,0.998535,-14.3433,13.4277,-14.7705,-1660,2651,-7100,
0.00500011,0.034668,0.137695,0.998535,-14.3433,13.4277,-14.7705,-1655,2657,-7104,
0.00500011,0.034668,0.137695,0.998535,-14.3433,13.4277,-14.7705,-1649,2663,-7107,
0.00500011,0.0507812,0.0961914,0.868164,-22.0337,7.69043,-43.2129,-1644,2671,-7108,
0.00500011,0.0507812,0.0961914,0.868164,-22.0337,7.69043,-43.2129,-1641,2679,-7107,
0.00500011,0.0507812,0.0961914,0.868164,-22.0337,7.69043,-43.2129,-1637,2688,-7104,
0.00499916,0.0507812,0.0961914,0.868164,-22.0337,7.69043,-43.2129,-1635,2698,-7099,
0.00500011,-0.015625,0.00341797,0.945312,-28.9307,-10.8643,-47.2412,-1636,2708,-7094,
0.00500011,-0.015625,0.00341797,0.945312,-28.9307,-10.8643,-47.2412,-1639,2718,-7089,
0.00500011,-0.015625,0.00341797,0.945312,-28.9307,-10.8643,-47.2412,-1646,2726,-7086,
0.00500011,-0.015625,0.00341797,0.945312,-28.9307,-10.8643,-47.2412,-1655,2733,-7081,
0.00500011,-0.0297852,0.0405273,1.03174,-27.5269,-16.5405,-48.3398,-1665,2740,-7079,
0.00500011,-0.0297852,0.0405273,1.03174,-27.5269,-16.5405,-48.3398,-1677,2748,-7076,
0.00500011,-0.0297852,0.0405273,1.03174,-27.5269,-16.5405,-48.3398,-1692,2758,-7072,
0.00500011,-0.0297852,0.0405273,1.03174,-27.5269,-16.5405,-48.3398,-1706,2767,-7068,
0.00499916,-0.0297852,0.0219727,0.971191,-23.1934,-45.2881,-60.2417,-1724,2775,-7063,
0.00500011,-0.0297852,0.0219727,0.971191,-23.1934,-45.2881,-60.2417,-1744,2782,-7056,
0.00500011,-0.0297852,0.0219727,0.971191,-23.1934,-45.2881,-60.2417,-1770,2789,-7048,
0.00500011,-0.0297852,0.0219727,0.971191,-23.1934,-45.2881,-60.2417,-1795,2793,-7040,
0.00500011,-0.0151367,-0.00927734,1.02979,-29.0527,-51.6968,-55.9692,-1823,2800,-7028,
0.00500011,-0.0151367,-0.00927734,1.02979,-29.0527,-51.6968,-55.9692,-1853,2807,-7019,
0.00500011,-0.0151367,-0.00927734,1.02979,-29.0527,-51.6968,-55.9692,-1881,2814,-7009,
0.00500011,-0.0151367,-0.00927734,1.02979,-29.0527,-51.6968,-55.9692,-1910,2821,-7000,
0.00499916,0.0249023,-0.00146484,1.05566,-34.9731,-21.2402,-44.6777,-1939,2828,-6994,
0.00500011,0.0249023,-0.00146484,1.05566,-34.9731,-21.2402,-44.6777,-1965,2835,-6986,
0.00500011,0.0249023,-0.00146484,1.05566,-34.9731,-21.2402,-44.6777,-1991,2843,-6976,
0.00500011,0.0249023,-0.00146484,1.05566,-34.9731,-21.2402,-44.6777,-2016,2853,-6965,
0.00500011,0.00292969,-0.0307617,1.04199,-24.1089,-12.3901,-30.8228,-2040,2862,-6954,
0.00500011,0.00292969,-0.0307617,1.04199,-24.1089,-12.3901,-30.8228,-2062,2871,-6942,
0.00500011,0.00292969,-0.0307617,1.04199,-24.1089,-12.3901,-30.8228,-2082,2881,-6931,
0.00500011,0.00292969,-0.0307617,1.04199,-24.1089,-12.3901,-30.8228,-2102,2889,-6923,
0.00499916,-0.0327148,-0.0703125,1.02686,-7.75146,-0.732422,-15.625,-2121,2897,-6915,
0.00500011,-0.0327148,-0.0703125,1.02686,-7.75146,-0.732422,-15.625,-2139,2902,-6910,
0.00500011,-0.0327148,-0.0703125,1.02686,-7.75146,-0.732422,-15.625,-2155,2908,-6904,
0.00500011,-0.0327148,-0.0703125,1.02686,-7.75146,-0.732422,-15.625,-2170,2911,-6901,
0.00500011,-0.0439453,-0.0698242,1.03857,5.31006,4.82178,-2.56348,-2182,2915,-6897,
0.00500011,-0.0439453,-0.0698242,1.03857,5.31006,4.82178,-2.56348,-2192,2920,-6893,
0.00500011,-0.0439453,-0.0698242,1.03857,5.31006,4.82178,-2.56348,-2199,2926,-6889,
0.00500011,-0.0439453,-0.0698242,1.03857,5.31006,4.82178,-2.56348,-2204,2930,-6883,
0.00500011,-0.0166016,-0.0195312,1.03516,6.16455,-5.49316,2.74658,-2208,2932,-6879,
0.00499916,-0.0166016,-0.0195312,1.03516,6.16455,-5.49316,2.74658,-2213,2933,-6877,
0.00500011,-0.0166016,-0.0195312,1.03516,6.16455,-5.49316,2.74658,-2218,2932,-6872,
0.00500011,-0.0166016,-0.0195312,1.03516,6.16455,-5.49316,2.74658,-2223,2932,-6866,
0.00500011,0.0327148,0.0424805,1.021,5.5542,-14.6484,3.78418,-2231,2932,-6860,
0.00500011,0.0327148,0.0424805,1.021,5.5542,-14.6484,3.78418,-2238,2929,-6855,
0.00500011,0.0327148,0.0424805,1.021,5.5542,-14.6484,3.78418,-2246,2928,-6851,
0.00500011,0.0327148,0.0424805,1.021,5.5542,-14.6484,3.78418,-2252,2925,-6851,
0.00500011,0.050293,0.0209961,0.980469,3.479,0,-4.88281,-2256,2922,-6851,
0.00499916,0.050293,0.0209961,0.980469,3.479,0,-4.88281,-2259,2921,-6853,
0.00500011,0.050293,0.0209961,0.980469,3.479,0,-4.88281,-2263,2921,-6857,
0.00500011,0.050293,0.0209961,0.980469,3.479,0,-4.88281,-2267,2921,-6860,
0.00500011,0.0351562,-0.0107422,0.984863,-6.53076,7.56836,-5.98145,-2271,2921,-6864,
0.00500011,0.0351562,-0.0107422,0.984863,-6.53076,7.56836,-5.98145,-2274,2922,-6867,
0.00500011,0.0351562,-0.0107422,0.984863,-6.53076,7.56836,-5.98145,-2277,2923,-6867,
0.00500011,0.0351562,-0.0107422,0.984863,-6.53076,7.56836,-5.98145,-2279,2924,-6869,
0.00500011,0.0195312,-0.00927734,0.990234,-13.2446,11.9019,-9.82666,-2280,2928,-6869,
0.00499916,0.0195312,-0.00927734,0.990234,-13.2446,11.9019,-9.82666,-2280,2931,-6868,
0.00500011,0.0195312,-0.00927734,0.990234,-13.2446,11.9019,-9.82666,-2280,2933,-6868,
0.00500011,0.0195312,-0.00927734,0.990234,-13.2446,11.9019,-9.82666,-2279,2933,-6871,
0.00500011,0.00878906,-0.00830078,1.00293,-10.8643,-3.23486,-11.6577,-2280,2932,-6871,
0.00500011,0.00878906,-0.00830078,1.00293,-10.8643,-3.23486,-11.6577,-2281,2931,-6869,
0.00500011,0.00878906,-0.00830078,1.00293,-10.8643,-3.23486,-11.6577,-2283,2931,-6870,
0.00500011,0.00878906,-0.00830078,1.00293,-10.8643,-3.23486,-11.6577,-2286,2931,-6865,
0.00500011,0.00732422,-0.00146484,1.01074,-2.80762,-2.13623,-13.1836,-2289,2933,-6859,
0.00500011,0.00732422,-0.00146484,1.01074,-2.80762,-2.13623,-13.1836,-2293,2935,-6854,
0.00499916,0.00732422,-0.00146484,1.01074,-2.80762,-2.13623,-13.1836,-2296,2937,-6849,
0.00500011,0.00732422,-0.00146484,1.01074,-2.80762,-2.13623,-13.1836,-2300,2938,-6849,
0.00500011,0.00390625,-0.0268555,0.965332,3.54004,-6.40869,-14.9536,-2306,2938,-6850,
0.00500011,0.00390625,-0.0268555,0.965332,3.54004,-6.40869,-14.9536,-2311,2937,-6853,
0.00500011,0.00390625,-0.0268555,0.965332,3.54004,-6.40869,-14.9536,-2316,2935,-6855,
0.00500011,0.00390625,-0.0268555,0.965332,3.54004,-6.40869,-14.9536,-2319,2932,-6858,
0.00500011,0.00976562,-0.0400391,0.999512,10.437,-5.98145,-11.4136,-2322,2929,-6860,
0.00500011,0.00976562,-0.0400391,0.999512,10.437,-5.98145,-11.4136,-2324,2925,-6861,
0.00499916,0.00976562,-0.0400391,0.999512,10.437,-5.98145,-11.4136,-2325,2921,-6862,
0.00500011,0.00976562,-0.0400391,0.999512,10.437,-5.98145,-11.4136,-2326,2917,-6861,
0.00500011,0.000488281,-0.0336914,1.01855,11.6577,2.86865,-4.02832,-2326,2912,-6859,
0.00500011,0.000488281,-0.0336914,1.01855,11.6577,2.86865,-4.02832,-2329,2907,-6858,
0.00500011,0.000488281,-0.0336914,1.01855,11.6577,2.86865,-4.02832,-2331,2901,-6857,
0.00500011,0.000488281,-0.0336914,1.01855,11.6577,2.86865,-4.02832,-2333,2894,-6857,
0.00500011,0.0136719,-0.0229492,0.980957,9.33838,-2.19727,4.88281,-2337,2890,-6858,
0.00500011,0.0136719,-0.0229492,0.980957,9.33838,-2.19727,4.88281,-2340,2886,-6860,
0.00499916,0.0136719,-0.0229492,0.980957,9.33838,-2.19727,4.88281,-2343,2882,-6862,
0.00500011,0.0136719,-0.0229492,0.980957,9.33838,-2.19727,4.88281,-2347,2879,-6862,
0.00500011,0.015625,0.0175781,0.993652,7.20215,-5.37109,8.23975,-2349,2874,-6861,
0.00500011,0.015625,0.0175781,0.993652,7.20215,-5.37109,8.23975,-2352,2869,-6859,
0.00500011,0.015625,0.0175781,0.993652,7.20215,-5.37109,8.23975,-2355,2865,-6856,
0.00500011,0.015625,0.0175781,0.993652,7.20215,-5.37109,8.23975,-2358,2862,-6854,
0.00500011,0.0439453,0.0136719,0.974121,5.61523,-5.12695,-2.44141,-2361,2859,-6853,
0.00500011,0.0439453,0.0136719,0.974121,5.61523,-5.12695,-2.44141,-2364,2856,-6850,
0.00500011,0.0439453,0.0136719,0.974121,5.61523,-5.12695,-2.44141,-2367,2853,-6849,
0.00499916,0.0439453,0.0136719,0.974121,5.61523,-5.12695,-2.44141,-2368,2849,-6849,
0.00500011,0.0268555,-0.0229492,1.01855,1.40381,0.671387,-1.2207,-2371,2846,-6847,
0.00500011,0.0268555,-0.0229492,1.01855,1.40381,0.671387,-1.2207,-2371,2844,-6848,
0.00500011,0.0268555,-0.0229492,1.01855,1.40381,0.671387,-1.2207,-2371,2842,-6848,
0.00500011,0.0268555,-0.0229492,1.01855,1.40381,0.671387,-1.2207,-2372,2840,-6849,
0.00500011,0.0209961,-0.0195312,1.0166,1.09863,3.90625,5.18799,-2369,2839,-6850,
0.00500011,0.0209961,-0.0195312,1.0166,1.09863,3.90625,5.18799,-2367,2837,-6852,
0.00500011,0.0209961,-0.0195312,1.0166,1.09863,3.90625,5.18799,-2365,2834,-6853,
0.00499916,0.0209961,-0.0195312,1.0166,1.09863,3.90625,5.18799,-2361,2833,-6853,
0.00500011,0.0224609,-0.0175781,1.02051,6.71387,4.21143,13.2446,-2356,2830,-6852,
0.00500011,0.0224609,-0.0175781,1.02051,6.71387,4.21143,13.2446,-2351,2827,-6850,
0.00500011,0.0224609,-0.0175781,1.02051,6.71387,4.21143,13.2446,-2347,2825,-6847,
0.00500011,0.0224609,-0.0175781,1.02051,6.71387,4.21143,13.2446,-2343,2821,-6847,
0.00500011,0.0195312,0.0185547,0.964355,12.5732,10.498,14.5264,-2341,2817,-6845,
0.00500011,0.0195312,0.0185547,0.964355,12.5732,10.498,14.5264,-2340,2812,-6845,
0.00500011,0.0195312,0.0185547,0.964355,12.5732,10.498,14.5264,-2338,2806,-6848,
0.00499916,0.0195312,0.0185547,0.964355,12.5732,10.498,14.5264,-2335,2802,-6850,
0.00500011,0.0209961,0.00634766,0.957031,9.15527,2.68555,9.52148,-2332,2799,-6855,
0.00500011,0.0209961,0.00634766,0.957031,9.15527,2.68555,9.52148,-2328,2797,-6861,
0.00500011,0.0209961,0.00634766,0.957031,9.15527,2.68555,9.52148,-2325,2795,-6864,
0.00500011,0.0209961,0.00634766,0.957031,9.15527,2.68555,9.52148,-2322,2793,-6867,
0.00500011,0.0185547,0.00585938,1.01025,5.5542,-2.38037,9.33838,-2319,2790,-6866,
0.00500011,0.0185547,0.00585938,1.01025,5.5542,-2.38037,9.33838,-2316,2788,-6865,
0.00500011,0.0185547,0.00585938,1.01025,5.5542,-2.38037,9.33838,-2311,2789,-6863,
0.00500011,0.0185547,0.00585938,1.01025,5.5542,-2.38037,9.33838,-2307,2790,-6863,
0.00499916,0.034668,0.0366211,1.03857,3.2959,1.77002,8.36182,-2302,2792,-6867,
0.00500011,0.034668,0.0366211,1.03857,3.2959,1.77002,8.36182,-2298,2792,-6871,
0.00500011,0.034668,0.0366211,1.03857,3.2959,1.77002,8.36182,-2297,2792,-6876,
0.00500011,0.034668,0.0366211,1.03857,3.2959,1.77002,8.36182,-2298,2790,-6882,
0.00500011,0.0214844,0.000488281,0.995117,2.19727,0.244141,6.40869,-2297,2785,-6886,
0.00500011,0.0214844,0.000488281,0.995117,2.19727,0.244141,6.40869,-2296,2782,-6890,
0.00500011,0.0214844,0.000488281,0.995117,2.19727,0.244141,6.40869,-2293,2780,-6893,
0.00500011,0.0214844,0.000488281,0.995117,2.19727,0.244141,6.40869,-2288,2776,-6890,
0.00499916,0.0166016,-0.00439453,0.975098,1.15967,0,4.3335,-2286,2775,-6891,
0.00500011,0.0166016,-0.00439453,0.975098,1.15967,0,4.3335,-2285,2773,-6893,
0.00500011,0.0166016,-0.00439453,0.975098,1.15967,0,4.3335,-2283,2772,-6896,
0.00500011,0.0166016,-0.00439453,0.975098,1.15967,0,4.3335,-2280,2771,-6899,
0.00500011,0.027832,0.0180664,1.00684,-1.52588,3.11279,1.64795,-2277,2772,-6905,
0.00500011,0.027832,0.0180664,1.00684,-1.52588,3.11279,1.64795,-2272,2772,-6908,
0.00500011,0.027832,0.0180664,1.00684,-1.52588,3.11279,1.64795,-2269,2772,-6913,
0.00500011,0.027832,0.0180664,1.00684,-1.52588,3.11279,1.64795,-2269,2773,-6917,
0.00499916,0.0341797,0.0253906,1.04688,2.38037,-2.80762,-1.2207,-2271,2772,-6920,
0.00500011,0.0341797,0.0253906,1.04688,2.38037,-2.80762,-1.2207,-2272,2771,-6924,
0.00500011,0.0341797,0.0253906,1.04688,2.38037,-2.80762,-1.2207,-2273,2769,-6925,
0.00500011,0.0341797,0.0253906,1.04688,2.38037,-2.80762,-1.2207,-2274,2767,-6927,
0.00500011,0.0258789,-0.000488281,1.03955,13.1836,-5.24902,-4.21143,-2273,2763,-6926,
0.00500011,0.0258789,-0.000488281,1.03955,13.1836,-5.24902,-4.21143,-2272,2759,-6925,
0.00500011,0.0258789,-0.000488281,1.03955,13.1836,-5.24902,-4.21143,-2271,2754,-6921,
0.00500011,0.0258789,-0.000488281,1.03955,13.1836,-5.24902,-4.21143,-2270,2748,-6917,
0.00500011,0.0219727,-0.00732422,0.995605,14.0381,-0.305176,-7.56836,-2271,2742,-6914,
0.00499916,0.0219727,-0.00732422,0.995605,14.0381,-0.305176,-7.56836,-2273,2736,-6915,
0.00500011,0.0219727,-0.00732422,0.995605,14.0381,-0.305176,-7.56836,-2277,2731,-6919,
0.00500011,0.0219727,-0.00732422,0.995605,14.0381,-0.305176,-7.56836,-2279,2725,-6922,
0.00500011,0.0263672,0.0078125,0.950684,1.46484,5.49316,-9.70459,-2279,2720,-6925,
0.00500011,0.0263672,0.0078125,0.950684,1.46484,5.49316,-9.70459,-2280,2715,-6928,
0.00500011,0.0263672,0.0078125,0.950684,1.46484,5.49316,-9.70459,-2280,2711,-6927,
0.00500011,0.0263672,0.0078125,0.950684,1.46484,5.49316,-9.70459,-2281,2709,-6925,
0.00500011,0.0253906,0.0200195,0.982422,-6.28662,0.488281,-9.52148,-2282,2709,-6926,
0.00499916,0.0253906,0.0200195,0.982422,-6.28662,0.488281,-9.52148,-2284,2709,-6927,
0.00500011,0.0253906,0.0200195,0.982422,-6.28662,0.488281,-9.52148,-2285,2708,-6930,
0.00500011,0.0253906,0.0200195,0.982422,-6.28662,0.488281,-9.52148,-2286,2705,-6934,
0.00500011,0.00195312,0.0161133,1.02588,-0.488281,1.64795,-5.98145,-2287,2700,-6934,
0.00500011,0.00195312,0.0161133,1.02588,-0.488281,1.64795,-5.98145,-2287,2696,-6936,
0.00500011,0.00195312,0.0161133,1.02588,-0.488281,1.64795,-5.98145,-2288,2692,-6934,
0.00500011,0.00195312,0.0161133,1.02588,-0.488281,1.64795,-5.98145,-2289,2688,-6934,
0.00500011,-0.0102539,0.0117188,1.02246,8.60596,3.2959,1.09863,-2287,2684,-6933,
0.00499916,-0.0102539,0.0117188,1.02246,8.60596,3.2959,1.09863,-2284,2681,-6929,
0.00500011,-0.0102539,0.0117188,1.02246,8.60596,3.2959,1.09863,-2280,2678,-6928,
0.00500011,-0.0102539,0.0117188,1.02246,8.60596,3.2959,1.09863,-2276,2676,-6921,
0.00500011,-0.00537109,0.0126953,1.00244,6.10352,9.52148,4.45557,-2271,2677,-6919,
0.00500011,-0.00537109,0.0126953,1.00244,6.10352,9.52148,4.45557,-2267,2676,-6920,
0.00500011,-0.00537109,0.0126953,1.00244,6.10352,9.52148,4.45557,-2264,2674,-6923,
0.00500011,-0.00537109,0.0126953,1.00244,6.10352,9.52148,4.45557,-2258,2673,-6924,
0.00500011,-0.00292969,0.0170898,0.978516,-4.57764,9.33838,9.64355,-2253,2671,-6927,
0.00500011,-0.00292969,0.0170898,0.978516,-4.57764,9.33838,9.64355,-2249,2669,-6929,
0.00499916,-0.00292969,0.0170898,0.978516,-4.57764,9.33838,9.64355,-2245,2669,-6930,
0.00500011,-0.00292969,0.0170898,0.978516,-4.57764,9.33838,9.64355,-2241,2670,-6932,
0.00500011,0.0166016,0.0571289,0.985352,-6.04248,-1.28174,12.8784,-2240,2673,-6931,
0.00500011,0.0166016,0.0571289,0.985352,-6.04248,-1.28174,12.8784,-2238,2676,-6931,
0.00500011,0.0166016,0.0571289,0.985352,-6.04248,-1.28174,12.8784,-2235,2679,-6929,
0.00500011,0.0166016,0.0571289,0.985352,-6.04248,-1.28174,12.8784,-2233,2683,-6928,
0.00500011,0.0239258,0.0556641,1.02637,-2.56348,-4.5166,14.6484,-2232,2686,-6930,
0.00500011,0.0239258,0.0556641,1.02637,-2.56348,-4.5166,14.6484,-2230,2686,-6931,
0.00499916,0.0239258,0.0556641,1.02637,-2.56348,-4.5166,14.6484,-2230,2689,-6930,
0.00500011,0.0239258,0.0556641,1.02637,-2.56348,-4.5166,14.6484,-2228,2691,-6932,
0.00500011,0.000976562,0.012207,1.01318,-0.366211,-0.305176,16.8457,-2225,2691,-6932,
0.00500011,0.000976562,0.012207,1.01318,-0.366211,-0.305176,16.8457,-2223,2694,-6933,
0.00500011,0.000976562,0.012207,1.01318,-0.366211,-0.305176,16.8457,-2222,2696,-6935,
0.00500011,0.000976562,0.012207,1.01318,-0.366211,-0.305176,16.8457,-2221,2698,-6938,
0.00500011,0.00195312,0.0107422,0.991699,3.05176,-0.488281,18.5547,-2218,2701,-6945,
0.00500011,0.00195312,0.0107422,0.991699,3.05176,-0.488281,18.5547,-2214,2704,-6949,
0.00499916,0.00195312,0.0107422,0.991699,3.05176,-0.488281,18.5547,-2208,2707,-6952,
0.00500011,0.00195312,0.0107422,0.991699,3.05176,-0.488281,18.5547,-2200,2707,-6958,
0.00500011,0.00878906,0.0429688,0.998535,4.27246,8.36182,13.916,-2194,2709,-6961,
0.00500011,0.00878906,0.0429688,0.998535,4.27246,8.36182,13.916,-2189,2711,-6963,
0.00500011,0.00878906,0.0429688,0.998535,4.27246,8.36182,13.916,-2185,2711,-6967,
0.00500011,0.00878906,0.0429688,0.998535,4.27246,8.36182,13.916,-2183,2713,-6968,
0.00500011,0.0112305,0.0302734,0.98584,-1.64795,2.68555,10.7422,-2178,2717,-6967,
0.00500011,0.0112305,0.0302734,0.98584,-1.64795,2.68555,10.7422,-2175,2722,-6966,
0.00500011,0.0112305,0.0302734,0.98584,-1.64795,2.68555,10.7422,-2172,2726,-6965,
0.00499916,0.0112305,0.0302734,0.98584,-1.64795,2.68555,10.7422,-2168,2731,-6962,
0.00500011,0.0112305,0.0302734,0.975098,-3.84521,-4.5166,12.3901,-2164,2737,-6963,
0.00500011,0.0112305,0.0302734,0.975098,-3.84521,-4.5166,12.3901,-2161,2740,-6964,
0.00500011,0.0112305,0.0302734,0.975098,-3.84521,-4.5166,12.3901,-2160,2745,-6964,
0.00500011,0.0112305,0.0302734,0.975098,-3.84521,-4.5166,12.3901,-2158,2748,-6964,
0.00500011,0.0258789,0.0263672,0.976074,0.488281,-10.0098,11.2305,-2156,2750,-6961,
0.00500011,0.0258789,0.0263672,0.976074,0.488281,-10.0098,11.2305,-2156,2752,-6959,
0.00500011,0.0258789,0.0263672,0.976074,0.488281,-10.0098,11.2305,-2155,2753,-6957,
0.00499916,0.0258789,0.0263672,0.976074,0.488281,-10.0098,11.2305,-2154,2754,-6957,
0.00500011,0.0175781,-0.00244141,1.00195,2.50244,-3.05176,13.3667,-2155,2755,-6960,
0.00500011,0.0175781,-0.00244141,1.00195,2.50244,-3.05176,13.3667,-2156,2757,-6962,
0.00500011,0.0175781,-0.00244141,1.00195,2.50244,-3.05176,13.3667,-2155,2760,-6965,
0.00500011,0.0175781,-0.00244141,1.00195,2.50244,-3.05176,13.3667,-2151,2764,-6965,
0.00500011,0.0185547,-0.00634766,1.00977,0.549316,7.50732,15.4419,-2148,2767,-6966,
0.00500011,0.0185547,-0.00634766,1.00977,0.549316,7.50732,15.4419,-2144,2772,-6967,
0.00500011,0.0185547,-0.00634766,1.00977,0.549316,7.50732,15.4419,-2141,2774,-6968,
0.00499916,0.0185547,-0.00634766,1.00977,0.549316,7.50732,15.4419,-2137,2775,-6971,
0.00500011,0.00878906,0.0078125,1.01172,-2.80762,14.7705,14.0381,-2132,2778,-6972,
0.00500011,0.00878906,0.0078125,1.01172,-2.80762,14.7705,14.0381,-2127,2780,-6972,
0.00500011,0.00878906,0.0078125,1.01172,-2.80762,14.7705,14.0381,-2119,2781,-6972,
0.00500011,0.00878906,0.0078125,1.01172,-2.80762,14.7705,14.0381,-2113,2784,-6970,
0.00500011,0.012207,0.0209961,0.99707,-2.2583,10.0098,10.437,-2106,2788,-6968,
0.00500011,0.012207,0.0209961,0.99707,-2.2583,10.0098,10.437,-2098,2792,-6966,
0.00500011,0.012207,0.0209961,0.99707,-2.2583,10.0098,10.437,-2092,2796,-6966,
0.00500011,0.012207,0.0209961,0.99707,-2.2583,10.0098,10.437,-2086,2800,-6966,
0.00499916,0.00878906,0.0170898,0.998535,1.46484,12.4512,10.437,-2079,2804,-6967,
0.00500011,0.00878906,0.0170898,0.998535,1.46484,12.4512,10.437,-2073,2807,-6969,
0.00500011,0.00878906,0.0170898,0.998535,1.46484,12.4512,10.437,-2066,2810,-6969,
0.00500011,0.00878906,0.0170898,0.998535,1.46484,12.4512,10.437,-2058,2808,-6968,
0.00500011,-0.0136719,-0.00488281,1.00781,1.89209,16.4795,13.2446,-2050,2806,-6967,
0.00500011,-0.0136719,-0.00488281,1.00781,1.89209,16.4795,13.2446,-2041,2805,-6964,
0.00500011,-0.0136719,-0.00488281,1.00781,1.89209,16.4795,13.2446,-2031,2804,-6962,
0.00500011,-0.0136719,-0.00488281,1.00781,1.89209,16.4795,13.2446,-2021,2807,-6960,
0.00499916,-0.00683594,0.00683594,1.02197,2.68555,20.6909,13.6719,-2009,2810,-6960,
0.00500011,-0.00683594,0.00683594,1.02197,2.68555,20.6909,13.6719,-1996,2814,-6960,
0.00500011,-0.00683594,0.00683594,1.02197,2.68555,20.6909,13.6719,-1981,2817,-6960,
0.00500011,-0.00683594,0.00683594,1.02197,2.68555,20.6909,13.6719,-1967,2821,-6962,
0.00500011,-0.00976562,0.0175781,1.01855,3.78418,21.6675,11.5967,-1954,2825,-6961,
0.00500011,-0.00976562,0.0175781,1.01855,3.78418,21.6675,11.5967,-1942,2828,-6963,
0.00500011,-0.00976562,0.0175781,1.01855,3.78418,21.6675,11.5967,-1930,2829,-6968,
0.00500011,-0.00976562,0.0175781,1.01855,3.78418,21.6675,11.5967,-1917,2829,-6972,
0.00499916,-0.0244141,0.0273438,1.00391,5.92041,14.9536,10.0098,-1904,2827,-6974,
0.00500011,-0.0244141,0.0273438,1.00391,5.92041,14.9536,10.0098,-1891,2824,-6973,
0.00500011,-0.0244141,0.0273438,1.00391,5.92041,14.9536,10.0098,-1879,2821,-6971,
0.00500011,-0.0244141,0.0273438,1.00391,5.92041,14.9536,10.0098,-1869,2818,-6970,
0.00500011,-0.0395508,0.0322266,0.981445,7.38525,-12.0239,5.7373,-1860,2816,-6975,
0.00500011,-0.0395508,0.0322266,0.981445,7.38525,-12.0239,5.7373,-1854,2816,-6981,
0.00500011,-0.0395508,0.0322266,0.981445,7.38525,-12.0239,5.7373,-1851,2815,-6989,
0.00500011,-0.0395508,0.0322266,0.981445,7.38525,-12.0239,5.7373,-1849,2814,-6996,
0.00500011,-0.0322266,0.0209961,1.0083,5.18799,-12.7563,5.12695,-1849,2814,-7001,
0.00499916,-0.0322266,0.0209961,1.0083,5.18799,-12.7563,5.12695,-1846,2812,-7007,
0.00500011,-0.0322266,0.0209961,1.0083,5.18799,-12.7563,5.12695,-1842,2810,-7011,
0.00500011,-0.0322266,0.0209961,1.0083,5.18799,-12.7563,5.12695,-1840,2808,-7016,
0.00500011,-0.0107422,0.0522461,1.00049,3.78418,-2.92969,1.83105,-1837,2805,-7016,
0.00500011,-0.0107422,0.0522461,1.00049,3.78418,-2.92969,1.83105,-1835,2804,-7019,
0.00500011,-0.0107422,0.0522461,1.00049,3.78418,-2.92969,1.83105,-1836,2802,-7023,
0.00500011,-0.0107422,0.0522461,1.00049,3.78418,-2.92969,1.83105,-1837,2799,-7025,
0.00500011,0.0136719,0.0605469,0.994141,2.44141,0.854492,-6.71387,-1837,2797,-7028,
0.00499916,0.0136719,0.0605469,0.994141,2.44141,0.854492,-6.71387,-1840,2794,-7032,
0.00500011,0.0136719,0.0605469,0.994141,2.44141,0.854492,-6.71387,-1841,2791,-7036,
0.00500011,0.0136719,0.0605469,0.994141,2.44141,0.854492,-6.71387,-1843,2789,-7040,
0.00500011,-0.00146484,0.0522461,0.999023,1.46484,0,-9.15527,-1845,2788,-7043,
0.00500011,-0.00146484,0.0522461,0.999023,1.46484,0,-9.15527,-1844,2787,-7045,
0.00500011,-0.00146484,0.0522461,0.999023,1.46484,0,-9.15527,-1844,2786,-7044,
0.00500011,-0.00146484,0.0522461,0.999023,1.46484,0,-9.15527,-1844,2787,-7040,
0.00500011,-0.00439453,0.0439453,1.01221,-2.0752,-3.54004,-10.9863,-1843,2786,-7038,
0.00499916,-0.00439453,0.0439453,1.01221,-2.0752,-3.54004,-10.9863,-1844,2784,-7037,
0.00500011,-0.00439453,0.0439453,1.01221,-2.0752,-3.54004,-10.9863,-1844,2780,-7042,
0.00500011,-0.00439453,0.0439453,1.01221,-2.0752,-3.54004,-10.9863,-1845,2776,-7048,
0.00500011,-0.0239258,0.00976562,1.0166,-1.34277,1.2207,-10.7422,-1848,2772,-7050,
0.00500011,-0.0239258,0.00976562,1.0166,-1.34277,1.2207,-10.7422,-1851,2768,-7055,
0.00500011,-0.0239258,0.00976562,1.0166,-1.34277,1.2207,-10.7422,-1854,2766,-7055,
0.00500011,-0.0239258,0.00976562,1.0166,-1.34277,1.2207,-10.7422,-1856,2763,-7056,
0.00500011,-0.0332031,0.0102539,0.989746,2.99072,-6.28662,-9.46045,-1858,2760,-7055,
0.00500011,-0.0332031,0.0102539,0.989746,2.99072,-6.28662,-9.46045,-1862,2758,-7054,
0.00499916,-0.0332031,0.0102539,0.989746,2.99072,-6.28662,-9.46045,-1868,2755,-7053,
0.00500011,-0.0332031,0.0102539,0.989746,2.99072,-6.28662,-9.46045,-1873,2755,-7050,
0.00500011,-0.0239258,0.027832,0.997559,4.27246,-10.1318,-6.7749,-1879,2756,-7045,
0.00500011,-0.0239258,0.027832,0.997559,4.27246,-10.1318,-6.7749,-1885,2755,-7035,
0.00500011,-0.0239258,0.027832,0.997559,4.27246,-10.1318,-6.7749,-1891,2754,-7023,
0.00500011,-0.0239258,0.027832,0.997559,4.27246,-10.1318,-6.7749,-1898,2754,-7014,
0.00500011,-0.000488281,0.0532227,0.988281,2.86865,-6.34766,-3.2959,-1903,2753,-7008,
0.00500011,-0.000488281,0.0532227,0.988281,2.86865,-6.34766,-3.2959,-1909,2751,-7005,
0.00499916,-0.000488281,0.0532227,0.988281,2.86865,-6.34766,-3.2959,-1914,2749,-7005,
0.00500011,-0.000488281,0.0532227,0.988281,2.86865,-6.34766,-3.2959,-1918,2746,-7003,
0.00500011,0.00927734,0.0629883,0.961426,1.70898,-7.75146,-6.40869,-1922,2743,-7005,
0.00500011,0.00927734,0.0629883,0.961426,1.70898,-7.75146,-6.40869,-1925,2741,-7006,
0.00500011,0.00927734,0.0629883,0.961426,1.70898,-7.75146,-6.40869,-1928,2738,-7005,
0.00500011,0.00927734,0.0629883,0.961426,1.70898,-7.75146,-6.40869,-1932,2737,-7004,
0.00500011,-0.00195312,0.0375977,0.990723,-4.02832,-1.77002,-11.2915,-1936,2733,-7001,
0.00500011,-0.00195312,0.0375977,0.990723,-4.02832,-1.77002,-11.2915,-1939,2730,-6998,
0.00499916,-0.00195312,0.0375977,0.990723,-4.02832,-1.77002,-11.2915,-1942,2727,-7001,
0.00500011,-0.00195312,0.0375977,0.990723,-4.02832,-1.77002,-11.2915,-1945,2725,-7001,
0.00500011,0.00976562,0.0385742,0.996582,-11.5356,2.44141,-12.2681,-1947,2722,-7003,
0.00500011,0.00976562,0.0385742,0.996582,-11.5356,2.44141,-12.2681,-1949,2722,-7001,
0.00500011,0.00976562,0.0385742,0.996582,-11.5356,2.44141,-12.2681,-1952,2723,-6999,
0.00500011,0.00976562,0.0385742,0.996582,-11.5356,2.44141,-12.2681,-1956,2723,-6999,
0.00500011,0.0102539,0.0395508,1.01904,-10.6201,3.66211,-11.7188,-1960,2726,-6995,
0.00500011,0.0102539,0.0395508,1.01904,-10.6201,3.66211,-11.7188,-1963,2729,-6997,
0.00500011,0.0102539,0.0395508,1.01904,-10.6201,3.66211,-11.7188,-1965,2729,-6993,
0.00499916,0.0102539,0.0395508,1.01904,-10.6201,3.66211,-11.7188,-1966,2730,-6991,
0.00500011,-0.0205078,0.00927734,1.0127,-7.20215,3.2959,-8.30078,-1968,2731,-6988,
0.00500011,-0.0205078,0.00927734,1.0127,-7.20215,3.2959,-8.30078,-1969,2730,-6991,
0.00500011,-0.0205078,0.00927734,1.0127,-7.20215,3.2959,-8.30078,-1970,2732,-6995,
0.00500011,-0.0205078,0.00927734,1.0127,-7.20215,3.2959,-8.30078,-1974,2735,-7001,
0.00500011,-0.0249023,0.00732422,0.999512,-6.10352,-3.78418,-3.17383,-1977,2738,-7008,
0.00500011,-0.0249023,0.00732422,0.999512,-6.10352,-3.78418,-3.17383,-1981,2742,-7013,
0.00500011,-0.0249023,0.00732422,0.999512,-6.10352,-3.78418,-3.17383,-1985,2744,-7018,
0.00499916,-0.0249023,0.00732422,0.999512,-6.10352,-3.78418,-3.17383,-1984,2747,-7019,
0.00500011,-0.0332031,0.0107422,0.99707,-7.44629,-2.01416,2.62451,-1985,2749,-7021,
0.00500011,-0.0332031,0.0107422,0.99707,-7.44629,-2.01416,2.62451,-1986,2754,-7025,
0.00500011,-0.0332031,0.0107422,0.99707,-7.44629,-2.01416,2.62451,-1986,2761,-7023,
0.00500011,-0.0332031,0.0107422,0.99707,-7.44629,-2.01416,2.62451,-1987,2767,-7021,
0.00500011,-0.0268555,0.03125,1.00244,-0.0610352,-1.89209,5.61523,-1989,2773,-7019,
0.00500011,-0.0268555,0.03125,1.00244,-0.0610352,-1.89209,5.61523,-1992,2777,-7013,
0.00500011,-0.0268555,0.03125,1.00244,-0.0610352,-1.89209,5.61523,-1996,2778,-7011,
0.00499916,-0.0268555,0.03125,1.00244,-0.0610352,-1.89209,5.61523,-1998,2780,-7010,
0.00500011,-0.0268555,0.03125,1.00244,3.90625,-8.36182,6.16455,-2002,2783,-7005,
0.00500011,-0.00146484,0.0356445,1.01318,3.90625,-8.36182,6.16455,-2005,2784,-7003,
0.00500011,-0.00146484,0.0356445,1.01318,3.90625,-8.36182,6.16455,-2006,2785,-7000,
0.00500011,-0.00146484,0.0356445,1.01318,3.90625,-8.36182,6.16455,-2009,2787,-6997,
0.00500011,-0.00146484,0.0356445,1.01318,3.90625,-8.36182,6.16455,-2010,2788,-6992,
0.00500011,0.00488281,0.0249023,1.01807,-0.793457,-1.15967,7.38525,-2011,2789,-6989,
0.00500011,0.00488281,0.0249023,1.01807,-0.793457,-1.15967,7.38525,-2013,2790,-6989,
0.00500011,0.00488281,0.0249023,1.01807,-0.793457,-1.15967,7.38525,-2014,2790,-6985,
0.00499916,0.00488281,0.0249023,1.01807,-0.793457,-1.15967,7.38525,-2014,2791,-6982,
0.00500011,0,0.00878906,0.974121,-6.89697,2.19727,6.5918,-2013,2793,-6975,
0.00500011,0,0.00878906,0.974121,-6.89697,2.19727,6.5918,-2012,2795,-6967,
0.00500011,0,0.00878906,0.974121,-6.89697,2.19727,6.5918,-2010,2801,-6959,
0.00500011,0,0.00878906,0.974121,-6.89697,2.19727,6.5918,-2008,2806,-6957,
0.00500011,-0.00195312,0.00195312,0.999512,-6.65283,3.05176,4.21143,-2006,2811,-6955,
0.00500011,-0.00195312,0.00195312,0.999512,-6.65283,3.05176,4.21143,-2003,2815,-6956,
0.00500011,-0.00195312,0.00195312,0.999512,-6.65283,3.05176,4.21143,-2000,2818,-6958,
0.00499916,-0.00195312,0.00195312,0.999512,-6.65283,3.05176,4.21143,-1997,2820,-6959,
0.00500011,-0.0180664,-0.00732422,1.00879,-0.854492,5.5542,1.70898,-1994,2821,-6958,
0.00500011,-0.0180664,-0.00732422,1.00879,-0.854492,5.5542,1.70898,-1991,2823,-6961,
0.00500011,-0.0180664,-0.00732422,1.00879,-0.854492,5.5542,1.70898,-1988,2825,-6963,
0.00500011,-0.0180664,-0.00732422,1.00879,-0.854492,5.5542,1.70898,-1986,2827,-6965,
0.00500011,-0.0117188,0.00292969,1,3.54004,1.70898,0.976562,-1984,2829,-6966,
0.00500011,-0.0117188,0.00292969,1,3.54004,1.70898,0.976562,-1982,2832,-6969,
0.00500011,-0.0117188,0.00292969,1,3.54004,1.70898,0.976562,-1981,2833,-6973,
0.00499916,-0.0117188,0.00292969,1,3.54004,1.70898,0.976562,-1981,2832,-6976,
0.00500011,-0.00244141,0.00732422,0.996582,7.93457,-2.92969,-1.70898,-1980,2831,-6982,
0.00500011,-0.00244141,0.00732422,0.996582,7.93457,-2.92969,-1.70898,-1980,2828,-6989,
0.00500011,-0.00244141,0.00732422,0.996582,7.93457,-2.92969,-1.70898,-1978,2826,-6991,
0.00500011,-0.00244141,0.00732422,0.996582,7.93457,-2.92969,-1.70898,-1976,2823,-6992,
0.00500011,0,0.00878906,0.996582,7.56836,-2.38037,-3.96729,-1974,2820,-6994,
0.00500011,0,0.00878906,0.996582,7.56836,-2.38037,-3.96729,-1974,2816,-6993,
0.00500011,0,0.00878906,0.996582,7.56836,-2.38037,-3.96729,-1976,2813,-6991,
0.00500011,0,0.00878906,0.996582,7.56836,-2.38037,-3.96729,-1979,2810,-6990,
0.00499916,-0.00878906,0.00976562,1.00635,8.30078,-4.21143,-5.18799,-1980,2808,-6990,
0.00500011,-0.00878906,0.00976562,1.00635,8.30078,-4.21143,-5.18799,-1983,2806,-6989,
0.00500011,-0.00878906,0.00976562,1.00635,8.30078,-4.21143,-5.18799,-1984,2803,-6990,
0.00500011,-0.00878906,0.00976562,1.00635,8.30078,-4.21143,-5.18799,-1986,2799,-6992,
0.00500011,0.00292969,0.0302734,1.00977,6.83594,-0.427246,-10.0708,-1988,2794,-6994,
0.00500011,0.00292969,0.0302734,1.00977,6.83594,-0.427246,-10.0708,-1988,2787,-6995,
0.00500011,0.00292969,0.0302734,1.00977,6.83594,-0.427246,-10.0708,-1991,2781,-6998,
0.00500011,0.00292969,0.0302734,1.00977,6.83594,-0.427246,-10.0708,-1994,2777,-6998,
0.00499916,0.0214844,0.0512695,0.98584,-2.0752,1.70898,-10.5591,-1996,2775,-6996,
0.00500011,0.0214844,0.0512695,0.98584,-2.0752,1.70898,-10.5591,-1999,2773,-6998,
0.00500011,0.0214844,0.0512695,0.98584,-2.0752,1.70898,-10.5591,-2000,2772,-6998,
0.00500011,0.0214844,0.0512695,0.98584,-2.0752,1.70898,-10.5591,-2005,2770,-6999,
0.00500011,0.0126953,0.0483398,0.983398,-6.46973,5.5542,-10.9253,-2008,2769,-7000,
0.00500011,0.0126953,0.0483398,0.983398,-6.46973,5.5542,-10.9253,-2010,2768,-7002,
0.00500011,0.0126953,0.0483398,0.983398,-6.46973,5.5542,-10.9253,-2011,2766,-7004,
0.00500011,0.0126953,0.0483398,0.983398,-6.46973,5.5542,-10.9253,-2014,2764,-7006,
0.00499916,-0.0136719,0.0283203,1.00439,-1.70898,-5.37109,-8.97217,-2015,2765,-7006,
0.00500011,-0.0136719,0.0283203,1.00439,-1.70898,-5.37109,-8.97217,-2019,2764,-7003,
0.00500011,-0.0136719,0.0283203,1.00439,-1.70898,-5.37109,-8.97217,-2023,2765,-6998,
0.00500011,-0.0136719,0.0283203,1.00439,-1.70898,-5.37109,-8.97217,-2028,2764,-6993,
0.00500011,-0.0302734,0.0175781,1.01709,0.610352,-7.93457,-3.2959,-2034,2762,-6989,
0.00500011,-0.0302734,0.0175781,1.01709,0.610352,-7.93457,-3.2959,-2041,2760,-6986,
0.00500011,-0.0302734,0.0175781,1.01709,0.610352,-7.93457,-3.2959,-2047,2757,-6982,
0.00500011,-0.0302734,0.0175781,1.01709,0.610352,-7.93457,-3.2959,-2053,2754,-6979,
0.00500011,-0.0244141,0.0146484,0.986816,0.610352,-11.9019,2.62451,-2057,2752,-6974,
0.00499916,-0.0244141,0.0146484,0.986816,0.610352,-11.9019,2.62451,-2060,2750,-6974,
0.00500011,-0.0244141,0.0146484,0.986816,0.610352,-11.9019,2.62451,-2063,2751,-6973,
0.00500011,-0.0244141,0.0146484,0.986816,0.610352,-11.9019,2.62451,-2065,2754,-6973,
0.00500011,0.00976562,0.0410156,1,-3.54004,-5.49316,7.26318,-2069,2755,-6975,
0.00500011,0.00976562,0.0410156,1,-3.54004,-5.49316,7.26318,-2074,2757,-6972,
0.00500011,0.00976562,0.0410156,1,-3.54004,-5.49316,7.26318,-2079,2759,-6972,
0.00500011,0.00976562,0.0410156,1,-3.54004,-5.49316,7.26318,-2082,2759,-6973,
0.00500011,0.0170898,0.0429688,1.00293,-3.90625,3.66211,11.6577,-2083,2760,-6974,
0.00499916,0.0170898,0.0429688,1.00293,-3.90625,3.66211,11.6577,-2083,2761,-6977,
0.00500011,0.0170898,0.0429688,1.00293,-3.90625,3.66211,11.6577,-2080,2762,-6980,
0.00500011,0.0170898,0.0429688,1.00293,-3.90625,3.66211,11.6577,-2078,2765,-6982,
0.00500011,-0.00683594,0.0307617,1.00195,-0.244141,3.84521,14.5264,-2076,2767,-6984,
0.00500011,-0.00683594,0.0307617,1.00195,-0.244141,3.84521,14.5264,-2073,2769,-6981,
0.00500011,-0.00683594,0.0307617,1.00195,-0.244141,3.84521,14.5264,-2071,2770,-6976,
0.00500011,-0.00683594,0.0307617,1.00195,-0.244141,3.84521,14.5264,-2070,2770,-6975,
0.00500011,-0.015625,0.00585938,1.01562,4.76074,-13.916,15.0146,-2071,2772,-6973,
0.00499916,-0.015625,0.00585938,1.01562,4.76074,-13.916,15.0146,-2075,2775,-6971,
0.00500011,-0.015625,0.00585938,1.01562,4.76074,-13.916,15.0146,-2080,2777,-6972,
0.00500011,-0.015625,0.00585938,1.01562,4.76074,-13.916,15.0146,-2086,2779,-6972,
0.00500011,0.0146484,0.0102539,1.02783,6.65283,-9.52148,19.2261,-2090,2780,-6968,
0.00500011,0.0146484,0.0102539,1.02783,6.65283,-9.52148,19.2261,-2091,2781,-6966,
0.00500011,0.0146484,0.0102539,1.02783,6.65283,-9.52148,19.2261,-2091,2782,-6962,
0.00500011,0.0146484,0.0102539,1.02783,6.65283,-9.52148,19.2261,-2092,2781,-6958,
0.00500011,0.0131836,0.0102539,0.993652,7.44629,-7.14111,22.583,-2095,2779,-6956,
0.00500011,0.0131836,0.0102539,0.993652,7.44629,-7.14111,22.583,-2097,2777,-6953,
0.00499916,0.0131836,0.0102539,0.993652,7.44629,-7.14111,22.583,-2098,2776,-6950,
0.00500011,0.0131836,0.0102539,0.993652,7.44629,-7.14111,22.583,-2097,2775,-6950,
0.00500011,0.0170898,0.0151367,1.00244,8.78906,-5.5542,26.3062,-2095,2775,-6950,
0.00500011,0.0170898,0.0151367,1.00244,8.78906,-5.5542,26.3062,-2092,2775,-6950,
0.00500011,0.0170898,0.0151367,1.00244,8.78906,-5.5542,26.3062,-2089,2775,-6953,
0.00500011,0.0170898,0.0151367,1.00244,8.78906,-5.5542,26.3062,-2084,2775,-6957,
0.00500011,0.0244141,0.0424805,0.985352,7.56836,2.19727,28.1982,-2078,2776,-6961,
0.00500011,0.0244141,0.0424805,0.985352,7.56836,2.19727,28.1982,-2072,2777,-6967,
0.00499916,0.0244141,0.0424805,0.985352,7.56836,2.19727,28.1982,-2066,2776,-6974,
0.00500011,0.0244141,0.0424805,0.985352,7.56836,2.19727,28.1982,-2061,2775,-6982,
0.00500011,0.0327148,0.0463867,0.970703,8.97217,-1.2207,29.9072,-2055,2773,-6989,
0.00500011,0.0327148,0.0463867,0.970703,8.97217,-1.2207,29.9072,-2051,2770,-6995,
0.00500011,0.0327148,0.0463867,0.970703,8.97217,-1.2207,29.9072,-2046,2770,-6993,
0.00500011,0.0327148,0.0463867,0.970703,8.97217,-1.2207,29.9072,-2043,2771,-6991,
0.00500011,0.0322266,0.0493164,0.972656,11.2305,-5.00488,34.2407,-2043,2774,-6987,
0.00500011,0.0322266,0.0493164,0.972656,11.2305,-5.00488,34.2407,-2043,2774,-6985,
0.00499916,0.0322266,0.0493164,0.972656,11.2305,-5.00488,34.2407,-2044,2772,-6986,
0.00500011,0.0322266,0.0493164,0.972656,11.2305,-5.00488,34.2407,-2041,2769,-6984,
0.00500011,0.0283203,0.0532227,0.992676,13.4277,-7.8125,37.8418,-2039,2766,-6986,
0.00500011,0.0283203,0.0532227,0.992676,13.4277,-7.8125,37.8418,-2033,2763,-6986,
0.00500011,0.0283203,0.0532227,0.992676,13.4277,-7.8125,37.8418,-2028,2762,-6986,
0.00500011,0.0283203,0.0532227,0.992676,13.4277,-7.8125,37.8418,-2024,2761,-6989,
0.00500011,0.0327148,0.0654297,1.0083,12.5732,-8.11768,40.4053,-2022,2760,-6992,
0.00500011,0.0327148,0.0654297,1.0083,12.5732,-8.11768,40.4053,-2022,2761,-6998,
0.00500011,0.0327148,0.0654297,1.0083,12.5732,-8.11768,40.4053,-2021,2760,-7002,
0.00499916,0.0327148,0.0654297,1.0083,12.5732,-8.11768,40.4053,-2021,2760,-7006,
0.00500011,0.0429688,0.0688477,1.01514,12.5122,-6.28662,40.8325,-2020,2759,-7009,
0.00500011,0.0429688,0.0688477,1.01514,12.5122,-6.28662,40.8325,-2017,2757,-7008,
0.00500011,0.0429688,0.0688477,1.01514,12.5122,-6.28662,40.8325,-2014,2755,-7008,
0.00500011,0.0429688,0.0688477,1.01514,12.5122,-6.28662,40.8325,-2010,2753,-7007,
0.00500011,0.0415039,0.0537109,1.02051,10.7422,3.11279,44.7388,-2004,2752,-7005,
0.00500011,0.0415039,0.0537109,1.02051,10.7422,3.11279,44.7388,-1998,2752,-7006,
0.00500011,0.0415039,0.0537109,1.02051,10.7422,3.11279,44.7388,-1989,2751,-7008,
0.00499916,0.0415039,0.0537109,1.02051,10.7422,3.11279,44.7388,-1981,2752,-7011,
0.00500011,0.0400391,0.0449219,1.00244,15.2588,12.2681,47.2412,-1971,2752,-7016,
0.00500011,0.0400391,0.0449219,1.00244,15.2588,12.2681,47.2412,-1960,2752,-7023,
0.00500011,0.0400391,0.0449219,1.00244,15.2588,12.2681,47.2412,-1949,2754,-7027,
0.00500011,0.0400391,0.0449219,1.00244,15.2588,12.2681,47.2412,-1938,2755,-7029,
0.00500011,0.0532227,0.0615234,0.981445,16.6016,18.7988,43.8232,-1925,2756,-7029,
0.00500011,0.0532227,0.0615234,0.981445,16.6016,18.7988,43.8232,-1913,2756,-7024,
0.00500011,0.0532227,0.0615234,0.981445,16.6016,18.7988,43.8232,-1900,2756,-7023,
0.00499916,0.0532227,0.0615234,0.981445,16.6016,18.7988,43.8232,-1885,2757,-7022,
0.00500011,0.0566406,0.0869141,0.97168,4.27246,18.0664,43.5181,-1871,2759,-7024,
0.00500011,0.0566406,0.0869141,0.97168,4.27246,18.0664,43.5181,-1856,2760,-7029,
0.00500011,0.0566406,0.0869141,0.97168,4.27246,18.0664,43.5181,-1840,2761,-7032,
0.00500011,0.0566406,0.0869141,0.97168,4.27246,18.0664,43.5181,-1827,2762,-7039,
0.00500011,0.0107422,0.0629883,0.998047,1.89209,11.1084,45.2881,-1814,2763,-7046,
0.00500011,0.0107422,0.0629883,0.998047,1.89209,11.1084,45.2881,-1800,2764,-7052,
0.00500011,0.0107422,0.0629883,0.998047,1.89209,11.1084,45.2881,-1784,2764,-7060,
0.00500011,0.0107422,0.0629883,0.998047,1.89209,11.1084,45.2881,-1765,2765,-7067,
0.00499916,-0.0141602,0.0449219,1.02246,8.97217,7.62939,49.4995,-1746,2767,-7072,
0.00500011,-0.0141602,0.0449219,1.02246,8.97217,7.62939,49.4995,-1728,2768,-7074,
0.00500011,-0.0141602,0.0449219,1.02246,8.97217,7.62939,49.4995,-1712,2770,-7074,
0.00500011,-0.0141602,0.0449219,1.02246,8.97217,7.62939,49.4995,-1698,2772,-7075,
0.00500011,-0.0214844,0.0375977,1.02197,15.3809,5.43213,52.9785,-1683,2771,-7077,
0.00500011,-0.0214844,0.0375977,1.02197,15.3809,5.43213,52.9785,-1669,2770,-7081,
0.00500011,-0.0214844,0.0375977,1.02197,15.3809,5.43213,52.9785,-1654,2767,-7086,
0.00500011,-0.0214844,0.0375977,1.02197,15.3809,5.43213,52.9785,-1638,2764,-7091,
0.00499916,-0.00732422,0.0532227,0.993652,12.146,9.94873,53.7109,-1624,2762,-7095,
0.00500011,-0.00732422,0.0532227,0.993652,12.146,9.94873,53.7109,-1609,2761,-7100,
0.00500011,-0.00732422,0.0532227,0.993652,12.146,9.94873,53.7109,-1594,2760,-7104,
0.00500011,-0.00732422,0.0532227,0.993652,12.146,9.94873,53.7109,-1579,2760,-7113,
0.00500011,0.00732422,0.065918,0.987793,14.5874,5.61523,54.2603,-1563,2760,-7122,
0.00500011,0.00732422,0.065918,0.987793,14.5874,5.61523,54.2603,-1548,2760,-7127,
0.00500011,0.00732422,0.065918,0.987793,14.5874,5.61523,54.2603,-1533,2759,-7134,
0.00500011,0.00732422,0.065918,0.987793,14.5874,5.61523,54.2603,-1521,2758,-7139,
0.00499916,0.0327148,0.081543,1.00195,20.6299,3.66211,52.6733,-1508,2756,-7138,
0.00500011,0.0327148,0.081543,1.00195,20.6299,3.66211,52.6733,-1497,2754,-7138,
0.00500011,0.0327148,0.081543,1.00195,20.6299,3.66211,52.6733,-1485,2752,-7138,
0.00500011,0.0327148,0.081543,1.00195,20.6299,3.66211,52.6733,-1471,2749,-7134,
0.00500011,0.0551758,0.0981445,0.992676,15.625,10.0708,50.9644,-1456,2746,-7132,
0.00500011,0.0551758,0.0981445,0.992676,15.625,10.0708,50.9644,-1440,2741,-7128,
0.00500011,0.0551758,0.0981445,0.992676,15.625,10.0708,50.9644,-1423,2737,-7127,
0.00500011,0.0551758,0.0981445,0.992676,15.625,10.0708,50.9644,-1407,2732,-7130,
0.00500011,0.0307617,0.097168,0.993164,10.0708,7.93457,47.9736,-1392,2729,-7138,
0.00499916,0.0307617,0.097168,0.993164,10.0708,7.93457,47.9736,-1378,2727,-7144,
0.00500011,0.0307617,0.097168,0.993164,10.0708,7.93457,47.9736,-1364,2727,-7152,
0.00500011,0.0307617,0.097168,0.993164,10.0708,7.93457,47.9736,-1349,2730,-7158,
0.00500011,0.00927734,0.104004,0.988281,-5.18799,17.9443,45.2271,-1336,2733,-7158,
0.00500011,0.00927734,0.104004,0.988281,-5.18799,17.9443,45.2271,-1321,2736,-7159,
0.00500011,0.00927734,0.104004,0.988281,-5.18799,17.9443,45.2271,-1304,2739,-7155,
0.00500011,0.00927734,0.104004,0.988281,-5.18799,17.9443,45.2271,-1286,2742,-7151,
0.00500011,-0.00537109,0.0927734,0.989746,-12.5732,26.7334,46.2646,-1268,2748,-7146,
0.00499916,-0.00537109,0.0927734,0.989746,-12.5732,26.7334,46.2646,-1247,2751,-7143,
0.00500011,-0.00537109,0.0927734,0.989746,-12.5732,26.7334,46.2646,-1226,2758,-7142,
0.00500011,-0.00537109,0.0927734,0.989746,-12.5732,26.7334,46.2646,-1205,2767,-7142,
0.00500011,-0.03125,0.0717773,1.00635,-9.82666,27.1606,48.4619,-1181,2775,-7142,
0.00500011,-0.03125,0.0717773,1.00635,-9.82666,27.1606,48.4619,-1157,2785,-7141,
0.00500011,-0.03125,0.0717773,1.00635,-9.82666,27.1606,48.4619,-1133,2795,-7141,
0.00500011,-0.03125,0.0717773,1.00635,-9.82666,27.1606,48.4619,-1110,2804,-7143,
0.00500011,-0.0195312,0.097168,1.00586,-13.5498,22.0337,52.3071,-1086,2813,-7144,
0.00499916,-0.0195312,0.097168,1.00586,-13.5498,22.0337,52.3071,-1065,2822,-7143,
0.00500011,-0.0195312,0.097168,1.00586,-13.5498,22.0337,52.3071,-1044,2830,-7147,
0.00500011,-0.0195312,0.097168,1.00586,-13.5498,22.0337,52.3071,-1024,2838,-7147,
0.00500011,-0.0341797,0.0830078,1.03906,-11.7188,9.0332,55.1147,-1004,2846,-7146,
0.00500011,-0.0341797,0.0830078,1.03906,-11.7188,9.0332,55.1147,-982,2855,-7149,
0.00500011,-0.0341797,0.0830078,1.03906,-11.7188,9.0332,55.1147,-959,2868,-7147,
0.00500011,-0.0341797,0.0830078,1.03906,-11.7188,9.0332,55.1147,-934,2883,-7145,
0.00500011,-0.0380859,0.0673828,1.0376,-16.2964,15.3809,60.6079,-908,2898,-7145,
0.00500011,-0.0380859,0.0673828,1.0376,-16.2964,15.3809,60.6079,-882,2912,-7142,
0.00499916,-0.0380859,0.0673828,1.0376,-16.2964,15.3809,60.6079,-856,2925,-7140,
0.00500011,-0.0380859,0.0673828,1.0376,-16.2964,15.3809,60.6079,-833,2936,-7141,
0.00500011,-0.0239258,0.0952148,0.989258,-18.3716,18.1274,62.6221,-809,2949,-7140,
0.00500011,-0.0239258,0.0952148,0.989258,-18.3716,18.1274,62.6221,-784,2962,-7140,
0.00500011,-0.0239258,0.0952148,0.989258,-18.3716,18.1274,62.6221,-759,2975,-7138,
0.00500011,-0.0239258,0.0952148,0.989258,-18.3716,18.1274,62.6221,-735,2987,-7133,
0.00500011,-0.0454102,0.0898438,0.961914,-15.1978,8.66699,59.1431,-712,2998,-7129,
0.00500011,-0.0454102,0.0898438,0.961914,-15.1978,8.66699,59.1431,-692,3008,-7126,
0.00499916,-0.0454102,0.0898438,0.961914,-15.1978,8.66699,59.1431,-670,3018,-7125,
0.00500011,-0.0454102,0.0898438,0.961914,-15.1978,8.66699,59.1431,-649,3028,-7126,
0.00500011,-0.090332,0.0576172,0.980957,-7.01904,0,57.373,-628,3038,-7127,
0.00500011,-0.090332,0.0576172,0.980957,-7.01904,0,57.373,-608,3048,-7127,
0.00500011,-0.090332,0.0576172,0.980957,-7.01904,0,57.373,-588,3059,-7126,
0.00500011,-0.090332,0.0576172,0.980957,-7.01904,0,57.373,-570,3070,-7124,
0.00500011,-0.123535,0.0214844,1.00342,-0.732422,-3.17383,61.9507,-553,3081,-7124,
0.00500011,-0.123535,0.0214844,1.00342,-0.732422,-3.17383,61.9507,-536,3092,-7124,
0.00499916,-0.123535,0.0214844,1.00342,-0.732422,-3.17383,61.9507,-519,3101,-7123,
0.00500011,-0.123535,0.0214844,1.00342,-0.732422,-3.17383,61.9507,-504,3108,-7122,
0.00500011,-0.0551758,0.0532227,1.0166,7.56836,-1.83105,65.8569,-488,3115,-7120,
0.00500011,-0.0551758,0.0532227,1.0166,7.56836,-1.83105,65.8569,-473,3120,-7121,
0.00500011,-0.0551758,0.0532227,1.0166,7.56836,-1.83105,65.8569,-459,3124,-7119,
0.00500011,-0.0551758,0.0532227,1.0166,7.56836,-1.83105,65.8569,-446,3128,-7120,
0.00500011,0.0253906,0.11084,1.03955,2.13623,1.83105,66.2842,-432,3131,-7119,
0.00500011,0.0253906,0.11084,1.03955,2.13623,1.83105,66.2842,-419,3135,-7118,
0.00500011,0.0253906,0.11084,1.03955,2.13623,1.83105,66.2842,-406,3138,-7118,
0.00499916,0.0253906,0.11084,1.03955,2.13623,1.83105,66.2842,-391,3142,-7118,
0.00500011,0.0185547,0.106445,1.00977,-3.54004,2.68555,64.8193,-375,3146,-7116,
0.00500011,0.0185547,0.106445,1.00977,-3.54004,2.68555,64.8193,-358,3149,-7114,
0.00500011,0.0185547,0.106445,1.00977,-3.54004,2.68555,64.8193,-341,3152,-7111,
0.00500011,0.0185547,0.106445,1.00977,-3.54004,2.68555,64.8193,-322,3155,-7106,
0.00500011,0.00439453,0.0854492,0.97998,-2.44141,7.99561,64.8193,-304,3156,-7103,
0.00500011,0.00439453,0.0854492,0.97998,-2.44141,7.99561,64.8193,-287,3158,-7102,
0.00500011,0.00439453,0.0854492,0.97998,-2.44141,7.99561,64.8193,-269,3160,-7100,
0.00499916,0.00439453,0.0854492,0.97998,-2.44141,7.99561,64.8193,-253,3162,-7098,
0.00500011,-0.0136719,0.0654297,0.978027,-0.244141,9.33838,64.8193,-235,3163,-7098,
0.00500011,-0.0136719,0.0654297,0.978027,-0.244141,9.33838,64.8193,-215,3165,-7096,
0.00500011,-0.0136719,0.0654297,0.978027,-0.244141,9.33838,64.8193,-196,3164,-7097,
0.00500011,-0.0136719,0.0654297,0.978027,-0.244141,9.33838,64.8193,-176,3163,-7100,
0.00500011,-0.0126953,0.0629883,1.00635,-11.1084,-0.610352,66.4673,-157,3164,-7105,
0.00500011,-0.0126953,0.0629883,1.00635,-11.1084,-0.610352,66.4673,-141,3166,-7111,
0.00500011,-0.0126953,0.0629883,1.00635,-11.1084,-0.610352,66.4673,-124,3170,-7114,
0.00499916,-0.0126953,0.0629883,1.00635,-11.1084,-0.610352,66.4673,-109,3175,-7116,
0.00500011,-0.0317383,0.0600586,0.997559,-12.9395,-12.085,71.167,-95,3180,-7115,
0.00500011,-0.0317383,0.0600586,0.997559,-12.9395,-12.085,71.167,-81,3185,-7109,
0.00500011,-0.0317383,0.0600586,0.997559,-12.9395,-12.085,71.167,-68,3190,-7105,
0.00500011,-0.0317383,0.0600586,0.997559,-12.9395,-12.085,71.167,-54,3194,-7102,
0.00500011,0.00244141,0.081543,1.02246,1.58691,-2.44141,77.4536,-41,3199,-7098,
0.00500011,0.00244141,0.081543,1.02246,1.58691,-2.44141,77.4536,-27,3204,-7098,
0.00500011,0.00244141,0.081543,1.02246,1.58691,-2.44141,77.4536,-8,3207,-7097,
0.00500011,0.00244141,0.081543,1.02246,1.58691,-2.44141,77.4536,11,3209,-7096,
0.00499916,-0.0078125,0.0595703,0.986328,15.1978,22.8882,79.4678,31,3212,-7095,
0.00500011,-0.0078125,0.0595703,0.986328,15.1978,22.8882,79.4678,54,3211,-7097,
0.00500011,-0.0078125,0.0595703,0.986328,15.1978,22.8882,79.4678,74,3209,-7097,
0.00500011,-0.0078125,0.0595703,0.986328,15.1978,22.8882,79.4678,95,3204,-7100,
0.00500011,-0.0258789,0.0429688,0.976562,8.54492,17.4561,76.7822,119,3199,-7099,
0.00500011,-0.0258789,0.0429688,0.976562,8.54492,17.4561,76.7822,141,3194,-7099,
0.00500011,-0.0258789,0.0429688,0.976562,8.54492,17.4561,76.7822,165,3191,-7097,
0.00500011,-0.0258789,0.0429688,0.976562,8.54492,17.4561,76.7822,191,3188,-7098,
0.00499916,-0.0371094,0.0483398,1.00146,-5.98145,-4.82178,68.6646,215,3185,-7097,
0.00500011,-0.0371094,0.0483398,1.00146,-5.98145,-4.82178,68.6646,238,3181,-7097,
0.00500011,-0.0371094,0.0483398,1.00146,-5.98145,-4.82178,68.6646,258,3180,-7096,
0.00500011,-0.0371094,0.0483398,1.00146,-5.98145,-4.82178,68.6646,277,3179,-7094,
0.00500011,-0.000976562,0.0712891,1.01855,-10.0098,-2.56348,67.1387,297,3179,-7094,
0.00500011,-0.000976562,0.0712891,1.01855,-10.0098,-2.56348,67.1387,315,3182,-7090,
0.00500011,-0.000976562,0.0712891,1.01855,-10.0098,-2.56348,67.1387,332,3182,-7087,
0.00500011,-0.000976562,0.0712891,1.01855,-10.0098,-2.56348,67.1387,351,3181,-7086,
0.00499916,0.0131836,0.0708008,1.00977,0.915527,26.062,68.8477,374,3182,-7086,
0.00500011,0.0131836,0.0708008,1.00977,0.915527,26.062,68.8477,398,3179,-7083,
0.00500011,0.0131836,0.0708008,1.00977,0.915527,26.062,68.8477,427,3176,-7082,
0.00500011,0.0131836,0.0708008,1.00977,0.915527,26.062,68.8477,456,3172,-7081,
0.00500011,-0.0322266,0.0478516,0.945312,13.0615,29.1748,66.3452,484,3165,-7084,
0.00500011,-0.0322266,0.0478516,0.945312,13.0615,29.1748,66.3452,512,3157,-7088,
0.00500011,-0.0322266,0.0478516,0.945312,13.0615,29.1748,66.3452,540,3150,-7093,
0.00500011,-0.0322266,0.0478516,0.945312,13.0615,29.1748,66.3452,567,3142,-7096,
0.00500011,-0.0532227,0.0551758,0.977051,11.0474,13.7329,61.6455,594,3133,-7098,
0.00499916,-0.0532227,0.0551758,0.977051,11.0474,13.7329,61.6455,619,3125,-7100,
0.00500011,-0.0532227,0.0551758,0.977051,11.0474,13.7329,61.6455,646,3117,-7100,
0.00500011,-0.0532227,0.0551758,0.977051,11.0474,13.7329,61.6455,670,3110,-7097,
0.00500011,-0.0883789,0.0615234,1.00879,-3.90625,7.75146,60.1196,696,3106,-7093,
0.00500011,-0.0883789,0.0615234,1.00879,-3.90625,7.75146,60.1196,721,3100,-7088,
0.00500011,-0.0883789,0.0615234,1.00879,-3.90625,7.75146,60.1196,745,3093,-7083,
0.00500011,-0.0883789,0.0615234,1.00879,-3.90625,7.75146,60.1196,768,3086,-7079,
0.00500011,-0.0556641,0.0805664,1.00684,-0.183105,7.56836,58.8989,790,3078,-7077,
0.00499916,-0.0556641,0.0805664,1.00684,-0.183105,7.56836,58.8989,809,3072,-7074,
0.00500011,-0.0556641,0.0805664,1.00684,-0.183105,7.56836,58.8989,829,3066,-7073,
0.00500011,-0.0556641,0.0805664,1.00684,-0.183105,7.56836,58.8989,850,3060,-7072,
0.00500011,-0.0429688,0.0874023,0.960938,19.5312,6.46973,56.8237,871,3052,-7074,
0.00500011,-0.0429688,0.0874023,0.960938,19.5312,6.46973,56.8237,890,3041,-7075,
0.00500011,-0.0429688,0.0874023,0.960938,19.5312,6.46973,56.8237,908,3030,-7076,
0.00500011,-0.0429688,0.0874023,0.960938,19.5312,6.46973,56.8237,926,3018,-7078,
0.00500011,-0.00976562,0.105957,0.974121,11.9019,15.7471,59.6313,943,3007,-7077,
0.00499916,-0.00976562,0.105957,0.974121,11.9019,15.7471,59.6313,964,2997,-7078,
0.00500011,-0.00976562,0.105957,0.974121,11.9019,15.7471,59.6313,983,2987,-7078,
0.00500011,-0.00976562,0.105957,0.974121,11.9019,15.7471,59.6313,1002,2979,-7080,
0.00500011,-0.0126953,0.11377,0.994141,-7.8125,6.65283,66.5894,1022,2970,-7082,
0.00500011,-0.0126953,0.11377,0.994141,-7.8125,6.65283,66.5894,1042,2961,-7085,
0.00500011,-0.0126953,0.11377,0.994141,-7.8125,6.65283,66.5894,1062,2952,-7087,
0.00500011,-0.0126953,0.11377,0.994141,-7.8125,6.65283,66.5894,1083,2945,-7083,
0.00500011,0.00244141,0.125488,0.996582,-5.24902,-0.366211,64.1479,1104,2938,-7079,
0.00500011,0.00244141,0.125488,0.996582,-5.24902,-0.366211,64.1479,1123,2933,-7079,
0.00499916,0.00244141,0.125488,0.996582,-5.24902,-0.366211,64.1479,1140,2928,-7080,
0.00500011,0.00244141,0.125488,0.996582,-5.24902,-0.366211,64.1479,1155,2925,-7082,
0.00500011,-0.0336914,0.110352,0.955566,1.2207,-9.27734,55.481,1167,2919,-7086,
0.00500011,-0.0336914,0.110352,0.955566,1.2207,-9.27734,55.481,1179,2913,-7091,
0.00500011,-0.0336914,0.110352,0.955566,1.2207,-9.27734,55.481,1190,2906,-7090,
0.00500011,-0.0336914,0.110352,0.955566,1.2207,-9.27734,55.481,1201,2899,-7094,
0.00500011,-0.0512695,0.0913086,0.929199,13.3667,-0.732422,51.2695,1213,2891,-7095,
0.00500011,-0.0512695,0.0913086,0.929199,13.3667,-0.732422,51.2695,1226,2884,-7096,
0.00499916,-0.0512695,0.0913086,0.929199,13.3667,-0.732422,51.2695,1241,2874,-7098,
0.00500011,-0.0512695,0.0913086,0.929199,13.3667,-0.732422,51.2695,1258,2866,-7096,
0.00500011,-0.0151367,0.116211,0.990723,5.37109,16.2354,51.3306,1274,2859,-7093,
0.00500011,-0.0151367,0.116211,0.990723,5.37109,16.2354,51.3306,1289,2852,-7095,
0.00500011,-0.0151367,0.116211,0.990723,5.37109,16.2354,51.3306,1306,2848,-7096,
0.00500011,-0.0151367,0.116211,0.990723,5.37109,16.2354,51.3306,1320,2842,-7098,
0.00500011,-0.0136719,0.112305,1.03613,-12.207,5.67627,53.5889,1336,2837,-7098,
0.00500011,-0.0136719,0.112305,1.03613,-12.207,5.67627,53.5889,1350,2830,-7093,
0.00499916,-0.0136719,0.112305,1.03613,-12.207,5.67627,53.5889,1364,2825,-7089,
0.00500011,-0.0136719,0.112305,1.03613,-12.207,5.67627,53.5889,1378,2821,-7084,
0.00500011,-0.0322266,0.108398,1.04785,-15.3809,2.0752,58.2275,1393,2818,-7079,
0.00500011,-0.0322266,0.108398,1.04785,-15.3809,2.0752,58.2275,1408,2816,-7074,
0.00500011,-0.0322266,0.108398,1.04785,-15.3809,2.0752,58.2275,1423,2816,-7072,
0.00500011,-0.0322266,0.108398,1.04785,-15.3809,2.0752,58.2275,1441,2814,-7073,
0.00500011,-0.00488281,0.0947266,0.968262,-13.7329,22.8271,66.2842,1462,2811,-7074,
0.00500011,-0.00488281,0.0947266,0.968262,-13.7329,22.8271,66.2842,1483,2808,-7076,
0.00500011,-0.00488281,0.0947266,0.968262,-13.7329,22.8271,66.2842,1507,2807,-7074,
0.00499916,-0.00488281,0.0947266,0.968262,-13.7329,22.8271,66.2842,1530,2806,-7072,
0.00500011,0.0400391,0.116211,0.974121,-16.5405,50.1099,60.1196,1555,2806,-7067,
0.00500011,0.0400391,0.116211,0.974121,-16.5405,50.1099,60.1196,1582,2806,-7064,
0.00500011,0.0400391,0.116211,0.974121,-16.5405,50.1099,60.1196,1608,2805,-7060,
0.00500011,0.0400391,0.116211,0.974121,-16.5405,50.1099,60.1196,1636,2802,-7055,
0.00500011,-0.0302734,0.103516,1.01807,-21.1182,37.0483,48.4619,1666,2798,-7048,
0.00500011,-0.0302734,0.103516,1.01807,-21.1182,37.0483,48.4619,1695,2795,-7039,
0.00500011,-0.0302734,0.103516,1.01807,-21.1182,37.0483,48.4619,1723,2795,-7029,
0.00499916,-0.0302734,0.103516,1.01807,-21.1182,37.0483,48.4619,1748,2798,-7021,
0.00500011,-0.0898438,0.0859375,0.991699,-31.0669,-3.05176,53.5278,1771,2801,-7016,
0.00500011,-0.0898438,0.0859375,0.991699,-31.0669,-3.05176,53.5278,1793,2806,-7011,
0.00500011,-0.0898438,0.0859375,0.991699,-31.0669,-3.05176,53.5278,1813,2812,-7007,
0.00500011,-0.0898438,0.0859375,0.991699,-31.0669,-3.05176,53.5278,1832,2818,-7002,
0.00500011,-0.0849609,0.0634766,0.984375,-34.668,-23.8037,64.3311,1849,2824,-6997,
0.00500011,-0.0849609,0.0634766,0.984375,-34.668,-23.8037,64.3311,1863,2831,-6992,
0.00500011,-0.0849609,0.0634766,0.984375,-34.668,-23.8037,64.3311,1877,2839,-6986,
0.00499916,-0.0849609,0.0634766,0.984375,-34.668,-23.8037,64.3311,1891,2846,-6978,
0.00500011,-0.0209961,0.0678711,0.941406,-27.6489,0.915527,68.0542,1903,2854,-6972,
0.00500011,-0.0209961,0.0678711,0.941406,-27.6489,0.915527,68.0542,1917,2861,-6964,
0.00500011,-0.0209961,0.0678711,0.941406,-27.6489,0.915527,68.0542,1931,2868,-6959,
0.00500011,-0.0209961,0.0678711,0.941406,-27.6489,0.915527,68.0542,1946,2873,-6953,
0.00500011,-0.0532227,0.0483398,0.975098,-19.043,15.564,63.2324,1962,2877,-6949,
0.00500011,-0.0532227,0.0483398,0.975098,-19.043,15.564,63.2324,1979,2880,-6946,
0.00500011,-0.0532227,0.0483398,0.975098,-19.043,15.564,63.2324,1995,2881,-6944,
0.00500011,-0.0532227,0.0483398,0.975098,-19.043,15.564,63.2324,2012,2882,-6937,
0.00499916,-0.0620117,0.0390625,1.02783,-9.82666,2.56348,66.7725,2029,2883,-6934,
0.00500011,-0.0620117,0.0390625,1.02783,-9.82666,2.56348,66.7725,2046,2885,-6928,
0.00500011,-0.0620117,0.0390625,1.02783,-9.82666,2.56348,66.7725,2062,2885,-6923,
0.00500011,-0.0620117,0.0390625,1.02783,-9.82666,2.56348,66.7725,2076,2883,-6920,
0.00500011,-0.074707,0.0200195,0.992188,-2.80762,-8.23975,77.0264,2089,2880,-6918,
0.00500011,-0.074707,0.0200195,0.992188,-2.80762,-8.23975,77.0264,2101,2874,-6917,
0.00500011,-0.074707,0.0200195,0.992188,-2.80762,-8.23975,77.0264,2114,2869,-6916,
0.00500011,-0.074707,0.0200195,0.992188,-2.80762,-8.23975,77.0264,2126,2863,-6917,
0.00499916,-0.0507812,0.0229492,0.999023,-15.9912,-20.874,84.7168,2138,2858,-6917,
0.00500011,-0.0507812,0.0229492,0.999023,-15.9912,-20.874,84.7168,2150,2855,-6912,
0.00500011,-0.0507812,0.0229492,0.999023,-15.9912,-20.874,84.7168,2160,2850,-6904,
0.00500011,-0.0507812,0.0229492,0.999023,-15.9912,-20.874,84.7168,2170,2846,-6896,
0.00500011,-0.065918,0.0366211,1.021,-29.1748,-19.7144,81.4819,2177,2844,-6890,
0.00500011,-0.065918,0.0366211,1.021,-29.1748,-19.7144,81.4819,2186,2841,-6889,
0.00500011,-0.065918,0.0366211,1.021,-29.1748,-19.7144,81.4819,2197,2839,-6891,
0.00500011,-0.065918,0.0366211,1.021,-29.1748,-19.7144,81.4819,2209,2836,-6894,
0.00499916,-0.0844727,0.0332031,1.01758,-18.1274,-5.12695,72.2046,2221,2832,-6897,
0.00500011,-0.0844727,0.0332031,1.01758,-18.1274,-5.12695,72.2046,2234,2826,-6900,
0.00500011,-0.0844727,0.0332031,1.01758,-18.1274,-5.12695,72.2046,2246,2822,-6901,
0.00500011,-0.0844727,0.0332031,1.01758,-18.1274,-5.12695,72.2046,2258,2819,-6901,
0.00500011,-0.0849609,0.0258789,1.01807,-1.70898,1.28174,67.749,2272,2815,-6900,
0.00500011,-0.0849609,0.0258789,1.01807,-1.70898,1.28174,67.749,2285,2811,-6898,
0.00500011,-0.0849609,0.0258789,1.01807,-1.70898,1.28174,67.749,2299,2806,-6896,
0.00500011,-0.0849609,0.0258789,1.01807,-1.70898,1.28174,67.749,2312,2798,-6897,
0.00500011,-0.0634766,0.00927734,1.00781,6.16455,0.305176,73.6694,2325,2789,-6896,
0.00499916,-0.0634766,0.00927734,1.00781,6.16455,0.305176,73.6694,2337,2779,-6895,
0.00500011,-0.0634766,0.00927734,1.00781,6.16455,0.305176,73.6694,2349,2767,-6889,
0.00500011,-0.0634766,0.00927734,1.00781,6.16455,0.305176,73.6694,2360,2755,-6885,
0.00500011,-0.00830078,-0.00927734,0.992188,-4.63867,-8.36182,82.5195,2369,2743,-6881,
0.00500011,-0.00830078,-0.00927734,0.992188,-4.63867,-8.36182,82.5195,2380,2732,-6878,
0.00500011,-0.00830078,-0.00927734,0.992188,-4.63867,-8.36182,82.5195,2390,2719,-6882,
0.00500011,-0.00830078,-0.00927734,0.992188,-4.63867,-8.36182,82.5195,2398,2709,-6883,
0.00500011,-0.0219727,0.00390625,0.977539,-19.5923,-2.13623,89.7217,2408,2699,-6880,
0.00499916,-0.0219727,0.00390625,0.977539,-19.5923,-2.13623,89.7217,2416,2691,-6880,
0.00500011,-0.0219727,0.00390625,0.977539,-19.5923,-2.13623,89.7217,2428,2681,-6878,
0.00500011,-0.0219727,0.00390625,0.977539,-19.5923,-2.13623,89.7217,2443,2673,-6876,
0.00500011,-0.0522461,0.0175781,1.01562,-25.2686,9.33838,85.2661,2460,2663,-6874,
0.00500011,-0.0522461,0.0175781,1.01562,-25.2686,9.33838,85.2661,2478,2653,-6870,
0.00500011,-0.0522461,0.0175781,1.01562,-25.2686,9.33838,85.2661,2497,2645,-6868,
0.00500011,-0.0522461,0.0175781,1.01562,-25.2686,9.33838,85.2661,2515,2637,-6865,
0.00500011,-0.0385742,0.0229492,1.03418,-21.0571,12.085,71.5942,2534,2630,-6860,
0.00499916,-0.0385742,0.0229492,1.03418,-21.0571,12.085,71.5942,2553,2624,-6856,
0.00500011,-0.0385742,0.0229492,1.03418,-21.0571,12.085,71.5942,2572,2618,-6849,
0.00500011,-0.0385742,0.0229492,1.03418,-21.0571,12.085,71.5942,2591,2614,-6843,
0.00500011,-0.000488281,-0.00878906,1.03711,-18.3716,16.5405,63.5376,2611,2610,-6835,
0.00500011,-0.000488281,-0.00878906,1.03711,-18.3716,16.5405,63.5376,2632,2604,-6829,
0.00500011,-0.000488281,-0.00878906,1.03711,-18.3716,16.5405,63.5376,2652,2600,-6823,
0.00500011,-0.000488281,-0.00878906,1.03711,-18.3716,16.5405,63.5376,2672,2596,-6814,
0.00500011,0.0288086,-0.0258789,0.973633,-33.3862,-1.40381,61.2183,2688,2591,-6809,
0.00500011,0.0288086,-0.0258789,0.973633,-33.3862,-1.40381,61.2183,2704,2589,-6806,
0.00499916,0.0288086,-0.0258789,0.973633,-33.3862,-1.40381,61.2183,2720,2586,-6802,
0.00500011,0.0288086,-0.0258789,0.973633,-33.3862,-1.40381,61.2183,2736,2584,-6799,
0.00500011,-0.0273438,-0.0341797,0.972656,-33.2031,-7.38525,67.749,2750,2582,-6800,
0.00500011,-0.0273438,-0.0341797,0.972656,-33.2031,-7.38525,67.749,2763,2581,-6797,
0.00500011,-0.0273438,-0.0341797,0.972656,-33.2031,-7.38525,67.749,2775,2578,-6797,
0.00500011,-0.0273438,-0.0341797,0.972656,-33.2031,-7.38525,67.749,2786,2575,-6798,
0.00500011,-0.0854492,-0.0131836,1.01025,-22.7661,-1.64795,71.4722,2798,2573,-6796,
0.00500011,-0.0854492,-0.0131836,1.01025,-22.7661,-1.64795,71.4722,2811,2570,-6794,
0.00499916,-0.0854492,-0.0131836,1.01025,-22.7661,-1.64795,71.4722,2826,2567,-6792,
0.00500011,-0.0854492,-0.0131836,1.01025,-22.7661,-1.64795,71.4722,2840,2561,-6792,
0.00500011,-0.0332031,0.0078125,1.07715,6.89697,-4.3335,62.9883,2854,2554,-6792,
0.00500011,-0.0332031,0.0078125,1.07715,6.89697,-4.3335,62.9883,2866,2545,-6791,
0.00500011,-0.0332031,0.0078125,1.07715,6.89697,-4.3335,62.9883,2877,2536,-6789,
0.00500011,-0.0332031,0.0078125,1.07715,6.89697,-4.3335,62.9883,2886,2526,-6788,
0.00500011,0.0292969,-0.0219727,1.02051,25.0854,-6.40869,51.5747,2895,2514,-6787,
0.00500011,0.0292969,-0.0219727,1.02051,25.0854,-6.40869,51.5747,2903,2500,-6789,
0.00499916,0.0292969,-0.0219727,1.02051,25.0854,-6.40869,51.5747,2909,2484,-6794,
0.00500011,0.0292969,-0.0219727,1.02051,25.0854,-6.40869,51.5747,2913,2467,-6795,
0.00500011,0.00732422,-0.027832,0.939453,23.3765,-19.2871,50.7812,2917,2449,-6796,
0.00500011,0.00732422,-0.027832,0.939453,23.3765,-19.2871,50.7812,2921,2431,-6796,
0.00500011,0.00732422,-0.027832,0.939453,23.3765,-19.2871,50.7812,2926,2413,-6796,
0.00500011,0.00732422,-0.027832,0.939453,23.3765,-19.2871,50.7812,2929,2395,-6795,
0.00500011,-0.0322266,-0.00292969,0.999512,18.6157,-14.0991,52.6733,2933,2373,-6796,
0.00500011,-0.0322266,-0.00292969,0.999512,18.6157,-14.0991,52.6733,2936,2351,-6799,
0.00500011,-0.0322266,-0.00292969,0.999512,18.6157,-14.0991,52.6733,2937,2329,-6801,
0.00499916,-0.0322266,-0.00292969,0.999512,18.6157,-14.0991,52.6733,2943,2305,-6804,
0.00500011,-0.0546875,0.0146484,1.03174,28.0151,0,48.7061,2948,2280,-6807,
0.00500011,-0.0546875,0.0146484,1.03174,28.0151,0,48.7061,2953,2255,-6808,
0.00500011,-0.0546875,0.0146484,1.03174,28.0151,0,48.7061,2961,2229,-6812,
0.00500011,-0.0546875,0.0146484,1.03174,28.0151,0,48.7061,2967,2203,-6814,
0.00500011,-0.03125,0.0166016,1.00439,24.9634,2.86865,48.584,2974,2175,-6815,
0.00500011,-0.03125,0.0166016,1.00439,24.9634,2.86865,48.584,2983,2149,-6814,
0.00500011,-0.03125,0.0166016,1.00439,24.9634,2.86865,48.584,2992,2123,-6816,
0.00499916,-0.03125,0.0166016,1.00439,24.9634,2.86865,48.584,2999,2099,-6821,
0.00500011,-0.0395508,0.0292969,1.01465,-6.04248,5.5542,51.6968,3006,2079,-6824,
0.00500011,-0.0395508,0.0292969,1.01465,-6.04248,5.5542,51.6968,3011,2059,-6824,
0.00500011,-0.0395508,0.0292969,1.01465,-6.04248,5.5542,51.6968,3018,2041,-6822,
0.00500011,-0.0395508,0.0292969,1.01465,-6.04248,5.5542,51.6968,3027,2024,-6819,
0.00500011,-0.0078125,0.0253906,0.982422,-7.8125,1.77002,45.8984,3036,2007,-6817,
0.00500011,-0.0078125,0.0253906,0.982422,-7.8125,1.77002,45.8984,3044,1991,-6815,
0.00500011,-0.0078125,0.0253906,0.982422,-7.8125,1.77002,45.8984,3051,1975,-6816,
0.00499916,-0.0078125,0.0253906,0.982422,-7.8125,1.77002,45.8984,3056,1960,-6814,
0.00500011,-0.0126953,0.0180664,1.0293,3.84521,15.1978,32.7759,3062,1944,-6812,
0.00500011,-0.0126953,0.0180664,1.0293,3.84521,15.1978,32.7759,3070,1929,-6810,
0.00500011,-0.0126953,0.0180664,1.0293,3.84521,15.1978,32.7759,3082,1912,-6806,
0.00500011,-0.0126953,0.0180664,1.0293,3.84521,15.1978,32.7759,3098,1895,-6804,
0.00500011,-0.0703125,0.0488281,0.96875,9.46045,41.5649,28.0151,3115,1878,-6802,
0.00500011,-0.0703125,0.0488281,0.96875,9.46045,41.5649,28.0151,3133,1864,-6800,
0.00500011,-0.0703125,0.0488281,0.96875,9.46045,41.5649,28.0151,3152,1850,-6795,
0.00500011,-0.0703125,0.0488281,0.96875,9.46045,41.5649,28.0151,3172,1838,-6792,
0.00499916,-0.14502,0.0551758,0.998047,-0.488281,49.0112,42.0532,3195,1824,-6785,
0.00500011,-0.14502,0.0551758,0.998047,-0.488281,49.0112,42.0532,3220,1811,-6775,
0.00500011,-0.14502,0.0551758,0.998047,-0.488281,49.0112,42.0532,3243,1798,-6764,
0.00500011,-0.14502,0.0551758,0.998047,-0.488281,49.0112,42.0532,3267,1783,-6752,
0.00500011,-0.131836,0.0507812,1.00684,-14.5264,53.833,51.4526,3292,1768,-6742,
0.00500011,-0.131836,0.0507812,1.00684,-14.5264,53.833,51.4526,3319,1752,-6734,
0.00500011,-0.131836,0.0507812,1.00684,-14.5264,53.833,51.4526,3345,1737,-6726,
0.00500011,-0.131836,0.0507812,1.00684,-14.5264,53.833,51.4526,3374,1724,-6719,
0.00499916,-0.0566406,0.0258789,1.03613,-19.8975,54.0771,48.8892,3405,1711,-6708,
0.00500011,-0.0566406,0.0258789,1.03613,-19.8975,54.0771,48.8892,3437,1700,-6697,
0.00500011,-0.0566406,0.0258789,1.03613,-19.8975,54.0771,48.8892,3469,1689,-6686,
0.00500011,-0.0566406,0.0258789,1.03613,-19.8975,54.0771,48.8892,3501,1677,-6671,
0.00500011,-0.113281,0.0493164,1.03711,0.976562,49.3164,37.5366,3535,1666,-6656,
0.00500011,-0.113281,0.0493164,1.03711,0.976562,49.3164,37.5366,3571,1652,-6639,
0.00500011,-0.113281,0.0493164,1.03711,0.976562,49.3164,37.5366,3607,1636,-6621,
0.00500011,-0.113281,0.0493164,1.03711,0.976562,49.3164,37.5366,3641,1621,-6605,
0.00499916,-0.166016,0.0488281,0.962402,18.7378,46.6309,27.4658,3675,1606,-6589,
0.00500011,-0.166016,0.0488281,0.962402,18.7378,46.6309,27.4658,3708,1590,-6572,
0.00500011,-0.166016,0.0488281,0.962402,18.7378,46.6309,27.4658,3740,1573,-6557,
0.00500011,-0.166016,0.0488281,0.962402,18.7378,46.6309,27.4658,3771,1556,-6543,
0.00500011,-0.11084,0.00683594,0.904297,7.8125,60.1196,36.438,3803,1537,-6529,
0.00500011,-0.11084,0.00683594,0.904297,7.8125,60.1196,36.438,3835,1517,-6516,
0.00500011,-0.11084,0.00683594,0.904297,7.8125,60.1196,36.438,3870,1497,-6502,
0.00500011,-0.11084,0.00683594,0.904297,7.8125,60.1196,36.438,3907,1476,-6483,
0.00500011,-0.0874023,-0.0146484,0.968262,-10.437,62.1948,46.2646,3942,1459,-6464,
0.00499916,-0.0874023,-0.0146484,0.968262,-10.437,62.1948,46.2646,3977,1441,-6445,
0.00500011,-0.0874023,-0.0146484,0.968262,-10.437,62.1948,46.2646,4013,1425,-6427,
0.00500011,-0.0874023,-0.0146484,0.968262,-10.437,62.1948,46.2646,4047,1408,-6411,
0.00500011,-0.165039,0.0375977,0.987793,-12.085,21.9727,37.4146,4080,1390,-6398,
0.00500011,-0.165039,0.0375977,0.987793,-12.085,21.9727,37.4146,4112,1375,-6386,
0.00500011,-0.165039,0.0375977,0.987793,-12.085,21.9727,37.4146,4142,1361,-6374,
0.00500011,-0.165039,0.0375977,0.987793,-12.085,21.9727,37.4146,4170,1349,-6361,
0.00500011,-0.152832,0.0166016,0.976562,-23.4985,-1.64795,20.874,4194,1342,-6345,
0.00499916,-0.152832,0.0166016,0.976562,-23.4985,-1.64795,20.874,4215,1336,-6329,
0.00500011,-0.152832,0.0166016,0.976562,-23.4985,-1.64795,20.874,4236,1329,-6318,
0.00500011,-0.152832,0.0166016,0.976562,-23.4985,-1.64795,20.874,4251,1326,-6305,
0.00500011,-0.155762,0.00146484,0.967773,-38.269,-22.2168,7.26318,4265,1326,-6296,
0.00500011,-0.155762,0.00146484,0.967773,-38.269,-22.2168,7.26318,4275,1326,-6294,
0.00500011,-0.155762,0.00146484,0.967773,-38.269,-22.2168,7.26318,4280,1331,-6293,
0.00500011,-0.155762,0.00146484,0.967773,-38.269,-22.2168,7.26318,4284,1337,-6299,
0.00500011,-0.117676,-0.012207,0.987793,-20.1416,-30.6396,-3.60107,4284,1341,-6305,
0.00499916,-0.117676,-0.012207,0.987793,-20.1416,-30.6396,-3.60107,4285,1347,-6310,
0.00500011,-0.117676,-0.012207,0.987793,-20.1416,-30.6396,-3.60107,4283,1353,-6310,
0.00500011,-0.117676,-0.012207,0.987793,-20.1416,-30.6396,-3.60107,4281,1359,-6311,
0.00500011,-0.203125,-0.019043,0.952637,-5.43213,-15.8691,-9.58252,4278,1366,-6313,
0.00500011,-0.203125,-0.019043,0.952637,-5.43213,-15.8691,-9.58252,4271,1374,-6314,
0.00500011,-0.203125,-0.019043,0.952637,-5.43213,-15.8691,-9.58252,4262,1382,-6318,
0.00500011,-0.203125,-0.019043,0.952637,-5.43213,-15.8691,-9.58252,4254,1389,-6325,
0.00500011,-0.0898438,-0.0776367,0.95459,-9.33838,-44.6167,-10.6201,4243,1398,-6331,
0.00500011,-0.0898438,-0.0776367,0.95459,-9.33838,-44.6167,-10.6201,4233,1407,-6336,
0.00499916,-0.0898438,-0.0776367,0.95459,-9.33838,-44.6167,-10.6201,4220,1420,-6341,
0.00500011,-0.0898438,-0.0776367,0.95459,-9.33838,-44.6167,-10.6201,4207,1433,-6346,
0.00500011,-0.0898438,-0.0776367,0.95459,-15.1978,-22.8882,-4.69971,4194,1445,-6348,
0.00500011,-0.0449219,-0.0307617,1.11768,-15.1978,-22.8882,-4.69971,4184,1457,-6353,
0.00500011,-0.0449219,-0.0307617,1.11768,-15.1978,-22.8882,-4.69971,4172,1468,-6359,
0.00500011,-0.0449219,-0.0307617,1.11768,-15.1978,-22.8882,-4.69971,4162,1473,-6365,
0.00500011,-0.0449219,-0.0307617,1.11768,-15.1978,-22.8882,-4.69971,4152,1478,-6374,
0.00500011,-0.0708008,-0.0297852,1.07129,18.4937,-18.8599,-20.6909,4142,1484,-6382,
0.00499916,-0.0708008,-0.0297852,1.07129,18.4937,-18.8599,-20.6909,4134,1491,-6390,
0.00500011,-0.0708008,-0.0297852,1.07129,18.4937,-18.8599,-20.6909,4123,1502,-6398,
0.00500011,-0.0708008,-0.0297852,1.07129,18.4937,-18.8599,-20.6909,4111,1515,-6406,
0.00500011,-0.140137,-0.0444336,0.98584,-26.7944,-26.7944,-34.1797,4099,1529,-6413,
0.00500011,-0.140137,-0.0444336,0.98584,-26.7944,-26.7944,-34.1797,4082,1545,-6419,
0.00500011,-0.140137,-0.0444336,0.98584,-26.7944,-26.7944,-34.1797,4062,1563,-6430,
0.00500011,-0.140137,-0.0444336,0.98584,-26.7944,-26.7944,-34.1797,4040,1581,-6445,
0.00500011,-0.0454102,-0.00195312,1.05371,-29.48,-63.6597,-38.147,4014,1602,-6459,
0.00499916,-0.0454102,-0.00195312,1.05371,-29.48,-63.6597,-38.147,3985,1624,-6470,
0.00500011,-0.0454102,-0.00195312,1.05371,-29.48,-63.6597,-38.147,3958,1647,-6480,
0.00500011,-0.0454102,-0.00195312,1.05371,-29.48,-63.6597,-38.147,3931,1671,-6487,
0.00500011,-0.0141602,-0.0126953,1.10156,5.61523,-27.6489,-63.4766,3905,1693,-6492,
0.00500011,-0.0141602,-0.0126953,1.10156,5.61523,-27.6489,-63.4766,3882,1712,-6500,
0.00500011,-0.0141602,-0.0126953,1.10156,5.61523,-27.6489,-63.4766,3862,1730,-6508,
0.00500011,-0.0141602,-0.0126953,1.10156,5.61523,-27.6489,-63.4766,3842,1748,-6515,
0.00500011,-0.0268555,-0.0537109,0.981445,22.9492,-9.8877,-73.0591,3821,1765,-6523,
0.00500011,-0.0268555,-0.0537109,0.981445,22.9492,-9.8877,-73.0591,3799,1780,-6528,
0.00499916,-0.0268555,-0.0537109,0.981445,22.9492,-9.8877,-73.0591,3775,1793,-6536,
0.00500011,-0.0268555,-0.0537109,0.981445,22.9492,-9.8877,-73.0591,3753,1804,-6543,
0.00500011,-0.0761719,-0.0341797,0.86084,20.3247,-34.9731,-50.7812,3729,1815,-6551,
0.00500011,-0.0761719,-0.0341797,0.86084,20.3247,-34.9731,-50.7812,3704,1826,-6561,
0.00500011,-0.0761719,-0.0341797,0.86084,20.3247,-34.9731,-50.7812,3680,1838,-6571,
0.00500011,-0.0761719,-0.0341797,0.86084,20.3247,-34.9731,-50.7812,3657,1849,-6583,
0.00500011,-0.0678711,0.00976562,0.968262,13.6108,-25.1465,-42.0532,3633,1859,-6594,
0.00500011,-0.0678711,0.00976562,0.968262,13.6108,-25.1465,-42.0532,3609,1867,-6603,
0.00499916,-0.0678711,0.00976562,0.968262,13.6108,-25.1465,-42.0532,3584,1874,-6612,
0.00500011,-0.0678711,0.00976562,0.968262,13.6108,-25.1465,-42.0532,3559,1880,-6621,
0.00500011,0.0410156,-0.00732422,1.04004,17.8833,-32.1655,-47.4243,3532,1888,-6629,
0.00500011,0.0410156,-0.00732422,1.04004,17.8833,-32.1655,-47.4243,3508,1892,-6640,
0.00500011,0.0410156,-0.00732422,1.04004,17.8833,-32.1655,-47.4243,3485,1897,-6649,
0.00500011,0.0410156,-0.00732422,1.04004,17.8833,-32.1655,-47.4243,3464,1900,-6654,
0.00500011,0.00976562,-0.0151367,1.07568,26.3672,-2.38037,-42.0532,3446,1901,-6662,
0.00500011,0.00976562,-0.0151367,1.07568,26.3672,-2.38037,-42.0532,3427,1903,-6667,
0.00499916,0.00976562,-0.0151367,1.07568,26.3672,-2.38037,-42.0532,3411,1903,-6673,
0.00500011,0.00976562,-0.0151367,1.07568,26.3672,-2.38037,-42.0532,3396,1904,-6678,
0.00500011,-0.111816,0.000488281,0.872559,16.6016,-7.99561,-29.6021,3381,1907,-6680,
0.00500011,-0.111816,0.000488281,0.872559,16.6016,-7.99561,-29.6021,3369,1910,-6684,
0.00500011,-0.111816,0.000488281,0.872559,16.6016,-7.99561,-29.6021,3355,1913,-6685,
0.00500011,-0.111816,0.000488281,0.872559,16.6016,-7.99561,-29.6021,3340,1916,-6687,
0.00500011,-0.0795898,0.0371094,0.862793,1.28174,-18.2495,-24.4751,3325,1921,-6689,
0.00500011,-0.0795898,0.0371094,0.862793,1.28174,-18.2495,-24.4751,3308,1925,-6695,
0.00500011,-0.0795898,0.0371094,0.862793,1.28174,-18.2495,-24.4751,3289,1931,-6700,
0.00499916,-0.0795898,0.0371094,0.862793,1.28174,-18.2495,-24.4751,3271,1939,-6710,
0.00500011,-0.103027,0.034668,0.882324,-14.2822,-36.6211,-19.165,3250,1948,-6724,
0.00500011,-0.103027,0.034668,0.882324,-14.2822,-36.6211,-19.165,3229,1959,-6737,
0.00500011,-0.103027,0.034668,0.882324,-14.2822,-36.6211,-19.165,3206,1971,-6752,
0.00500011,-0.103027,0.034668,0.882324,-14.2822,-36.6211,-19.165,3181,1983,-6761,
0.00500011,-0.000976562,0.00927734,1.00684,-21.3623,-53.1616,-15.8081,3154,1996,-6770,
0.00500011,-0.000976562,0.00927734,1.00684,-21.3623,-53.1616,-15.8081,3128,2009,-6778,
0.00500011,-0.000976562,0.00927734,1.00684,-21.3623,-53.1616,-15.8081,3102,2022,-6785,
0.00499916,-0.000976562,0.00927734,1.00684,-21.3623,-53.1616,-15.8081,3078,2033,-6796,
0.00500011,0.0766602,-0.00537109,1.14453,6.5918,-17.2119,-23.5596,3057,2044,-6808,
0.00500011,0.0766602,-0.00537109,1.14453,6.5918,-17.2119,-23.5596,3038,2054,-6821,
0.00500011,0.0766602,-0.00537109,1.14453,6.5918,-17.2119,-23.5596,3023,2063,-6836,
0.00500011,0.0766602,-0.00537109,1.14453,6.5918,-17.2119,-23.5596,3007,2070,-6846,
0.00500011,0.043457,-0.0224609,1.05908,37.9028,-3.72314,-42.2363,2989,2074,-6854,
0.00500011,0.043457,-0.0224609,1.05908,37.9028,-3.72314,-42.2363,2972,2077,-6856,
0.00500011,0.043457,-0.0224609,1.05908,37.9028,-3.72314,-42.2363,2954,2080,-6859,
0.00499916,0.043457,-0.0224609,1.05908,37.9028,-3.72314,-42.2363,2937,2084,-6864,
0.00500011,0.0302734,-0.0244141,1.02148,-6.53076,-19.9585,-26.5503,2922,2088,-6871,
0.00500011,0.0302734,-0.0244141,1.02148,-6.53076,-19.9585,-26.5503,2905,2092,-6877,
0.00500011,0.0302734,-0.0244141,1.02148,-6.53076,-19.9585,-26.5503,2887,2097,-6879,
0.00500011,0.0302734,-0.0244141,1.02148,-6.53076,-19.9585,-26.5503,2870,2105,-6883,
0.00500011,0.0209961,-0.00537109,1.01562,-20.5688,-21.6064,-19.8364,2852,2116,-6883,
0.00500011,0.0209961,-0.00537109,1.01562,-20.5688,-21.6064,-19.8364,2835,2127,-6885,
0.00500011,0.0209961,-0.00537109,1.01562,-20.5688,-21.6064,-19.8364,2819,2140,-6889,
0.00500011,0.0209961,-0.00537109,1.01562,-20.5688,-21.6064,-19.8364,2802,2153,-6894,
0.00499916,-0.00146484,-0.0161133,0.946777,-21.4844,-31.311,-11.9019,2784,2166,-6901,
0.00500011,-0.00146484,-0.0161133,0.946777,-21.4844,-31.311,-11.9019,2765,2178,-6910,
0.00500011,-0.00146484,-0.0161133,0.946777,-21.4844,-31.311,-11.9019,2746,2190,-6922,
0.00500011,-0.00146484,-0.0161133,0.946777,-21.4844,-31.311,-11.9019,2729,2201,-6932,
0.00500011,0.0708008,0.0195312,1.03809,-2.86865,-34.3628,-11.0474,2711,2211,-6939,
0.00500011,0.0708008,0.0195312,1.03809,-2.86865,-34.3628,-11.0474,2693,2221,-6945,
0.00500011,0.0708008,0.0195312,1.03809,-2.86865,-34.3628,-11.0474,2675,2227,-6949,
0.00500011,0.0708008,0.0195312,1.03809,-2.86865,-34.3628,-11.0474,2657,2233,-6958,
0.00499916,0.121582,-0.00292969,1.1167,13.6719,-11.5356,-13.9771,2640,2238,-6965,
0.00500011,0.121582,-0.00292969,1.1167,13.6719,-11.5356,-13.9771,2624,2242,-6970,
0.00500011,0.121582,-0.00292969,1.1167,13.6719,-11.5356,-13.9771,2611,2245,-6977,
0.00500011,0.121582,-0.00292969,1.1167,13.6719,-11.5356,-13.9771,2597,2251,-6979,
0.00500011,0.0791016,-0.078125,1.09619,-22.2168,-7.75146,-2.68555,2584,2259,-6979,
0.00500011,0.0791016,-0.078125,1.09619,-22.2168,-7.75146,-2.68555,2572,2268,-6978,
0.00500011,0.0791016,-0.078125,1.09619,-22.2168,-7.75146,-2.68555,2560,2282,-6973,
0.00500011,0.0791016,-0.078125,1.09619,-22.2168,-7.75146,-2.68555,2550,2297,-6968,
0.00499916,0.0551758,-0.0756836,0.998047,-49.3774,-3.11279,23.2544,2541,2315,-6963,
0.00500011,0.0551758,-0.0756836,0.998047,-49.3774,-3.11279,23.2544,2534,2333,-6956,
0.00500011,0.0551758,-0.0756836,0.998047,-49.3774,-3.11279,23.2544,2529,2349,-6951,
0.00500011,0.0551758,-0.0756836,0.998047,-49.3774,-3.11279,23.2544,2524,2362,-6948,
0.00500011,0.0292969,0.03125,1.0293,-25.2686,9.0332,24.292,2522,2373,-6945,
0.00500011,0.0292969,0.03125,1.0293,-25.2686,9.0332,24.292,2522,2381,-6942,
0.00500011,0.0292969,0.03125,1.0293,-25.2686,9.0332,24.292,2523,2387,-6936,
0.00500011,0.0292969,0.03125,1.0293,-25.2686,9.0332,24.292,2527,2392,-6929,
0.00500011,-0.0151367,0.0664062,0.973145,11.4136,16.1133,6.10352,2533,2394,-6923,
0.00499916,-0.0151367,0.0664062,0.973145,11.4136,16.1133,6.10352,2540,2395,-6918,
0.00500011,-0.0151367,0.0664062,0.973145,11.4136,16.1133,6.10352,2545,2396,-6916,
0.00500011,-0.0151367,0.0664062,0.973145,11.4136,16.1133,6.10352,2549,2396,-6919,
0.00500011,-0.0341797,0,0.993164,7.8125,15.1978,-6.28662,2553,2397,-6919,
0.00500011,-0.0341797,0,0.993164,7.8125,15.1978,-6.28662,2556,2400,-6919,
0.00500011,-0.0341797,0,0.993164,7.8125,15.1978,-6.28662,2560,2401,-6919,
0.00500011,-0.0341797,0,0.993164,7.8125,15.1978,-6.28662,2566,2404,-6914,
0.00500011,0.0317383,-0.125488,0.918945,-0.305176,10.376,-4.82178,2570,2405,-6914,
0.00499916,0.0317383,-0.125488,0.918945,-0.305176,10.376,-4.82178,2575,2404,-6915,
0.00500011,0.0317383,-0.125488,0.918945,-0.305176,10.376,-4.82178,2579,2402,-6916,
0.00500011,0.0317383,-0.125488,0.918945,-0.305176,10.376,-4.82178,2584,2399,-6914,
0.00500011,-0.00732422,-0.0639648,0.986816,4.08936,12.8174,1.95312,2589,2397,-6911,
0.00500011,-0.00732422,-0.0639648,0.986816,4.08936,12.8174,1.95312,2595,2395,-6907,
0.00500011,-0.00732422,-0.0639648,0.986816,4.08936,12.8174,1.95312,2600,2393,-6904,
0.00500011,-0.00732422,-0.0639648,0.986816,4.08936,12.8174,1.95312,2605,2393,-6902,
0.00500011,-0.00488281,-0.0561523,0.945801,-24.9023,-3.72314,14.7705,2609,2396,-6900,
0.00499916,-0.00488281,-0.0561523,0.945801,-24.9023,-3.72314,14.7705,2613,2402,-6895,
0.00500011,-0.00488281,-0.0561523,0.945801,-24.9023,-3.72314,14.7705,2615,2408,-6894,
0.00500011,-0.00488281,-0.0561523,0.945801,-24.9023,-3.72314,14.7705,2615,2420,-6890,
0.00500011,0.0146484,-0.00585938,1.02441,-37.4756,-8.30078,16.2354,2614,2430,-6887,
0.00500011,0.0146484,-0.00585938,1.02441,-37.4756,-8.30078,16.2354,2612,2441,-6887,
0.00500011,0.0146484,-0.00585938,1.02441,-37.4756,-8.30078,16.2354,2612,2450,-6885,
0.00500011,0.0146484,-0.00585938,1.02441,-37.4756,-8.30078,16.2354,2612,2456,-6881,
0.00500011,0.0493164,-0.0512695,0.995605,2.0752,8.30078,2.56348,2613,2460,-6880,
0.00500011,0.0493164,-0.0512695,0.995605,2.0752,8.30078,2.56348,2617,2462,-6878,
0.00499916,0.0493164,-0.0512695,0.995605,2.0752,8.30078,2.56348,2622,2465,-6877,
0.00500011,0.0493164,-0.0512695,0.995605,2.0752,8.30078,2.56348,2629,2468,-6876,
0.00500011,-0.0273438,-0.00976562,0.959961,7.44629,7.62939,0.12207,2634,2471,-6874,
0.00500011,-0.0273438,-0.00976562,0.959961,7.44629,7.62939,0.12207,2638,2474,-6871,
0.00500011,-0.0273438,-0.00976562,0.959961,7.44629,7.62939,0.12207,2642,2477,-6870,
0.00500011,-0.0273438,-0.00976562,0.959961,7.44629,7.62939,0.12207,2645,2480,-6869,
0.00500011,-0.00927734,0.0410156,1.03418,-19.7144,3.479,4.76074,2651,2483,-6869,
0.00500011,-0.00927734,0.0410156,1.03418,-19.7144,3.479,4.76074,2660,2486,-6865,
0.00499916,-0.00927734,0.0410156,1.03418,-19.7144,3.479,4.76074,2667,2489,-6861,
0.00500011,-0.00927734,0.0410156,1.03418,-19.7144,3.479,4.76074,2673,2493,-6860,
0.00500011,0.0371094,-0.0585938,1.01611,-12.5122,7.62939,-2.92969,2676,2498,-6858,
0.00500011,0.0371094,-0.0585938,1.01611,-12.5122,7.62939,-2.92969,2677,2504,-6857,
0.00500011,0.0371094,-0.0585938,1.01611,-12.5122,7.62939,-2.92969,2679,2511,-6857,
0.00500011,0.0371094,-0.0585938,1.01611,-12.5122,7.62939,-2.92969,2680,2519,-6851,
0.00500011,0.0424805,-0.101074,0.977051,-14.7095,1.28174,0.732422,2681,2528,-6847,
0.00500011,0.0424805,-0.101074,0.977051,-14.7095,1.28174,0.732422,2684,2536,-6840,
0.00499916,0.0424805,-0.101074,0.977051,-14.7095,1.28174,0.732422,2688,2544,-6831,
0.00500011,0.0424805,-0.101074,0.977051,-14.7095,1.28174,0.732422,2693,2548,-6828,
0.00500011,0.0922852,-0.124023,1.01514,6.46973,4.27246,-1.15967,2698,2551,-6827,
0.00500011,0.0922852,-0.124023,1.01514,6.46973,4.27246,-1.15967,2700,2553,-6827,
0.00500011,0.0922852,-0.124023,1.01514,6.46973,4.27246,-1.15967,2703,2552,-6827,
0.00500011,0.0922852,-0.124023,1.01514,6.46973,4.27246,-1.15967,2706,2551,-6827,
0.00500011,0.0263672,-0.0869141,0.98291,25.6348,12.5122,-6.89697,2710,2549,-6824,
0.00500011,0.0263672,-0.0869141,0.98291,25.6348,12.5122,-6.89697,2715,2546,-6823,
0.00500011,0.0263672,-0.0869141,0.98291,25.6348,12.5122,-6.89697,2720,2542,-6828,
0.00499916,0.0263672,-0.0869141,0.98291,25.6348,12.5122,-6.89697,2725,2537,-6830,
0.00500011,-0.0297852,-0.0551758,0.931152,4.21143,2.13623,-0.793457,2727,2533,-6832,
0.00500011,-0.0297852,-0.0551758,0.931152,4.21143,2.13623,-0.793457,2728,2530,-6835,
0.00500011,-0.0297852,-0.0551758,0.931152,4.21143,2.13623,-0.793457,2727,2528,-6833,
0.00500011,-0.0297852,-0.0551758,0.931152,4.21143,2.13623,-0.793457,2730,2527,-6833,
0.00500011,0.0170898,-0.0649414,1.00244,-13.6108,-5.24902,3.479,2731,2529,-6836,
0.00500011,0.0170898,-0.0649414,1.00244,-13.6108,-5.24902,3.479,2733,2531,-6832,
0.00500011,0.0170898,-0.0649414,1.00244,-13.6108,-5.24902,3.479,2735,2533,-6828,
0.00499916,0.0170898,-0.0649414,1.00244,-13.6108,-5.24902,3.479,2734,2534,-6822,
0.00500011,0.0214844,-0.0424805,1.01172,-13.4888,-2.56348,-0.610352,2732,2535,-6818,
0.00500011,0.0214844,-0.0424805,1.01172,-13.4888,-2.56348,-0.610352,2731,2537,-6813,
0.00500011,0.0214844,-0.0424805,1.01172,-13.4888,-2.56348,-0.610352,2729,2540,-6810,
0.00500011,0.0214844,-0.0424805,1.01172,-13.4888,-2.56348,-0.610352,2729,2543,-6810,
0.00500011,0.0209961,-0.034668,1.00488,-0.732422,2.44141,-7.50732,2728,2545,-6808,
0.00500011,0.0209961,-0.034668,1.00488,-0.732422,2.44141,-7.50732,2729,2546,-6806,
0.00500011,0.0209961,-0.034668,1.00488,-0.732422,2.44141,-7.50732,2731,2547,-6803,
0.00499916,0.0209961,-0.034668,1.00488,-0.732422,2.44141,-7.50732,2732,2548,-6800,
0.00500011,0.00292969,-0.0458984,0.990234,25.9399,12.085,-16.6016,2734,2548,-6801,
0.00500011,0.00292969,-0.0458984,0.990234,25.9399,12.085,-16.6016,2737,2547,-6804,
0.00500011,0.00292969,-0.0458984,0.990234,25.9399,12.085,-16.6016,2741,2544,-6805,
0.00500011,0.00292969,-0.0458984,0.990234,25.9399,12.085,-16.6016,2746,2539,-6806,
0.00500011,0.0180664,-0.0668945,0.982422,21.3013,8.23975,-11.9629,2752,2535,-6807,
0.00500011,0.0180664,-0.0668945,0.982422,21.3013,8.23975,-11.9629,2756,2531,-6806,
0.00500011,0.0180664,-0.0668945,0.982422,21.3013,8.23975,-11.9629,2759,2526,-6805,
0.00500011,0.0180664,-0.0668945,0.982422,21.3013,8.23975,-11.9629,2759,2523,-6805,
0.00499916,0.0263672,-0.114258,0.97998,-5.92041,-2.86865,1.09863,2759,2522,-6803,
0.00500011,0.0263672,-0.114258,0.97998,-5.92041,-2.86865,1.09863,2757,2521,-6802,
0.00500011,0.0263672,-0.114258,0.97998,-5.92041,-2.86865,1.09863,2755,2522,-6805,
0.00500011,0.0263672,-0.114258,0.97998,-5.92041,-2.86865,1.09863,2751,2525,-6808,
0.00500011,0.0361328,-0.074707,1.01221,-17.6392,-6.89697,6.95801,2749,2527,-6810,
0.00500011,0.0361328,-0.074707,1.01221,-17.6392,-6.89697,6.95801,2746,2531,-6810,
0.00500011,0.0361328,-0.074707,1.01221,-17.6392,-6.89697,6.95801,2745,2533,-6805,
0.00500011,0.0361328,-0.074707,1.01221,-17.6392,-6.89697,6.95801,2745,2536,-6802,
0.00499916,0.0302734,-0.00341797,1.04785,-13.855,-5.00488,0,2743,2542,-6802,
0.00500011,0.0302734,-0.00341797,1.04785,-13.855,-5.00488,0,2742,2547,-6799,
0.00500011,0.0302734,-0.00341797,1.04785,-13.855,-5.00488,0,2741,2552,-6799,
0.00500011,0.0302734,-0.00341797,1.04785,-13.855,-5.00488,0,2740,2558,-6799,
0.00500011,0.0141602,0.0249023,1.08691,-5.24902,5.37109,-9.58252,2739,2561,-6801,
0.00500011,0.0141602,0.0249023,1.08691,-5.24902,5.37109,-9.58252,2739,2563,-6801,
0.00500011,0.0141602,0.0249023,1.08691,-5.24902,5.37109,-9.58252,2740,2566,-6802,
0.00500011,0.0141602,0.0249023,1.08691,-5.24902,5.37109,-9.58252,2740,2571,-6807,
0.00499916,0.0175781,-0.0449219,1.00781,1.46484,13.7329,-12.4512,2743,2575,-6809,
0.00500011,0.0175781,-0.0449219,1.00781,1.46484,13.7329,-12.4512,2744,2581,-6812,
0.00500011,0.0175781,-0.0449219,1.00781,1.46484,13.7329,-12.4512,2747,2584,-6813,
0.00500011,0.0175781,-0.0449219,1.00781,1.46484,13.7329,-12.4512,2749,2586,-6813,
0.00500011,0.0214844,-0.132324,0.938477,6.16455,7.8125,-7.62939,2751,2588,-6809,
0.00500011,0.0214844,-0.132324,0.938477,6.16455,7.8125,-7.62939,2753,2591,-6805,
0.00500011,0.0214844,-0.132324,0.938477,6.16455,7.8125,-7.62939,2755,2593,-6801,
0.00500011,0.0214844,-0.132324,0.938477,6.16455,7.8125,-7.62939,2758,2595,-6797,
0.00500011,0.0292969,-0.126465,0.950684,0,-2.68555,2.92969,2760,2594,-6798,
0.00499916,0.0292969,-0.126465,0.950684,0,-2.68555,2.92969,2760,2594,-6798,
0.00500011,0.0292969,-0.126465,0.950684,0,-2.68555,2.92969,2759,2594,-6798,
0.00500011,0.0292969,-0.126465,0.950684,0,-2.68555,2.92969,2757,2594,-6798,
0.00500011,0.0170898,-0.019043,1.00488,-0.183105,-8.66699,5.49316,2756,2595,-6797,
0.00500011,0.0170898,-0.019043,1.00488,-0.183105,-8.66699,5.49316,2755,2596,-6795,
0.00500011,0.0170898,-0.019043,1.00488,-0.183105,-8.66699,5.49316,2755,2594,-6795,
0.00500011,0.0170898,-0.019043,1.00488,-0.183105,-8.66699,5.49316,2756,2594,-6798,
0.00500011,0.0258789,0.027832,1.07422,0.976562,0.915527,-2.19727,2757,2596,-6803,
0.00499916,0.0258789,0.027832,1.07422,0.976562,0.915527,-2.19727,2760,2597,-6807,
0.00500011,0.0258789,0.027832,1.07422,0.976562,0.915527,-2.19727,2760,2597,-6811,
0.00500011,0.0258789,0.027832,1.07422,0.976562,0.915527,-2.19727,2763,2597,-6812,
0.00500011,0.00830078,-0.0214844,1.00635,2.92969,11.4136,-8.48389,2763,2596,-6811,
0.00500011,0.00830078,-0.0214844,1.00635,2.92969,11.4136,-8.48389,2764,2594,-6810,
0.00500011,0.00830078,-0.0214844,1.00635,2.92969,11.4136,-8.48389,2762,2593,-6807,
0.00500011,0.00830078,-0.0214844,1.00635,2.92969,11.4136,-8.48389,2763,2592,-6800,
0.00500011,0.00195312,-0.0961914,0.937012,9.0332,8.60596,-6.10352,2766,2590,-6795,
0.00499916,0.00195312,-0.0961914,0.937012,9.0332,8.60596,-6.10352,2768,2588,-6792,
0.00500011,0.00195312,-0.0961914,0.937012,9.0332,8.60596,-6.10352,2771,2585,-6794,
0.00500011,0.00195312,-0.0961914,0.937012,9.0332,8.60596,-6.10352,2773,2580,-6799,
0.00500011,0.00830078,-0.100586,0.972656,1.95312,-1.28174,-0.549316,2774,2576,-6804,
0.00500011,0.00830078,-0.100586,0.972656,1.95312,-1.28174,-0.549316,2775,2572,-6807,
0.00500011,0.00830078,-0.100586,0.972656,1.95312,-1.28174,-0.549316,2776,2570,-6807,
0.00500011,0.00830078,-0.100586,0.972656,1.95312,-1.28174,-0.549316,2775,2571,-6809,
0.00500011,0.012207,-0.0615234,1.02197,-6.7749,-5.24902,2.0752,2775,2571,-6815,
0.00500011,0.012207,-0.0615234,1.02197,-6.7749,-5.24902,2.0752,2775,2572,-6818,
0.00499916,0.012207,-0.0615234,1.02197,-6.7749,-5.24902,2.0752,2775,2575,-6822,
0.00500011,0.012207,-0.0615234,1.02197,-6.7749,-5.24902,2.0752,2776,2578,-6826,
0.00500011,0.00537109,-0.0454102,1.04492,-16.7236,-4.5166,1.70898,2774,2582,-6827,
0.00500011,0.00537109,-0.0454102,1.04492,-16.7236,-4.5166,1.70898,2774,2586,-6830,
0.00500011,0.00537109,-0.0454102,1.04492,-16.7236,-4.5166,1.70898,2773,2589,-6831,
0.00500011,0.00537109,-0.0454102,1.04492,-16.7236,-4.5166,1.70898,2772,2592,-6830,
0.00500011,-0.00976562,-0.0517578,1.00781,-9.52148,0.183105,0.549316,2773,2596,-6824,
0.00500011,-0.00976562,-0.0517578,1.00781,-9.52148,0.183105,0.549316,2774,2601,-6819,
0.00499916,-0.00976562,-0.0517578,1.00781,-9.52148,0.183105,0.549316,2775,2605,-6813,
0.00500011,-0.00976562,-0.0517578,1.00781,-9.52148,0.183105,0.549316,2776,2608,-6810,
0.00500011,0.00537109,-0.0849609,0.982422,9.64355,4.57764,-1.28174,2776,2609,-6812,
0.00500011,0.00537109,-0.0849609,0.982422,9.64355,4.57764,-1.28174,2776,2608,-6813,
0.00500011,0.00537109,-0.0849609,0.982422,9.64355,4.57764,-1.28174,2777,2608,-6818,
0.00500011,0.00537109,-0.0849609,0.982422,9.64355,4.57764,-1.28174,2778,2608,-6821,
0.00500011,-0.00439453,-0.0561523,0.98291,3.35693,-0.976562,0.183105,2780,2607,-6824,
0.00500011,-0.00439453,-0.0561523,0.98291,3.35693,-0.976562,0.183105,2781,2606,-6827,
0.00499916,-0.00439453,-0.0561523,0.98291,3.35693,-0.976562,0.183105,2780,2605,-6834,
0.00500011,-0.00439453,-0.0561523,0.98291,3.35693,-0.976562,0.183105,2779,2605,-6839,
0.00500011,-0.0078125,-0.0493164,0.982422,2.13623,-3.2959,0.427246,2777,2604,-6841,
0.00500011,-0.0078125,-0.0493164,0.982422,2.13623,-3.2959,0.427246,2773,2604,-6843,
0.00500011,-0.0078125,-0.0493164,0.982422,2.13623,-3.2959,0.427246,2769,2604,-6840,
0.00500011,-0.0078125,-0.0493164,0.982422,2.13623,-3.2959,0.427246,2764,2604,-6838,
0.00500011,-0.000488281,-0.0478516,1.02588,-2.99072,-3.2959,0.244141,2759,2606,-6834,
0.00500011,-0.000488281,-0.0478516,1.02588,-2.99072,-3.2959,0.244141,2756,2607,-6829,
0.00500011,-0.000488281,-0.0478516,1.02588,-2.99072,-3.2959,0.244141,2755,2609,-6826,
0.00499916,-0.000488281,-0.0478516,1.02588,-2.99072,-3.2959,0.244141,2754,2613,-6821,
0.00500011,0.0151367,-0.0639648,1.03369,-10.5591,2.74658,0.183105,2756,2614,-6820,
0.00500011,0.0151367,-0.0639648,1.03369,-10.5591,2.74658,0.183105,2758,2619,-6819,
0.00500011,0.0151367,-0.0639648,1.03369,-10.5591,2.74658,0.183105,2760,2623,-6817,
0.00500011,0.0151367,-0.0639648,1.03369,-10.5591,2.74658,0.183105,2761,2625,-6817,
0.00500011,0.0161133,-0.0849609,0.985352,-2.01416,4.3335,-0.732422,2760,2628,-6815,
0.00500011,0.0161133,-0.0849609,0.985352,-2.01416,4.3335,-0.732422,2759,2630,-6815,
0.00500011,0.0161133,-0.0849609,0.985352,-2.01416,4.3335,-0.732422,2760,2632,-6812,
0.00499916,0.0161133,-0.0849609,0.985352,-2.01416,4.3335,-0.732422,2762,2633,-6809,
0.00500011,0.0136719,-0.0649414,0.987793,2.13623,0.549316,-1.34277,2764,2634,-6808,
0.00500011,0.0136719,-0.0649414,0.987793,2.13623,0.549316,-1.34277,2768,2634,-6807,
0.00500011,0.0136719,-0.0649414,0.987793,2.13623,0.549316,-1.34277,2771,2632,-6804,
0.00500011,0.0136719,-0.0649414,0.987793,2.13623,0.549316,-1.34277,2772,2633,-6805,
0.00500011,0.0126953,-0.0629883,0.994141,5.00488,0,-5.06592,2773,2633,-6802,
0.00500011,0.0126953,-0.0629883,0.994141,5.00488,0,-5.06592,2773,2631,-6806,
0.00500011,0.0126953,-0.0629883,0.994141,5.00488,0,-5.06592,2773,2630,-6809,
0.00499916,0.0126953,-0.0629883,0.994141,5.00488,0,-5.06592,2772,2627,-6813,
0.00500011,0.00244141,-0.0820312,0.974609,4.82178,-2.13623,-5.61523,2771,2624,-6817,
0.00500011,0.00244141,-0.0820312,0.974609,4.82178,-2.13623,-5.61523,2769,2623,-6820,
0.00500011,0.00244141,-0.0820312,0.974609,4.82178,-2.13623,-5.61523,2768,2621,-6822,
0.00500011,0.00244141,-0.0820312,0.974609,4.82178,-2.13623,-5.61523,2766,2620,-6824,
0.00500011,0.019043,-0.0981445,0.979004,1.58691,-6.65283,0.305176,2764,2621,-6830,
0.00500011,0.019043,-0.0981445,0.979004,1.58691,-6.65283,0.305176,2763,2620,-6836,
0.00500011,0.019043,-0.0981445,0.979004,1.58691,-6.65283,0.305176,2762,2620,-6841,
0.00500011,0.019043,-0.0981445,0.979004,1.58691,-6.65283,0.305176,2761,2621,-6845,
0.00499916,0.0473633,-0.0532227,1.0166,-3.72314,-7.20215,4.82178,2761,2623,-6844,
0.00500011,0.0473633,-0.0532227,1.0166,-3.72314,-7.20215,4.82178,2760,2627,-6844,
0.00500011,0.0473633,-0.0532227,1.0166,-3.72314,-7.20215,4.82178,2757,2630,-6848,
0.00500011,0.0473633,-0.0532227,1.0166,-3.72314,-7.20215,4.82178,2754,2633,-6848,
0.00500011,0.0444336,-0.00585938,1.04785,-0.915527,1.89209,-0.183105,2749,2636,-6847,
0.00500011,0.0444336,-0.00585938,1.04785,-0.915527,1.89209,-0.183105,2746,2637,-6848,
0.00500011,0.0444336,-0.00585938,1.04785,-0.915527,1.89209,-0.183105,2743,2636,-6846,
0.00500011,0.0444336,-0.00585938,1.04785,-0.915527,1.89209,-0.183105,2742,2633,-6848,
0.00499916,0.0317383,-0.0478516,0.995605,7.87354,10.2539,-6.95801,2745,2630,-6852,
0.00500011,0.0317383,-0.0478516,0.995605,7.87354,10.2539,-6.95801,2750,2626,-6854,
0.00500011,0.0317383,-0.0478516,0.995605,7.87354,10.2539,-6.95801,2754,2623,-6855,
0.00500011,0.0317383,-0.0478516,0.995605,7.87354,10.2539,-6.95801,2759,2619,-6856,
0.00500011,0.0126953,-0.0917969,0.942871,5.37109,4.27246,-3.17383,2762,2616,-6855,
0.00500011,0.0126953,-0.0917969,0.942871,5.37109,4.27246,-3.17383,2763,2614,-6851,
0.00500011,0.0126953,-0.0917969,0.942871,5.37109,4.27246,-3.17383,2763,2612,-6852,
0.00500011,0.0126953,-0.0917969,0.942871,5.37109,4.27246,-3.17383,2763,2613,-6851,
0.00499916,0.0292969,-0.100586,0.987305,-0.305176,-2.86865,3.72314,2761,2614,-6852,
0.00500011,0.0292969,-0.100586,0.987305,-0.305176,-2.86865,3.72314,2760,2615,-6856,
0.00500011,0.0292969,-0.100586,0.987305,-0.305176,-2.86865,3.72314,2758,2616,-6858,
0.00500011,0.0292969,-0.100586,0.987305,-0.305176,-2.86865,3.72314,2757,2614,-6861,
0.00500011,0.0375977,-0.0737305,1.0166,-4.88281,-4.3335,8.72803,2757,2611,-6864,
0.00500011,0.0375977,-0.0737305,1.0166,-4.88281,-4.3335,8.72803,2757,2607,-6864,
0.00500011,0.0375977,-0.0737305,1.0166,-4.88281,-4.3335,8.72803,2756,2603,-6861,
0.00500011,0.0375977,-0.0737305,1.0166,-4.88281,-4.3335,8.72803,2756,2601,-6858,
0.00500011,0.0131836,-0.0117188,1.04736,1.58691,1.83105,3.54004,2757,2599,-6855,
0.00499916,0.0131836,-0.0117188,1.04736,1.58691,1.83105,3.54004,2757,2598,-6853,
0.00500011,0.0131836,-0.0117188,1.04736,1.58691,1.83105,3.54004,2758,2598,-6854,
0.00500011,0.0131836,-0.0117188,1.04736,1.58691,1.83105,3.54004,2760,2598,-6856,
0.00500011,-0.00244141,-0.0224609,1.02246,-0.366211,8.42285,-1.70898,2761,2597,-6857,
0.00500011,-0.00244141,-0.0224609,1.02246,-0.366211,8.42285,-1.70898,2762,2596,-6858,
0.00500011,-0.00244141,-0.0224609,1.02246,-0.366211,8.42285,-1.70898,2763,2594,-6860,
0.00500011,-0.00244141,-0.0224609,1.02246,-0.366211,8.42285,-1.70898,2765,2593,-6860,
0.00500011,-0.00195312,-0.0708008,0.982422,6.34766,10.3149,-2.99072,2767,2589,-6857,
0.00499916,-0.00195312,-0.0708008,0.982422,6.34766,10.3149,-2.99072,2770,2586,-6857,
0.00500011,-0.00195312,-0.0708008,0.982422,6.34766,10.3149,-2.99072,2771,2584,-6855,
0.00500011,-0.00195312,-0.0708008,0.982422,6.34766,10.3149,-2.99072,2773,2581,-6852,
0.00500011,-0.0166016,-0.101562,0.95459,3.54004,3.2959,1.15967,2775,2580,-6850,
0.00500011,-0.0166016,-0.101562,0.95459,3.54004,3.2959,1.15967,2778,2578,-6847,
0.00500011,-0.0166016,-0.101562,0.95459,3.54004,3.2959,1.15967,2781,2576,-6845,
0.00500011,-0.0166016,-0.101562,0.95459,3.54004,3.2959,1.15967,2784,2573,-6842,
0.00500011,-0.0136719,-0.0527344,0.998047,-9.46045,-6.22559,5.43213,2786,2572,-6843,
0.00499916,-0.0136719,-0.0527344,0.998047,-9.46045,-6.22559,5.43213,2787,2573,-6842,
0.00500011,-0.0136719,-0.0527344,0.998047,-9.46045,-6.22559,5.43213,2788,2577,-6839,
0.00500011,-0.0136719,-0.0527344,0.998047,-9.46045,-6.22559,5.43213,2791,2580,-6835,
0.00500011,0.0078125,-0.0410156,1.03223,-5.85938,-2.44141,1.70898,2792,2584,-6832,
0.00500011,0.0078125,-0.0410156,1.03223,-5.85938,-2.44141,1.70898,2793,2585,-6831,
0.00500011,0.0078125,-0.0410156,1.03223,-5.85938,-2.44141,1.70898,2792,2584,-6832,
0.00500011,0.0078125,-0.0410156,1.03223,-5.85938,-2.44141,1.70898,2791,2585,-6831,
0.00500011,-0.00390625,-0.0712891,0.986328,1.58691,1.64795,-1.09863,2790,2585,-6832,
0.00500011,-0.00390625,-0.0712891,0.986328,1.58691,1.64795,-1.09863,2792,2584,-6829,
0.00499916,-0.00390625,-0.0712891,0.986328,1.58691,1.64795,-1.09863,2793,2586,-6827,
0.00500011,-0.00390625,-0.0712891,0.986328,1.58691,1.64795,-1.09863,2793,2586,-6826,
0.00500011,-0.0263672,-0.050293,0.979004,1.46484,-2.80762,1.09863,2792,2585,-6826,
0.00500011,-0.0263672,-0.050293,0.979004,1.46484,-2.80762,1.09863,2792,2583,-6829,
0.00500011,-0.0263672,-0.050293,0.979004,1.46484,-2.80762,1.09863,2791,2581,-6831,
0.00500011,-0.0263672,-0.050293,0.979004,1.46484,-2.80762,1.09863,2792,2577,-6830,
0.00500011,-0.000976562,-0.0566406,1.0083,3.96729,-0.732422,-0.488281,2794,2575,-6828,
0.00500011,-0.000976562,-0.0566406,1.0083,3.96729,-0.732422,-0.488281,2795,2572,-6830,
0.00499916,-0.000976562,-0.0566406,1.0083,3.96729,-0.732422,-0.488281,2796,2572,-6830,
0.00500011,-0.000976562,-0.0566406,1.0083,3.96729,-0.732422,-0.488281,2797,2572,-6832,
0.00500011,-0.00976562,-0.0493164,0.987305,-4.08936,-1.89209,-0.488281,2795,2573,-6837,
0.00500011,-0.00976562,-0.0493164,0.987305,-4.08936,-1.89209,-0.488281,2795,2577,-6840,
0.00500011,-0.00976562,-0.0493164,0.987305,-4.08936,-1.89209,-0.488281,2795,2579,-6841,
0.00500011,-0.00976562,-0.0493164,0.987305,-4.08936,-1.89209,-0.488281,2794,2581,-6848,
0.00500011,0.00244141,-0.0527344,0.986816,-7.32422,-4.21143,-0.854492,2795,2583,-6851,
0.00500011,0.00244141,-0.0527344,0.986816,-7.32422,-4.21143,-0.854492,2794,2585,-6854,
0.00499916,0.00244141,-0.0527344,0.986816,-7.32422,-4.21143,-0.854492,2794,2586,-6860,
0.00500011,0.00244141,-0.0527344,0.986816,-7.32422,-4.21143,-0.854492,2794,2587,-6859,
0.00500011,0.0239258,-0.0625,1.01611,-2.62451,-2.0752,-2.86865,2795,2588,-6857,
0.00500011,0.0239258,-0.0625,1.01611,-2.62451,-2.0752,-2.86865,2794,2587,-6855,
0.00500011,0.0239258,-0.0625,1.01611,-2.62451,-2.0752,-2.86865,2790,2587,-6851,
0.00500011,0.0239258,-0.0625,1.01611,-2.62451,-2.0752,-2.86865,2785,2587,-6850,
0.00500011,0.0205078,-0.0795898,1.00195,1.77002,0.427246,-3.05176,2778,2589,-6850,
0.00500011,0.0205078,-0.0795898,1.00195,1.77002,0.427246,-3.05176,2774,2593,-6848,
0.00500011,0.0205078,-0.0795898,1.00195,1.77002,0.427246,-3.05176,2773,2597,-6844,
0.00499916,0.0205078,-0.0795898,1.00195,1.77002,0.427246,-3.05176,2771,2602,-6841,
0.00500011,0.00292969,-0.0600586,1.00293,-7.38525,-0.732422,0.427246,2770,2605,-6838,
0.00500011,0.00292969,-0.0600586,1.00293,-7.38525,-0.732422,0.427246,2770,2608,-6835,
0.00500011,0.00292969,-0.0600586,1.00293,-7.38525,-0.732422,0.427246,2767,2612,-6835,
0.00500011,0.00292969,-0.0600586,1.00293,-7.38525,-0.732422,0.427246,2764,2616,-6838,
0.00500011,0.0239258,-0.0673828,0.980469,-3.90625,-2.80762,0.488281,2761,2619,-6840,
0.00500011,0.0239258,-0.0673828,0.980469,-3.90625,-2.80762,0.488281,2759,2622,-6841,
0.00500011,0.0239258,-0.0673828,0.980469,-3.90625,-2.80762,0.488281,2758,2622,-6837,
0.00499916,0.0239258,-0.0673828,0.980469,-3.90625,-2.80762,0.488281,2758,2621,-6832,
0.00500011,0.0439453,-0.0654297,1.01025,2.0752,-3.2959,-0.488281,2757,2621,-6831,
0.00500011,0.0439453,-0.0654297,1.01025,2.0752,-3.2959,-0.488281,2757,2621,-6829,
0.00500011,0.0439453,-0.0654297,1.01025,2.0752,-3.2959,-0.488281,2756,2621,-6833,
0.00500011,0.0439453,-0.0654297,1.01025,2.0752,-3.2959,-0.488281,2757,2621,-6835,
0.00500011,0.0644531,-0.0673828,1.03857,2.44141,1.15967,-1.77002,2758,2621,-6836,
0.00500011,0.0644531,-0.0673828,1.03857,2.44141,1.15967,-1.77002,2759,2623,-6834,
0.00500011,0.0644531,-0.0673828,1.03857,2.44141,1.15967,-1.77002,2759,2624,-6829,
0.00499916,0.0644531,-0.0673828,1.03857,2.44141,1.15967,-1.77002,2761,2624,-6825,
0.00500011,0.0263672,-0.0727539,0.99707,2.0752,4.88281,-1.70898,2762,2624,-6821,
0.00500011,0.0263672,-0.0727539,0.99707,2.0752,4.88281,-1.70898,2764,2624,-6820,
0.00500011,0.0263672,-0.0727539,0.99707,2.0752,4.88281,-1.70898,2767,2625,-6818,
0.00500011,0.0263672,-0.0727539,0.99707,2.0752,4.88281,-1.70898,2769,2625,-6818,
0.00500011,0.00830078,-0.0878906,0.96875,-1.77002,2.0752,1.83105,2771,2625,-6818,
0.00500011,0.00830078,-0.0878906,0.96875,-1.77002,2.0752,1.83105,2771,2625,-6820,
0.00500011,0.00830078,-0.0878906,0.96875,-1.77002,2.0752,1.83105,2771,2624,-6821,
0.00500011,0.00830078,-0.0878906,0.96875,-1.77002,2.0752,1.83105,2769,2624,-6818,
0.00499916,0.00244141,-0.0786133,0.971191,-1.52588,-2.50244,4.82178,2768,2622,-6820,
0.00500011,0.00244141,-0.0786133,0.971191,-1.52588,-2.50244,4.82178,2765,2620,-6820,
0.00500011,0.00244141,-0.0786133,0.971191,-1.52588,-2.50244,4.82178,2762,2620,-6822,
0.00500011,0.00244141,-0.0786133,0.971191,-1.52588,-2.50244,4.82178,2758,2620,-6829,
0.00500011,-0.0078125,-0.0332031,1.00146,-5.37109,-2.99072,5.31006,2757,2620,-6833,
0.00500011,-0.0078125,-0.0332031,1.00146,-5.37109,-2.99072,5.31006,2757,2622,-6836,
0.00500011,-0.0078125,-0.0332031,1.00146,-5.37109,-2.99072,5.31006,2759,2623,-6837,
0.00500011,-0.0078125,-0.0332031,1.00146,-5.37109,-2.99072,5.31006,2762,2624,-6835,
0.00499916,0.00830078,-0.0488281,1.01758,-1.70898,-0.305176,0.244141,2762,2625,-6835,
0.00500011,0.00830078,-0.0488281,1.01758,-1.70898,-0.305176,0.244141,2761,2627,-6836,
0.00500011,0.00830078,-0.0488281,1.01758,-1.70898,-0.305176,0.244141,2758,2629,-6835,
0.00500011,0.00830078,-0.0488281,1.01758,-1.70898,-0.305176,0.244141,2757,2629,-6836,
0.00500011,0.0112305,-0.0683594,1.02246,2.92969,3.2959,-2.92969,2756,2631,-6840,
0.00500011,0.0112305,-0.0683594,1.02246,2.92969,3.2959,-2.92969,2757,2632,-6842,
0.00500011,0.0112305,-0.0683594,1.02246,2.92969,3.2959,-2.92969,2759,2631,-6844,
0.00500011,0.0112305,-0.0683594,1.02246,2.92969,3.2959,-2.92969,2760,2633,-6847,
0.00499916,0.012207,-0.0922852,0.989746,2.99072,3.84521,-1.52588,2761,2634,-6847,
0.00500011,0.012207,-0.0922852,0.989746,2.99072,3.84521,-1.52588,2761,2635,-6848,
0.00500011,0.012207,-0.0922852,0.989746,2.99072,3.84521,-1.52588,2761,2637,-6849,
0.00500011,0.012207,-0.0922852,0.989746,2.99072,3.84521,-1.52588,2762,2639,-6849,
0.00500011,-0.00341797,-0.0786133,0.978516,-2.13623,-2.31934,3.17383,2762,2640,-6851,
0.00500011,-0.00341797,-0.0786133,0.978516,-2.13623,-2.31934,3.17383,2765,2641,-6849,
0.00500011,-0.00341797,-0.0786133,0.978516,-2.13623,-2.31934,3.17383,2766,2642,-6846,
0.00500011,-0.00341797,-0.0786133,0.978516,-2.13623,-2.31934,3.17383,2766,2643,-6842,
0.00500011,0.00390625,-0.0439453,1.02197,-3.54004,-2.62451,3.2959,2766,2643,-6835,
0.00499916,0.00390625,-0.0439453,1.02197,-3.54004,-2.62451,3.2959,2765,2644,-6831,
0.00500011,0.00390625,-0.0439453,1.02197,-3.54004,-2.62451,3.2959,2761,2644,-6830,
0.00500011,0.00390625,-0.0439453,1.02197,-3.54004,-2.62451,3.2959,2759,2645,-6832,
0.00500011,-0.00390625,-0.0288086,1.01123,-3.2959,0.0610352,-0.976562,2758,2646,-6833,
0.00500011,-0.00390625,-0.0288086,1.01123,-3.2959,0.0610352,-0.976562,2758,2646,-6835,
0.00500011,-0.00390625,-0.0288086,1.01123,-3.2959,0.0610352,-0.976562,2759,2647,-6835,
0.00500011,-0.00390625,-0.0288086,1.01123,-3.2959,0.0610352,-0.976562,2759,2648,-6835,
0.00500011,0.00488281,-0.0654297,0.995605,-0.488281,0,-4.08936,2761,2650,-6834,
0.00499916,0.00488281,-0.0654297,0.995605,-0.488281,0,-4.08936,2762,2652,-6833,
0.00500011,0.00488281,-0.0654297,0.995605,-0.488281,0,-4.08936,2761,2655,-6830,
0.00500011,0.00488281,-0.0654297,0.995605,-0.488281,0,-4.08936,2760,2659,-6831,
0.00500011,0.0146484,-0.0957031,0.992188,2.74658,-0.793457,-3.78418,2758,2661,-6829,
0.00500011,0.0146484,-0.0957031,0.992188,2.74658,-0.793457,-3.78418,2757,2663,-6830,
0.00500011,0.0146484,-0.0957031,0.992188,2.74658,-0.793457,-3.78418,2756,2665,-6831,
0.00500011,0.0146484,-0.0957031,0.992188,2.74658,-0.793457,-3.78418,2756,2666,-6830,
0.00500011,0.0258789,-0.0976562,0.989258,2.2583,-1.70898,1.40381,2755,2665,-6829,
0.00499916,0.0258789,-0.0976562,0.989258,2.2583,-1.70898,1.40381,2753,2664,-6826,
0.00500011,0.0258789,-0.0976562,0.989258,2.2583,-1.70898,1.40381,2753,2660,-6825,
0.00500011,0.0258789,-0.0976562,0.989258,2.2583,-1.70898,1.40381,2752,2659,-6823,
0.00500011,0.0209961,-0.0483398,1.01953,-2.0752,-1.64795,3.35693,2754,2658,-6823,
0.00500011,0.0209961,-0.0483398,1.01953,-2.0752,-1.64795,3.35693,2753,2660,-6824,
0.00500011,0.0209961,-0.0483398,1.01953,-2.0752,-1.64795,3.35693,2753,2663,-6825,
0.00500011,0.0209961,-0.0483398,1.01953,-2.0752,-1.64795,3.35693,2753,2665,-6827,
0.00500011,0.0117188,-0.0332031,1.01318,-0.671387,2.44141,-1.15967,2752,2666,-6827,
0.00500011,0.0117188,-0.0332031,1.01318,-0.671387,2.44141,-1.15967,2752,2666,-6826,
0.00499916,0.0117188,-0.0332031,1.01318,-0.671387,2.44141,-1.15967,2753,2664,-6827,
0.00500011,0.0117188,-0.0332031,1.01318,-0.671387,2.44141,-1.15967,2754,2661,-6826,
0.00500011,0,-0.0639648,0.987793,5.18799,4.39453,-4.88281,2756,2659,-6828,
0.00500011,0,-0.0639648,0.987793,5.18799,4.39453,-4.88281,2757,2657,-6832,
0.00500011,0,-0.0639648,0.987793,5.18799,4.39453,-4.88281,2759,2659,-6832,
0.00500011,0,-0.0639648,0.987793,5.18799,4.39453,-4.88281,2762,2661,-6831,
0.00500011,-0.00146484,-0.0820312,0.976074,-0.366211,0.305176,-2.19727,2764,2664,-6830,
0.00500011,-0.00146484,-0.0820312,0.976074,-0.366211,0.305176,-2.19727,2767,2665,-6829,
0.00499916,-0.00146484,-0.0820312,0.976074,-0.366211,0.305176,-2.19727,2769,2665,-6829,
0.00500011,-0.00146484,-0.0820312,0.976074,-0.366211,0.305176,-2.19727,2770,2662,-6831,
0.00500011,0.0146484,-0.0952148,0.979492,-2.38037,-3.72314,1.2207,2770,2660,-6832,
0.00500011,0.0146484,-0.0952148,0.979492,-2.38037,-3.72314,1.2207,2771,2659,-6832,
0.00500011,0.0146484,-0.0952148,0.979492,-2.38037,-3.72314,1.2207,2770,2658,-6832,
0.00500011,0.0146484,-0.0952148,0.979492,-2.38037,-3.72314,1.2207,2769,2659,-6829,
0.00500011,0.0112305,-0.0585938,1.01465,-9.27734,-5.24902,4.3335,2769,2660,-6830,
0.00500011,0.0112305,-0.0585938,1.01465,-9.27734,-5.24902,4.3335,2767,2662,-6827,
0.00499916,0.0112305,-0.0585938,1.01465,-9.27734,-5.24902,4.3335,2765,2664,-6827,
0.00500011,0.0112305,-0.0585938,1.01465,-9.27734,-5.24902,4.3335,2763,2669,-6830,
0.00500011,0.027832,-0.0478516,1.02686,-8.97217,-0.366211,1.64795,2761,2671,-6832,
0.00500011,0.027832,-0.0478516,1.02686,-8.97217,-0.366211,1.64795,2760,2672,-6836,
0.00500011,0.027832,-0.0478516,1.02686,-8.97217,-0.366211,1.64795,2759,2674,-6839,
0.00500011,0.027832,-0.0478516,1.02686,-8.97217,-0.366211,1.64795,2758,2674,-6838,
0.00500011,0.0253906,-0.0732422,1.00146,1.0376,4.5166,-3.11279,2759,2674,-6837,
0.00500011,0.0253906,-0.0732422,1.00146,1.0376,4.5166,-3.11279,2758,2676,-6836,
0.00500011,0.0253906,-0.0732422,1.00146,1.0376,4.5166,-3.11279,2760,2675,-6835,
0.00499916,0.0253906,-0.0732422,1.00146,1.0376,4.5166,-3.11279,2763,2674,-6834,
0.00500011,0.0185547,-0.09375,0.968262,6.5918,2.13623,-2.44141,2765,2673,-6834,
0.00500011,0.0185547,-0.09375,0.968262,6.5918,2.13623,-2.44141,2766,2672,-6832,
0.00500011,0.0185547,-0.09375,0.968262,6.5918,2.13623,-2.44141,2766,2672,-6829,
0.00500011,0.0185547,-0.09375,0.968262,6.5918,2.13623,-2.44141,2764,2674,-6831,
0.00500011,0.00634766,-0.0849609,0.973633,7.01904,-1.52588,-0.305176,2762,2673,-6835,
0.00500011,0.00634766,-0.0849609,0.973633,7.01904,-1.52588,-0.305176,2760,2672,-6844,
0.00500011,0.00634766,-0.0849609,0.973633,7.01904,-1.52588,-0.305176,2757,2670,-6852,
